window,page,ai_impressions
3mo,/blog/myrtle-beach-dangerous-roads-intersections/,1429
3mo,/blog/how-car-insurers-use-private-investigators/,1324
3mo,/blog/how-pain-and-suffering-is-calculated-after-an-accident-in-georgia/,1215
3mo,/blog/can-someone-sue-me-for-a-car-accident/,1046
3mo,/blog/can-an-insurance-company-go-against-a-police-report/,916
3mo,/blog/switching-lawyers-during-a-case/,888
3mo,/blog/continuing-post-accident-medical-treatment/,876
3mo,/blog/nerve-damage-after-charleston-car-crash/,824
3mo,/,822
3mo,/blog/fault-vs-no-fault-car-insurance/,801
3mo,/blog/independent-medical-exams/,788
3mo,/blog/how-long-can-a-person-stay-on-workers-compensation/,786
3mo,/blog/georgia-pedestrian-right-of-way-laws/,763
3mo,/blog/maximum-medical-improvement-in-an-injury-claim/,761
3mo,/resources/south-carolina-car-seat-laws/,510
3mo,/blog/traffic-tickets-and-car-accident-claims/,492
3mo,/blog/informed-consent/,463
3mo,/blog/how-much-is-my-car-accident-claim-worth/,461
3mo,/blog/resolving-claims-through-arbitration/,456
3mo,/blog/value-of-pain-and-suffering/,453
3mo,/blog/georgia-super-speeder-law/,449
3mo,/blog/blind-spot-accidents/,438
3mo,/blog/medical-malpractice-limits-south-carolina/,414
3mo,/practice-areas/dog-bite-lawyers/dog-on-dog-attack/,409
28d,/,293
28d,/blog/fault-vs-no-fault-car-insurance/,223
28d,/blog/commercial-truck-accidents-who-is-at-fault/,158
28d,/blog/how-long-can-a-person-stay-on-workers-compensation/,130
28d,/blog/rollover-crashes-and-what-they-do-to-your-body/,108
28d,/blog/medical-malpractice-limits-south-carolina/,85
28d,/blog/can-an-insurance-company-go-against-a-police-report/,84
28d,/blog/rear-end-accident-injuries/,76
28d,/resources/south-carolina-car-seat-laws/,74
28d,/blog/rear-end-collision-liability/,69
