keys,clicks,impressions,ctr,position
https://rodenlaw.com/blog/category/personal-injury/,0,185622,0.00,75.1
https://rodenlaw.com/practice-areas/savannah/car-accident-lawyers/,6,162103,0.00,14.8
https://rodenlaw.com/blog/compensatory-damages-vs-punitive-damages/,558,155842,0.36,9.5
https://rodenlaw.com/practice-areas/charleston/car-accident-lawyers/,6,153465,0.00,27.8
https://rodenlaw.com/blog/value-of-pain-and-suffering/,1808,130138,1.39,18.7
https://rodenlaw.com/practice-areas/charleston/personal-injury-lawyer/,24,88664,0.03,50.4
https://rodenlaw.com/,502,81641,0.61,42.8
https://rodenlaw.com/blog/blunt-force-trauma-after-savannah-car-crash/,110,77126,0.14,11.7
https://rodenlaw.com/blog/calculating-compensation-for-whiplash-injuries/,118,69831,0.17,28.0
https://rodenlaw.com/practice-areas/savannah/personal-injury-lawyers/,1,67700,0.00,30.1
https://rodenlaw.com/practice-areas/albany/personal-injury-lawyers/,0,61258,0.00,26.8
https://rodenlaw.com/blog/supporting-a-whiplash-claim/,106,58481,0.18,38.3
https://rodenlaw.com/practice-areas/charleston/workers-compensation-lawyer/,2,56278,0.00,26.2
https://rodenlaw.com/practice-areas/charleston/boating-accident-lawyers/,0,53766,0.00,56.5
https://rodenlaw.com/blog/can-an-insurance-company-go-against-a-police-report/,785,50136,1.57,7.9
https://rodenlaw.com/practice-areas/boating-accident-lawyers/,0,46956,0.00,54.1
https://rodenlaw.com/practice-areas/savannah/workers-compensation-lawyers/,7,45685,0.02,16.1
https://rodenlaw.com/class-action/ozempic-lawsuits/,3,42646,0.01,58.7
https://rodenlaw.com/blog/fault-vs-no-fault-car-insurance/,81,41024,0.20,21.2
https://rodenlaw.com/practice-areas/savannah/slip-and-fall-attorneys/,6,40437,0.01,21.3
https://rodenlaw.com/blog/rollover-crashes-and-what-they-do-to-your-body/,230,36449,0.63,12.7
https://rodenlaw.com/practice-areas/charleston/wrongful-death-lawyers/,2,31639,0.01,18.8
https://rodenlaw.com/blog/claims-against-at-fault-drivers-who-died/,417,30405,1.37,16.3
https://rodenlaw.com/practice-areas/savannah/truck-accident-lawyers/,4,30389,0.01,19.3
https://rodenlaw.com/practice-areas/charleston/truck-accident-lawyers/,0,26155,0.00,23.7
https://rodenlaw.com/practice-areas/brunswick/personal-injury-lawyer/,5,25907,0.02,25.4
https://rodenlaw.com/practice-areas/charleston/dog-bite-lawyers/,4,25843,0.02,20.3
https://rodenlaw.com/practice-areas/savannah/medical-malpractice-attorneys/,4,25618,0.02,13.7
https://rodenlaw.com/blog/impaired-driving-caused-by-prescription-medications/,39,24550,0.16,6.0
https://rodenlaw.com/practice-areas/macon/personal-injury-lawyers/,0,24474,0.00,56.6
https://rodenlaw.com/practice-areas/charleston/nursing-home-abuse-attorneys/,0,24027,0.00,25.2
https://rodenlaw.com/blog/liability-for-epilepsy-related-car-accidents/,404,22785,1.77,11.9
https://rodenlaw.com/class-action/paraquat-lawsuits/,5,22662,0.02,45.5
https://rodenlaw.com/practice-areas/burn-injury-lawyers/,6,22471,0.03,40.7
https://rodenlaw.com/blog/georgia-super-speeder-law/,40,20470,0.20,18.9
https://rodenlaw.com/practice-areas/macon/workers-compensation-lawyers/,0,19081,0.00,18.9
https://rodenlaw.com/practice-areas/brunswick/car-accident-lawyer/,0,19026,0.00,22.6
https://rodenlaw.com/practice-areas/charleston/motorcycle-accident-lawyers/,0,18732,0.00,31.8
https://rodenlaw.com/blog/releasing-medical-records/,63,17515,0.36,28.9
https://rodenlaw.com/blog/are-red-light-runners-always-liable-if-they-crash/,336,17349,1.94,12.1
https://rodenlaw.com/blog/gym-injury-liability/,143,17118,0.84,26.9
https://rodenlaw.com/es/areas-de-practica/abogado-de-accidente-de-auto/,0,17112,0.00,51.5
https://rodenlaw.com/practice-areas/charleston/medical-malpractice-attorney/,1,17004,0.01,59.5
https://rodenlaw.com/practice-areas/charleston/slip-and-fall-lawyer/,1,16608,0.01,28.7
https://rodenlaw.com/blog/when-does-a-sprained-ankle-become-a-work-injury/,172,16558,1.04,19.1
https://rodenlaw.com/blog/truck-accident-injuries/,9,15684,0.06,17.5
https://rodenlaw.com/blog/burn-injury-workers-compensation/,124,15648,0.79,27.1
https://rodenlaw.com/practice-areas/savannah/car-accident-lawyers/hit-and-run-accidents/,2,15379,0.01,62.3
https://rodenlaw.com/blog/liability-for-crash-due-to-tire-blowout-in-savannah/,135,15050,0.90,17.7
https://rodenlaw.com/class-action/hair-relaxer-cancer-lawsuits/,2,15006,0.01,63.2
https://rodenlaw.com/practice-areas/savannah/nursing-home-abuse-attorneys/bedsores/,2,14727,0.01,39.0
https://rodenlaw.com/blog/longshoreman-injury-claims/,3,14481,0.02,63.8
https://rodenlaw.com/blog/highway-hypnosis-what-it-is-why-it-is-a-crash-risk/,23,14126,0.16,12.1
https://rodenlaw.com/blog/insurance-company-ignoring-demand-letter/,255,14067,1.81,15.4
https://rodenlaw.com/practice-areas/personal-injury-lawyers/,7,13554,0.05,38.1
https://rodenlaw.com/class-action/afff-firefighting-foam-lawsuits/,6,13502,0.04,58.1
https://rodenlaw.com/practice-areas/savannah/nursing-home-abuse-attorneys/,3,13247,0.02,28.6
https://rodenlaw.com/blog/four-common-construction-accidents/,5,13199,0.04,39.4
http://rodenlaw.com/blog/value-of-pain-and-suffering/,181,13114,1.38,13.8
https://rodenlaw.com/practice-areas/charleston/product-liability-lawyers/,1,12830,0.01,24.0
https://rodenlaw.com/blog/contingency-fee-system/,9,12822,0.07,26.1
https://rodenlaw.com/blog/damage-coverage-for-stolen-car/,24,12525,0.19,32.8
https://rodenlaw.com/blog/rear-end-collision-liability/,32,12522,0.26,37.8
https://rodenlaw.com/blog/answering-insurance-questions-after-crash/,54,12484,0.43,14.5
https://rodenlaw.com/practice-areas/savannah/slip-and-fall-attorneys/premises-liability/,2,12444,0.02,20.9
https://rodenlaw.com/class-action/troubled-teen-industry-abuse/,83,12442,0.67,19.3
https://rodenlaw.com/class-action-lawyers/defective-products/roundup-lawsuit/,6,12421,0.05,61.0
https://rodenlaw.com/blog/using-uninsured-underinsured-motorist-coverage-in-georgia/,88,12300,0.72,27.3
https://rodenlaw.com/blog/negligence-vs-gross-negligence/,71,12121,0.59,26.7
https://rodenlaw.com/who-we-are/attorneys/,97,11758,0.82,17.2
https://rodenlaw.com/blog/impact-of-surgery-recommendation/,143,11729,1.22,19.4
https://rodenlaw.com/practice-areas/savannah/dog-bite-lawyers/,6,11099,0.05,34.0
https://rodenlaw.com/practice-areas/savannah/medical-malpractice-attorneys/orthopedic-injury/,4,10789,0.04,41.6
https://rodenlaw.com/blog-compensatory-damages-vs-punitive-damages/,30,10583,0.28,9.9
https://rodenlaw.com/practice-areas/product-liability-lawyers/,2,10474,0.02,48.9
https://rodenlaw.com/charleston/boating-accident-lawyers/,0,10420,0.00,48.3
https://rodenlaw.com/blog/leg-pain-and-leg-injuries-from-crash/,50,10266,0.49,21.0
https://rodenlaw.com/practice-areas/charleston/car-accident-lawyers/?utm_campaign=gmb,68,10114,0.67,18.5
https://rodenlaw.com/practice-areas/macon/car-accident-lawyers/,0,10053,0.00,41.8
https://rodenlaw.com/practice-areas/macon/truck-accident-lawyers/,0,9943,0.00,36.3
https://rodenlaw.com/practice-areas/savannah/burn-injury-lawyers/,1,9815,0.01,45.0
https://rodenlaw.com/blog/georgia-law-on-steps-after-car-accident/,30,9757,0.31,20.6
https://rodenlaw.com/blog/proving-back-pain-after-savannah-car-crash/,0,9423,0.00,40.5
https://rodenlaw.com/blog/does-workers-compensation-cover-prescriptions/,30,9382,0.32,19.8
https://rodenlaw.com/practice-areas/savannah/car-accident-lawyers/bike-accidents/,0,9317,0.00,19.5
https://rodenlaw.com/practice-areas/brunswick/motorcycle-accident-lawyers/,0,9308,0.00,46.8
https://rodenlaw.com/blog/what-happens-if-i-resign-while-on-workers-compensation/,109,9091,1.20,18.4
https://rodenlaw.com/blog/dangers-of-emotional-driving-in-savannah-ga/,31,9057,0.34,8.7
https://rodenlaw.com/blog/2017-safest-college-campuses-in-georgia/,36,8990,0.40,6.1
https://rodenlaw.com/blog/filing-medication-error-lawsuit/,13,8930,0.15,45.4
https://rodenlaw.com/practice-areas/savannah/medical-malpractice-attorneys/dental-negligence/,8,8896,0.09,52.6
https://rodenlaw.com/blog/steps-of-a-burn-injury-case/,9,8855,0.10,33.1
https://rodenlaw.com/practice-areas/savannah/wrongful-death-lawyers/,0,8848,0.00,13.7
https://rodenlaw.com/who-we-are/attorneys/eric-roden/,87,8620,1.01,7.8
https://rodenlaw.com/blog/uturn-crash-liability-in-charleston/,32,8503,0.38,21.7
https://rodenlaw.com/blog/understanding-vicarious-liability/,12,8357,0.14,39.4
https://rodenlaw.com/class-action-lawyers/defective-medical-devices/stryker-hip-implant-lawsuit/,10,8328,0.12,40.0
https://rodenlaw.com/practice-areas/macon/motorcycle-accident-lawyers/,0,8303,0.00,16.8
https://rodenlaw.com/blog/how-car-insurers-use-private-investigators/,32,8238,0.39,38.3
https://rodenlaw.com/blog/mistakes-charleston-slip-and-fall-victims-make/,0,8162,0.00,35.9
https://rodenlaw.com/practice-areas/brunswick/medical-malpractice-attorney/,0,8153,0.00,15.4
https://rodenlaw.com/blog/recovering-damages-with-pre-existing-injuries/,39,7851,0.50,21.5
https://rodenlaw.com/practice-areas/coronavirus-business-claims/,0,7810,0.00,54.7
https://rodenlaw.com/blog/liability-in-a-driverless-car-crash/,25,7794,0.32,21.4
https://rodenlaw.com/practice-areas/macon/wrongful-death-lawyers/,0,7780,0.00,27.7
https://rodenlaw.com/blog/determining-liability-for-crash-at-four-way-stop-sign/,67,7751,0.86,13.9
https://rodenlaw.com/blog/feeling-fatigued-after-charleston-car-accident/,47,7705,0.61,9.7
https://rodenlaw.com/blog/much-worth-ga-worker-compared-states/,12,7691,0.16,49.9
https://rodenlaw.com/blog/liability-for-accidents-with-borrowed-vehicles/,74,7560,0.98,18.1
https://rodenlaw.com/practice-areas/albany/truck-accident-lawyers/,0,7400,0.00,47.5
https://rodenlaw.com/blog/steps-after-hit-and-run-accident/,16,7277,0.22,38.0
https://rodenlaw.com/blog/truck-accident-reconstruction/,3,7199,0.04,43.3
https://rodenlaw.com/blog/independent-medical-exams/,43,7134,0.60,18.5
https://rodenlaw.com/class-action-lawyers/,2,7011,0.03,46.7
https://rodenlaw.com/blog/hearing-loss-after-charleston-car-accident/,57,6881,0.83,23.4
https://rodenlaw.com/blog/dealing-with-uber-lyft-accident/,3,6875,0.04,38.6
http://rodenlaw.com/blog/compensatory-damages-vs-punitive-damages/,21,6746,0.31,8.5
https://rodenlaw.com/practice-areas/savannah/car-accident-lawyers/pedestrian-accidents/,0,6710,0.00,22.8
https://rodenlaw.com/class-action-lawyers/dangerous-drugs/truvada-lawsuit/,13,6690,0.19,25.4
https://rodenlaw.com/blog/passenger-car-accident-claim/,3,6659,0.05,57.7
https://rodenlaw.com/blog/why-mitigate-damages-after-a-car-crash/,62,6599,0.94,16.4
https://rodenlaw.com/blog/steps-take-slip-fall-accident-georgia/,5,6554,0.08,52.5
https://rodenlaw.com/blog/what-to-do-if-your-georgia-police-report-is-wrong-or-has-mistakes/,26,6539,0.40,32.4
https://rodenlaw.com/blog/does-worker-compensation-cover-employee-negligence/,36,6295,0.57,9.3
https://rodenlaw.com/practice-areas/savannah/construction-accident-lawyers/,1,6283,0.02,29.9
https://rodenlaw.com/blog/value-of-car-crash-claim-if-permanent-injuries/,15,6280,0.24,40.4
https://rodenlaw.com/blog/georgia-car-seat-law-overview/,3,6236,0.05,29.1
https://rodenlaw.com/contact-us/,21,6190,0.34,10.7
https://rodenlaw.com/blog/major-injuries-from-minor-car-accidents/,20,6100,0.33,23.0
https://rodenlaw.com/blog/liability-for-sudden-emergency-accidents/,18,6076,0.30,10.8
https://rodenlaw.com/blog/wearing-headphones-while-driving-in-charleston/,24,5999,0.40,17.4
https://rodenlaw.com/blog/liability-waivers-and-injury-lawsuits/,41,5953,0.69,20.4
https://rodenlaw.com/practice-areas/savannah/maritime-lawyers/,11,5874,0.19,28.2
https://rodenlaw.com/blog/when-to-call-charleston-personal-injury-lawyer/,5,5833,0.09,45.9
https://rodenlaw.com/practice-areas/savannah/brain-injury-lawyers/,0,5825,0.00,17.5
https://rodenlaw.com/blog/dangerous-tools-garage/,41,5776,0.71,12.9
https://rodenlaw.com/blog/workers-comp-benefits-georgia-taxable/,13,5647,0.23,50.6
http://rodenlaw.com/class-action/ozempic-lawsuits/,0,5608,0.00,55.0
https://rodenlaw.com/blog/benefits-for-workplace-violence/,33,5601,0.59,29.5
https://rodenlaw.com/practice-areas/brain-injury-lawyers/,0,5559,0.00,49.1
https://rodenlaw.com/blog/how-to-handle-calls-from-insurance-companies/,14,5439,0.26,16.6
https://rodenlaw.com/blog/personal-injury-calculating-loss-of-earning-capacity/,12,5391,0.22,25.7
https://rodenlaw.com/blog/car-insurance-add-ons/,12,5328,0.23,13.6
https://rodenlaw.com/es/areas-de-practica/abogados-de-compensacion-de-trabajo/,2,5308,0.04,54.5
https://rodenlaw.com/blog/driving-tips-around-trucks/,5,5296,0.09,17.6
https://rodenlaw.com/practice-areas/maritime-lawyers/,5,5248,0.10,59.9
https://rodenlaw.com/class-action/camp-lejeune-lawsuits/,2,5243,0.04,60.1
https://rodenlaw.com/blog/charleston-car-crash-facial-injuries/,4,5222,0.08,45.0
https://rodenlaw.com/blog/letters-of-protection-for-injury-victims/,22,5158,0.43,21.9
https://rodenlaw.com/practice-areas/medical-malpractice-attorneys/,2,5138,0.04,56.2
https://rodenlaw.com/blog/what-to-do-when-you-are-in-a-car-accident/,4,5109,0.08,57.2
https://rodenlaw.com/blog/certification-of-permanent-injury/,39,4942,0.79,7.7
https://rodenlaw.com/blog-understanding-eye-injuries-after-a-savannah-car-accident/,18,4918,0.37,28.1
https://rodenlaw.com/blog/liability-for-school-bus-crash/,5,4885,0.10,50.0
https://rodenlaw.com/class-action-lawyers/dangerous-drugs/invokana-lawsuit/,1,4873,0.02,35.3
https://rodenlaw.com/practice-areas/savannah/medical-malpractice-attorneys/medication-errors/,3,4862,0.06,49.3
https://rodenlaw.com/blog/do-you-need-a-workers-compensation-lawyer/,0,4787,0.00,47.1
https://rodenlaw.com/blog/pedestrian-liability-for-car-accidents/,8,4769,0.17,36.6
https://rodenlaw.com/blog/demand-letters-in-personal-injury-cases/,5,4751,0.11,51.7
https://rodenlaw.com/blog/animal-accident-insurance-coverage/,9,4742,0.19,28.0
https://rodenlaw.com/blog/options-for-denied-injury-claims/,11,4735,0.23,25.5
https://rodenlaw.com/blog/knee-injuries-after-georgia-car-crash/,5,4731,0.11,39.8
https://rodenlaw.com/blog/the-role-of-vocational-rehabilitation-in-workers-compensation-cases/,8,4662,0.17,42.2
https://rodenlaw.com/practice-areas/macon/dog-bite-lawyers/,0,4574,0.00,17.6
https://rodenlaw.com/blog/maximum-medical-improvement-in-an-injury-claim/,47,4573,1.03,20.6
https://rodenlaw.com/blog/accident-claims-with-an-expired-license/,17,4533,0.38,19.5
https://rodenlaw.com/practice-areas/savannah/medical-malpractice-attorneys/psychiatric-negligence/,7,4491,0.16,36.6
https://rodenlaw.com/practice-area/dog-bite-lawyers/,0,4443,0.00,45.8
https://rodenlaw.com/who-we-are/attorneys/tyler-love/,57,4441,1.28,31.6
https://rodenlaw.com/blog/steps-after-work-injury/,4,4425,0.09,50.1
https://rodenlaw.com/blog/duty-of-care-personal-injury-claim/,4,4424,0.09,40.2
https://rodenlaw.com/blog/resolving-claims-through-arbitration/,12,4411,0.27,22.8
https://rodenlaw.com/practice-areas/spinal-cord-injury-lawyers/,0,4367,0.00,65.9
https://rodenlaw.com/practice-areas/savannah/motorcycle-accident-lawyers/,0,4333,0.00,18.5
https://rodenlaw.com/blog/benefits-of-hiring-personal-injury-lawyer/,1,4257,0.02,33.8
https://rodenlaw.com/class-action-lawyers/dangerous-drugs/onglyza-lawsuit/,0,4257,0.00,33.5
https://rodenlaw.com/class-action-lawyers/defective-medical-devices/ivc-blood-clot-filter-lawsuit/,0,4256,0.00,59.3
https://rodenlaw.com/practice-areas/savannah/product-liability-lawyers/,0,4224,0.00,21.1
https://rodenlaw.com/blog/nerve-damage-after-charleston-car-crash/,17,4181,0.41,28.2
https://rodenlaw.com/practice-areas/savannah/medical-malpractice-attorneys/cosmetic-surgery/,2,4139,0.05,61.2
https://rodenlaw.com/blog/advantages-of-a-medical-malpractice-attorney/,3,3975,0.08,37.6
https://rodenlaw.com/blog/liens-and-your-personal-injury-claims/,20,3932,0.51,34.6
https://rodenlaw.com/who-we-are/,4,3884,0.10,7.1
https://rodenlaw.com/practice-area/spinal-cord-injury-lawyer/,1,3878,0.03,61.3
https://rodenlaw.com/practice-areas/brunswick/workers-compensation-attorney/,3,3870,0.08,14.2
https://rodenlaw.com/blog/georgia-statute-of-limitations/,7,3835,0.18,18.6
https://rodenlaw.com/blog/discovery-process-in-personal-injury-cases/,10,3833,0.26,23.8
https://rodenlaw.com/practice-areas/macon/maritime-lawyers/,2,3675,0.05,63.4
https://rodenlaw.com/practice-areas/savannah/car-accident-lawyers/georgia-pip-insurance/,2,3649,0.05,37.1
https://rodenlaw.com/practice-areas/charleston/burn-injury-lawyers/,0,3642,0.00,14.2
https://rodenlaw.com/practice-areas/dog-bite-lawyers/,0,3628,0.00,44.4
https://rodenlaw.com/blog/when-do-injury-claims-go-to-court/,25,3591,0.70,24.5
https://rodenlaw.com/practice-areas/savannah/medical-malpractice-attorneys/ob-gyn-negligence/,0,3564,0.00,44.5
https://rodenlaw.com/blog/compensation-for-chronic-pain-after-a-car-crash-in-charleston/,9,3523,0.26,45.2
https://rodenlaw.com/blog/lawsuit-for-work-injury/,0,3491,0.00,58.3
https://rodenlaw.com/blog/charleston-car-crash-brain-injuries/,1,3480,0.03,67.4
https://rodenlaw.com/blog/how-loud-music-increases-crash-risk-charleston/,9,3463,0.26,18.5
https://rodenlaw.com/blog/legal-help-shoulder-injuries-after-charleston-car-crash/,1,3437,0.03,36.1
https://rodenlaw.com/blog/liability-for-crashes-caused-by-not-using-turn-signal/,11,3434,0.32,14.3
https://rodenlaw.com/class-action-lawyers/defective-products/talcum-powder-lawsuit/,1,3433,0.03,69.7
https://rodenlaw.com/savannah/spinal-cord-injury-lawyers/,0,3416,0.00,29.0
https://rodenlaw.com/practice-areas/albany/construction-accident-lawyers/,0,3382,0.00,58.6
https://rodenlaw.com/practice-areas/albany/workers-compensation-lawyer/,1,3368,0.03,37.2
https://rodenlaw.com/blog/is-workers-compensation-an-employee-benefit/,25,3346,0.75,22.9
https://rodenlaw.com/blog/hospital-liability-for-medical-malpractice/,8,3341,0.24,42.4
http://rodenlaw.com/blog/fault-vs-no-fault-car-insurance/,3,3312,0.09,17.8
https://rodenlaw.com/blog/workers-comp-for-carpal-tunnel-syndrome/,4,3306,0.12,56.6
https://rodenlaw.com/blog/determining-fault-in-multi-vehicle-accidents/,1,3296,0.03,38.7
https://rodenlaw.com/blog/legal-rights-after-memory-loss-savannah-crash/,3,3294,0.09,27.1
https://rodenlaw.com/blog/valid-premises-liability-claim-georgia/,5,3279,0.15,30.9
http://www.rodenlaw.com/,30,3272,0.92,18.4
https://rodenlaw.com/practice-areas/albany/medical-malpractice-attorney/,0,3267,0.00,46.9
https://rodenlaw.com/class-action-lawyers/dangerous-drugs/uloric-lawsuit/,4,3245,0.12,15.2
https://rodenlaw.com/blog/after-boat-accident-guide/,5,3211,0.16,39.5
https://rodenlaw.com/blog/car-accidents-on-i-26-in-north-charleston/,10,3199,0.31,40.5
https://rodenlaw.com/blog/hip-pain-after-car-accident-in-savannah/,0,3189,0.00,30.7
https://rodenlaw.com/practice-areas/macon/spinal-cord-injury-lawyers/,0,3186,0.00,21.2
https://rodenlaw.com/practice-areas/savannah/boating-accident-lawyers/,0,3164,0.00,35.8
https://rodenlaw.com/practice-areas/albany/brain-injury-lawyers/,0,3126,0.00,68.8
https://rodenlaw.com/blog/filing-a-claim-for-an-injured-minor/,24,3098,0.77,31.2
https://rodenlaw.com/blog/blind-spot-accidents/,12,3076,0.39,26.1
https://rodenlaw.com/practice-areas/construction-accident-lawyers/,1,2978,0.03,60.6
http://rodenlaw.com/practice-areas/savannah/truck-accident-lawyers/,0,2959,0.00,23.0
https://rodenlaw.com/blog/claims-for-lost-wages/,2,2948,0.07,27.2
https://rodenlaw.com/practice-areas/motorcycle-accident-lawyers/,0,2882,0.00,52.8
https://rodenlaw.com/blog/switching-lawyers-during-a-case/,4,2878,0.14,36.2
https://rodenlaw.com/blog/georgia-wrongful-death-lawsuit/,2,2872,0.07,54.9
https://rodenlaw.com/blog/blog-filing-soft-tissue-injury-claims-in-charleston/,6,2865,0.21,53.5
https://rodenlaw.com/blog/signs-of-concussion-from-car-crash/,0,2843,0.00,49.3
https://rodenlaw.com/blog/slip-and-fall-negligence-elements/,4,2830,0.14,44.0
https://rodenlaw.com/blog-calculating-compensation-for-whiplash-injuries/,3,2825,0.11,57.9
https://rodenlaw.com/case-results/,4,2820,0.14,58.4
https://rodenlaw.com/blog/accepting-a-cash-offer-after-savannah-car-crash/,9,2782,0.32,26.0
https://rodenlaw.com/blog/reasons-for-workers-comp-claim-denial/,11,2759,0.40,45.1
https://rodenlaw.com/practice-areas/truck-accident-lawyers/,0,2735,0.00,60.3
https://rodenlaw.com/practice-areas/savannah/medical-malpractice-attorneys/hospital-negligence/,5,2734,0.18,35.8
https://rodenlaw.com/practice-areas/savannah/savannah-car-accident-lawyers/,0,2723,0.00,82.3
https://rodenlaw.com/albany/medical-malpractice-attorney/,0,2714,0.00,44.5
https://rodenlaw.com/blog/is-there-a-limit-for-medical-negligence-claims/,1,2704,0.04,48.3
https://rodenlaw.com/blog/workers-comp-for-skin-cancer/,22,2666,0.83,43.6
https://rodenlaw.com/practice-areas/savannah/nursing-home-abuse-attorneys/malnutrition-and-dehydration/,1,2630,0.04,50.5
https://rodenlaw.com/practice-areas/savannah/car-accident-lawyers/bus-accidents/,0,2629,0.00,15.3
https://rodenlaw.com/blog/deposition-in-a-personal-injury-claim/,7,2614,0.27,38.1
https://rodenlaw.com/practice-areas/brunswick/truck-accident-lawyers/,0,2610,0.00,40.2
https://rodenlaw.com/determining-liability-for-crash-at-four-way-stop-sign/,23,2595,0.89,14.8
https://rodenlaw.com/blog/why-car-crashes-happen-close-to-home-charleston/,4,2479,0.16,33.4
https://rodenlaw.com/blog/why-injury-claims-may-be-delayed/,9,2434,0.37,25.5
https://rodenlaw.com/blog-liability-waivers-and-injury-lawsuits/,14,2398,0.58,20.8
https://rodenlaw.com/impaired-driving-caused-by-prescription-medications/,1,2385,0.04,3.2
https://rodenlaw.com/practice-area/car-accident-lawyer/,2,2377,0.08,39.5
http://rodenlaw.com/blog/how-car-insurers-use-private-investigators/,14,2347,0.60,22.4
https://rodenlaw.com/practice-areas/savannah/wrongful-death-lawyers/statute-of-limitations/,2,2345,0.09,44.3
https://rodenlaw.com/practice-areas/savannah/wrongful-death-lawyers/georgia-punitive-damages-lawyer/,6,2314,0.26,29.3
https://rodenlaw.com/blog/informed-consent/,7,2304,0.30,36.8
https://rodenlaw.com/blog/refusing-opioid-prescription-in-workers-comp-claim/,11,2267,0.49,32.1
https://rodenlaw.com/blog/brain-injury-claim/,0,2253,0.00,52.0
https://rodenlaw.com/blog-what-happens-if-i-resign-while-on-workers-compensation/,16,2245,0.71,22.3
https://rodenlaw.com/blog/compensation-while-not-wearing-seat-belt/,15,2237,0.67,28.4
https://rodenlaw.com/blog/liability-for-roundabout-crashes-in-charleston/,7,2232,0.31,23.3
https://rodenlaw.com/practice-area/burn-injury-lawyer/,1,2162,0.05,38.0
https://rodenlaw.com/blog/liability-for-crashes-caused-by-teen-drivers/,10,2154,0.46,18.2
https://rodenlaw.com/blog/third-party-fault-for-work-injuries/,16,2141,0.75,18.1
https://rodenlaw.com/blog/choking-at-nursing-homes/,6,2141,0.28,38.0
https://rodenlaw.com/blog/qualifications-for-car-accident-witnesses/,9,2129,0.42,28.7
https://rodenlaw.com/practice-areas/albany/dog-bite-lawyers/,0,2110,0.00,16.4
https://rodenlaw.com/blog/what-happens-to-workers-comp-if-employer-bankrupts/,43,2075,2.07,7.2
https://rodenlaw.com/blog/continuing-post-accident-medical-treatment/,3,2073,0.14,30.0
https://rodenlaw.com/practice-areas/macon/product-liability-lawyers/,0,2062,0.00,13.1
http://rodenlaw.com/blog/calculating-compensation-for-whiplash-injuries/,3,2048,0.15,30.3
https://rodenlaw.com/blog-steps-of-a-burn-injury-case/,2,2036,0.10,27.8
https://rodenlaw.com/blog/charleston-lyft-driver-ran-red-light-and-hit-my-car/,1,2021,0.05,41.2
https://rodenlaw.com/blog/roadway-hazard-auto-accident/,10,2019,0.50,18.6
https://rodenlaw.com/practice-areas/charleston/brain-injury-lawyers/,0,2014,0.00,19.1
https://rodenlaw.com/practice-areas/savannah/nursing-home-abuse-lawyers/,0,2011,0.00,21.2
https://rodenlaw.com/blog/changing-workers-comp-doctors-in-georgia/,22,2003,1.10,23.2
https://rodenlaw.com/who-we-are/attorneys/ivy-montano/,41,2000,2.05,29.5
https://rodenlaw.com/practice-areas/nursing-home-abuse-attorneys/,1,1984,0.05,51.2
https://rodenlaw.com/blog/road-hazard-car-accident-liability/,5,1972,0.25,40.8
https://rodenlaw.com/blog/what-to-do-if-your-workers-compensation-claim-is-denied/,0,1958,0.00,53.2
https://rodenlaw.com/practice-areas/albany/motorcycle-accident-lawyers/,0,1930,0.00,22.9
https://rodenlaw.com/blog/liability-for-backing-up-crashes-in-charleston/,9,1927,0.47,30.4
https://rodenlaw.com/blog/atm-attack-liability/,5,1893,0.26,21.6
https://rodenlaw.com/blog/who-pays-for-damages-from-t-bone-crashes-in-savannah/,2,1889,0.11,58.3
https://rodenlaw.com/mistakes-charleston-slip-and-fall-victims-make/,0,1865,0.00,45.2
https://rodenlaw.com/contact-us,0,1862,0.00,10.6
https://rodenlaw.com/attorney/who-we-are-attorneys-tyler-love/,6,1856,0.32,16.2
https://rodenlaw.com/practice-areas/albany/wrongful-death-lawyers/,0,1847,0.00,38.8
https://rodenlaw.com/brunswick/personal-injury-lawyer/,0,1837,0.00,19.9
https://rodenlaw.com/blog/category/car-accident/,5,1836,0.27,32.8
https://rodenlaw.com/blog/stomach-pain-after-a-car-accident-in-charleston/,6,1822,0.33,27.6
https://rodenlaw.com/practice-areas/brunswick/brain-injury-lawyers/,0,1816,0.00,43.6
https://rodenlaw.com/blog/free-consultation-with-charleston-personal-injury-lawyer/,1,1792,0.06,30.3
https://rodenlaw.com/blog/car-accidents-and-daylight-savings-time/,0,1777,0.00,21.0
https://rodenlaw.com/blog/workers-compensation-claim-process-georgia/,0,1767,0.00,49.3
https://rodenlaw.com/class-action-lawyers,0,1763,0.00,32.6
https://rodenlaw.com/practice-areas/charleston/spinal-cord-injury-lawyers/,0,1755,0.00,19.3
https://rodenlaw.com/who-we-are/attorneys/kiley-reidy/,17,1749,0.97,39.0
https://rodenlaw.com/blog/safe-driving-in-construction-zones/,2,1737,0.12,18.8
https://rodenlaw.com/blog/tactics-insurers-use-to-deny-crash-claims-charleston/,5,1735,0.29,43.6
https://rodenlaw.com/blog/liability-for-charleston-underride-truck-crashes/,0,1731,0.00,35.6
https://rodenlaw.com/practice-area/boating-accident-lawyer/,0,1730,0.00,49.5
http://rodenlaw.com/practice-areas/brunswick/personal-injury-lawyer/,0,1717,0.00,30.0
https://rodenlaw.com/blog/legal-options-after-rideshare-crash-in-charleston/,1,1716,0.06,68.2
https://rodenlaw.com/blog/overview-georgia-distracted-driving-laws/,0,1705,0.00,34.2
https://rodenlaw.com/blog/follow-doctors-orders-after-accident/,6,1660,0.36,8.7
https://rodenlaw.com/blog/dangerous-rural-crashes-in-charleston/,2,1631,0.12,33.9
https://rodenlaw.com/blog/5-most-common-types-of-medical-malpractice-in-2023/,6,1626,0.37,54.1
http://rodenlaw.com/blog/can-an-insurance-company-go-against-a-police-report/,9,1622,0.55,6.5
https://rodenlaw.com/blog/paying-medical-bills-during-a-claim/,4,1597,0.25,40.7
https://rodenlaw.com/who-we-are/attorneys/ja-moore/,11,1591,0.69,16.2
https://rodenlaw.com/blog/charleston-reckless-driving-crash/,0,1591,0.00,44.4
https://rodenlaw.com/blog/work-zone-car-accident-liability/,4,1584,0.25,47.2
https://rodenlaw.com/blog/driving-record-and-injury-claim/,6,1555,0.39,33.2
https://rodenlaw.com/blog/dog-bite-prevention-tips/,1,1551,0.06,25.8
https://rodenlaw.com/who-we-are/attorneys/jeff-fitzpatrick-jr/,20,1529,1.31,49.8
https://rodenlaw.com/practice-areas/savannah/medical-malpractice-attorneys/misdiagnosis/,0,1521,0.00,56.2
https://rodenlaw.com/practice-area/covid-19-business-insurance-claims-lawyers/,0,1519,0.00,33.4
https://rodenlaw.com/should-i-worry-if-i-have-stomach-pain-after-a-car-accident-in-charleston/,2,1505,0.13,28.1
https://rodenlaw.com/blog-independent-medical-exams/,4,1503,0.27,36.7
https://rodenlaw.com/practice-areas/albany/nursing-home-abuse-lawyers/,1,1498,0.07,19.1
https://rodenlaw.com/blog/college-campus-safety-tips-every-student-should-know/,4,1497,0.27,25.3
https://rodenlaw.com/blog/documents-for-personal-injury-claim/,2,1489,0.13,28.8
https://rodenlaw.com/practice-areas/macon/boating-accident-lawyers/,0,1474,0.00,50.7
https://rodenlaw.com/practice-areas/charleston/construction-accident-lawyers/,0,1473,0.00,25.4
https://rodenlaw.com/blog/how-to-spot-distracted-drivers-ten-signs-savannah-ga/,2,1469,0.14,18.8
https://rodenlaw.com/blog/fault-for-car-accident/,5,1465,0.34,38.6
https://rodenlaw.com/blog/using-dashcams-as-evidence-of-fault-in-a-car-accident/,2,1420,0.14,36.0
https://rodenlaw.com/blog/personal-injury-lawsuit-steps/,1,1415,0.07,66.3
https://rodenlaw.com/practice-areas/albany/burn-injury-lawyer/,0,1397,0.00,52.5
https://rodenlaw.com/blog/georgia-law-on-tailgating-accident-liability/,10,1379,0.73,28.7
https://rodenlaw.com/blog/returning-to-work-too-soon-charleston-crash/,5,1341,0.37,16.3
https://rodenlaw.com/practice-areas/macon/construction-accident-lawyers/,0,1338,0.00,17.4
https://rodenlaw.com/blog/common-workplace-injuries-georgia/,8,1337,0.60,36.9
https://rodenlaw.com/practice-areas/macon/burn-injury-lawyers/,0,1307,0.00,40.0
https://rodenlaw.com/blog/can-witnesses-be-forced-to-testify-in-car-crash-case/,8,1292,0.62,25.7
https://rodenlaw.com/practice-areas/albany/,0,1284,0.00,82.5
https://rodenlaw.com/blog/third-party-liability-for-work-injury/,4,1283,0.31,38.1
https://rodenlaw.com/blog/teenagers-and-driving-distracted/,0,1276,0.00,34.4
https://rodenlaw.com/who-we-are/attorneys/joshua-dorminy/,57,1275,4.47,19.8
https://rodenlaw.com/blog/charleston-parking-lot-car-accident-liability/,5,1271,0.39,39.0
https://rodenlaw.com/blog/common-driver-distractions/,0,1269,0.00,31.1
https://rodenlaw.com/blog-georgia-super-speeder-law/,0,1264,0.00,43.0
https://rodenlaw.com/blog/liability-for-crashes-in-heavy-rainfall/,5,1259,0.40,25.4
https://rodenlaw.com/blog/how-spinal-cord-injuries-affect-you/,0,1258,0.00,48.4
http://rodenlaw.com/blog/filing-a-claim-for-an-injured-minor/,9,1247,0.72,37.2
https://rodenlaw.com/blog/traffic-tickets-and-car-accident-claims/,9,1235,0.73,31.0
https://rodenlaw.com/blog/settle-workers-comp-case/,3,1228,0.24,65.7
https://rodenlaw.com/blog/what-is-the-role-of-a-personal-injury-lawyer-in-a-case/,0,1225,0.00,44.1
https://rodenlaw.com/practice-area/maritime-lawyer/,0,1220,0.00,75.6
https://rodenlaw.com/practice-areas/savannah/nursing-home-abuse-attorneys/faqs/,0,1218,0.00,31.0
https://rodenlaw.com/attorney/who-we-are-attorneys-eric-roden/,9,1188,0.76,8.8
https://rodenlaw.com/practice-areas/workers-compensation-lawyers/,2,1115,0.18,71.8
https://rodenlaw.com/blog/punitive-damages-in-drunk-driving-accident/,8,1078,0.74,25.4
https://rodenlaw.com/blog/nursing-home-abuse-warning-signs/,1,1056,0.09,59.9
https://rodenlaw.com/blog/avoiding-motorcycle-crash-injuries/,1,1039,0.10,34.2
https://rodenlaw.com/blog/accident-my-fault-can-i-receive-workers-comp/,7,1038,0.67,22.8
https://rodenlaw.com/blog/safe-bike-riding-georgias-roadways/,6,1031,0.58,26.0
https://rodenlaw.com/blog/importance-of-eyewitness-testimony/,2,1027,0.19,17.3
https://rodenlaw.com/blog/car-accidents-on-coleman-boulevard/,4,1021,0.39,56.5
https://rodenlaw.com/blog/workers-comp-medical-coverage/,0,1013,0.00,49.7
https://rodenlaw.com/blog/liability-for-brake-checking-crashes-charleston/,5,1003,0.50,25.9
https://rodenlaw.com/practice-areas/brunswick/wrongful-death-lawyers/,0,997,0.00,32.3
https://rodenlaw.com/blog/why-get-black-box-data-after-truck-crash-savannah/,0,988,0.00,48.4
https://rodenlaw.com/blog/first-steps-in-a-medical-malpractice-case/,4,982,0.41,37.1
https://rodenlaw.com/blog-value-of-pain-and-suffering/,3,980,0.31,38.9
https://rodenlaw.com/blog/category/truck-accident/,2,977,0.20,31.9
http://rodenlaw.com/blog/feeling-fatigued-after-charleston-car-accident/,4,972,0.41,9.5
https://rodenlaw.com/blog-driving-tips-around-trucks/,0,949,0.00,10.4
https://rodenlaw.com/blog/can-passengers-be-at-fault-for-a-savannah-crash/,2,947,0.21,17.3
https://rodenlaw.com/blog/financial-abuse-at-nursing-homes/,1,946,0.11,28.8
https://rodenlaw.com/who-we-are/attorneys/graeham-c-gillin/,66,940,7.02,32.2
http://rodenlaw.com/blog/insurance-company-ignoring-demand-letter/,11,928,1.19,17.5
https://rodenlaw.com/blog/how-do-i-know-if-i-have-a-medical-malpractice-case/,0,915,0.00,48.8
https://rodenlaw.com/blog/safety-tips-driving-work-zones-georgia/,3,905,0.33,43.2
https://www.rodenlaw.com/brunswick/personal-injury-lawyer/?utm_source=google&utm_medium=gmb&utm_campaign=gmb-listing-brunswick,8,895,0.89,10.8
https://rodenlaw.com/blog/benefits-of-an-accident-reconstructionist/,2,895,0.22,20.7
https://rodenlaw.com/blog/taxes-on-car-crash-settlement-in-georgia/,3,894,0.34,27.2
https://rodenlaw.com/blog-maximum-medical-improvement-in-an-injury-claim/,12,890,1.35,23.4
https://rodenlaw.com/blog/why-driving-while-hungover-is-a-dangerous-savannah-crash-risk/,2,882,0.23,15.5
https://rodenlaw.com/blog-recovering-damages-with-pre-existing-injuries/,3,881,0.34,25.9
https://rodenlaw.com/blog/how-long-can-a-person-stay-on-workers-compensation/,1,877,0.11,61.4
https://rodenlaw.com/blog/liability-in-head-on-collisions-savannah-ga/,3,876,0.34,43.6
https://rodenlaw.com/blog/second-opinion-for-charleston-car-crash-injuries/,0,862,0.00,33.4
https://rodenlaw.com/blog/i-26-i-526-truck-accidents-what-to-do-whos-liable/,6,856,0.70,27.0
https://rodenlaw.com/blog/turkey-fryer-injury-claims/,2,854,0.23,34.7
https://rodenlaw.com/blog/what-if-i-suspect-medical-malpractice/,3,840,0.36,14.4
https://rodenlaw.com/rollover-crashes-and-what-they-do-to-your-body/,1,837,0.12,27.7
https://rodenlaw.com/blog/dangerous-savannah-intersections/,4,834,0.48,25.1
https://rodenlaw.com/blog/appealing-a-denied-workers-compensation-claim/,0,832,0.00,45.3
https://rodenlaw.com/blog-truck-accident-liability/,0,827,0.00,56.2
https://rodenlaw.com/blog/car-insurance-claim-denial-tactics/,0,823,0.00,31.7
https://rodenlaw.com/blog/why-should-i-hire-an-accident-lawyer-after-an-accident/,0,807,0.00,60.7
https://rodenlaw.com/albany/spinal-cord-injury-lawyers/,0,795,0.00,88.0
https://rodenlaw.com/testimonials/,6,788,0.76,23.6
https://rodenlaw.com/blog/georgia-comparative-negligence-law/,1,785,0.13,33.0
https://rodenlaw.com/savannah/dog-bite-lawyers/,0,783,0.00,45.8
https://rodenlaw.com/practice-area/construction-accident-lawyers/,0,769,0.00,50.0
http://rodenlaw.com/blog/highway-hypnosis-what-it-is-why-it-is-a-crash-risk/,2,768,0.26,17.6
https://rodenlaw.com/blog/car-crash-crush-injuries-in-charleston/,3,764,0.39,22.5
https://rodenlaw.com/blog/sapelo-island-ferry-dock-collapse-causing-fatality-and-serious-injuries/,3,754,0.40,24.7
https://rodenlaw.com/blog-negligence-vs-gross-negligence/,3,739,0.41,12.3
https://rodenlaw.com/blog/steps-after-truck-accident/,1,729,0.14,35.3
https://rodenlaw.com/who-we-are/attorneys/zach-stohr/,31,728,4.26,35.4
https://rodenlaw.com/blog/drunk-pedestrian-injury-claims/,13,722,1.80,16.8
https://rodenlaw.com/blog/workers-compensation-car-accident/,2,721,0.28,47.7
https://rodenlaw.com/practice-area/brain-injury-lawyer/,0,721,0.00,57.4
https://rodenlaw.com/blog/legal-rights-if-hit-by-driver-in-company-car-charleston/,6,706,0.85,26.3
https://rodenlaw.com/es/,0,705,0.00,48.7
https://rodenlaw.com/blog/benefit-of-a-personal-injury-pain-diary/,5,698,0.72,16.9
https://rodenlaw.com/blog/what-to-do-after-a-car-crash-on-savannah-highway/,0,697,0.00,10.1
https://rodenlaw.com/blog/drowsy-driving-epidemic-georgia/,4,681,0.59,24.9
https://rodenlaw.com/blog/steps-after-dog-bite/,0,674,0.00,43.4
https://rodenlaw.com/truck-accident-lawyer-2/,0,672,0.00,49.1
https://rodenlaw.com/practice-areas/slip-and-fall-attorneys/,0,668,0.00,29.2
https://rodenlaw.com/blog/valuing-compensation-for-a-personal-injury/,1,655,0.15,45.7
https://rodenlaw.com/blog-claims-against-at-fault-drivers-who-died/,9,653,1.38,15.6
https://rodenlaw.com/blog/highway-road-shoulder-accidents-in-charleston/,0,638,0.00,18.7
https://rodenlaw.com/practice-areas/savannah/medical-malpractice-attorneys/surgical-errors/,0,635,0.00,24.1
https://rodenlaw.com/practice-areas/brunswick/slip-and-fall-lawyer/,0,633,0.00,24.5
https://rodenlaw.com/practice-areas/brunswick/spinal-cord-injury-lawyers/,0,633,0.00,12.0
https://rodenlaw.com/blog/18-wheeler-wrecks-on-the-arthur-ravenel-jr-bridge-us-17/,7,632,1.11,11.9
https://rodenlaw.com/practice-area/truck-accident-lawyer/,0,630,0.00,52.7
http://rodenlaw.com/blog/claims-against-at-fault-drivers-who-died/,11,619,1.78,15.1
https://rodenlaw.com/blog/impaired-driving-caused-by-prescription-medications/#illegal,0,613,0.00,9.5
https://rodenlaw.com/blog/impaired-driving-caused-by-prescription-medications/#lead,0,613,0.00,9.5
https://rodenlaw.com/practice-areas/,0,609,0.00,6.6
https://rodenlaw.com/blog/steps-to-secure-fair-compensation-after-a-car-accident/,0,607,0.00,20.9
https://rodenlaw.com/blog-truck-accident-injuries/,0,605,0.00,38.0
https://rodenlaw.com/blog-after-boat-accident-guide/,3,601,0.50,21.8
https://rodenlaw.com/brunswick/practice-areas/,0,599,0.00,65.3
https://rodenlaw.com/blog/dui-accidents/,0,598,0.00,38.1
https://rodenlaw.com/blog/what-to-do-after-a-hit-and-run-in-downtown-charleston/,3,596,0.50,23.8
https://rodenlaw.com/blog-the-most-common-causes-of-truck-accidents/,0,594,0.00,64.5
https://rodenlaw.com/blog/charleston-rideshare-brake-failure-accident/,0,594,0.00,75.0
https://rodenlaw.com/liability-for-charleston-underride-truck-crashes/,0,570,0.00,35.2
https://rodenlaw.com/practice-area/psychiatric-malpracticesavannah-psychiatric-malpractice-lawyers/,0,565,0.00,39.6
https://rodenlaw.com/contact-us/?utm_source=GMB&utm_medium=local&utm_campaign=CharlestonSCGMB,1,561,0.18,15.8
https://rodenlaw.com/blog/overloaded-semi-trucks-accidents-on-charleston-highways/,2,557,0.36,20.0
https://rodenlaw.com/blog/a-step-by-step-guide-for-folly-road-car-accidents/,1,557,0.18,11.0
https://rodenlaw.com/practice-areas/macon/brain-injury-lawyers/,0,553,0.00,13.3
https://rodenlaw.com/uturn-crash-liability-in-charleston/,1,551,0.18,33.9
https://rodenlaw.com/blog-are-accident-lawyers-worth-it/,0,550,0.00,73.2
https://rodenlaw.com/blog/how-do-i-know-if-i-have-a-personal-injury-case/,0,546,0.00,52.1
https://rodenlaw.com/practice-areas/brunswick/boating-accident-lawyers/,0,538,0.00,44.9
https://rodenlaw.com/blog-georgia-car-seat-law-overview/,0,535,0.00,26.0
https://rodenlaw.com/practice-areas/car-accident-lawyers/,1,524,0.19,45.7
https://rodenlaw.com/practice-areas/charleston/car-accident-lawyers/?utm_campaign=gbp_charleston,2,518,0.39,21.9
https://rodenlaw.com/blog/how-delayed-injuries-could-impact-your-charleston-car-crash-claim/,0,518,0.00,37.5
https://rodenlaw.com/practice-areas/brunswick/burn-injury-lawyers/,1,514,0.19,46.1
https://rodenlaw.com/blog/police-report-as-proof-of-liability/,2,508,0.39,13.9
https://rodenlaw.com/why-get-black-box-data-after-truck-crash-savannah/,0,505,0.00,41.4
https://rodenlaw.com/blog/why-are-highway-road-shoulder-accidents-in-charleston-dangerous/,2,500,0.40,19.3
https://rodenlaw.com/practice-area-location/savannah/savannah-wrongful-death/,0,493,0.00,56.7
http://rodenlaw.com/es/,0,491,0.00,43.4
https://rodenlaw.com/staff/marina-baldwin/,3,483,0.62,47.0
https://rodenlaw.com/blog/hearing-loss-after-charleston-car-accident/#car,0,473,0.00,9.0
https://rodenlaw.com/blog/workers-compensation-benefit-types/,0,473,0.00,53.8
https://rodenlaw.com/savannah/practice-areas/,0,473,0.00,64.6
https://rodenlaw.com/practice-areas/wrongful-death-lawyers/,0,465,0.00,48.5
https://rodenlaw.com/blog/options-for-recovering-more-than-policy-limits/,9,462,1.95,10.3
https://rodenlaw.com/car-crash-crush-injuries-in-charleston/,1,452,0.22,24.7
https://rodenlaw.com/blog/a-guide-to-car-wrecks-on-aviation-avenue-near-charleston-airport/,3,451,0.67,40.2
https://rodenlaw.com/who-we-are/attorneys/leah-crane/,1,451,0.22,30.2
https://rodenlaw.com/nerve-damage-after-charleston-car-crash/,2,450,0.44,46.9
https://rodenlaw.com/blog/beginning-motorcycle-biker-risks/,1,446,0.22,15.8
https://rodenlaw.com/blog/steps-after-slip-and-fall-injury/,0,446,0.00,69.7
https://rodenlaw.com/blog/savannah-ppi-attorney/,0,438,0.00,37.0
https://rodenlaw.com/staff/stephanie-aguirre/,7,435,1.61,14.9
https://rodenlaw.com/blog/who-may-be-liable-for-a-parking-lot-car-accident-in-charleston/,1,429,0.23,25.0
https://rodenlaw.com/practice-areas/albany/car-accident-lawyers/,1,427,0.23,64.6
https://rodenlaw.com/blog/getting-the-full-compensation-you-deserve-after-a-car-accident/,0,422,0.00,12.9
https://rodenlaw.com/blog/hearing-loss-after-charleston-car-accident/#type,0,421,0.00,9.0
https://rodenlaw.com/blog/should-i-file-a-personal-injury-or-a-workers-compensation-claim/,0,416,0.00,65.3
https://rodenlaw.com/practice-area/nursing-home-abuse-attorneys/,0,411,0.00,52.0
https://rodenlaw.com/blog-continuing-post-accident-medical-treatment/,0,410,0.00,31.1
https://rodenlaw.com/blog/summer-driving-safety-tips/,1,404,0.25,19.2
https://rodenlaw.com/blog/georgia-worker-injury-statistics-prevention/,3,398,0.75,28.8
https://rodenlaw.com/overloaded-semi-trucks-accidents-on-charleston-highways/,1,397,0.25,23.5
https://rodenlaw.com/practice-areas/savannah/,0,397,0.00,22.6
https://rodenlaw.com/blog/hearing-loss-after-charleston-car-accident/#proving,0,394,0.00,9.0
https://rodenlaw.com/blog/aggressive-driving-in-georgia/,5,393,1.27,28.5
https://rodenlaw.com/practice-areas/brunswick/construction-accident-lawyers/,0,387,0.00,59.1
https://rodenlaw.com/blog/truck-accident-liability/,0,385,0.00,48.4
https://rodenlaw.com/practice-area/motorcycle-accident-lawyers/,0,385,0.00,53.6
https://rodenlaw.com/blog/safest-hospitals-georgia/,7,379,1.85,30.6
https://rodenlaw.com/wearing-headphones-while-driving-in-charleston/,3,379,0.79,16.8
https://rodenlaw.com/practice-areas/albany/boating-accident-lawyers/,0,379,0.00,43.3
https://rodenlaw.com/blog-qualifications-for-car-accident-witnesses/,0,376,0.00,26.8
https://rodenlaw.com/blog/when-does-workers-compensation-stop-paying/,1,372,0.27,58.5
https://rodenlaw.com/blog/car-accidents-on-coleman-boulevard-in-mount-pleasant/,4,370,1.08,35.7
https://rodenlaw.com/practice-areas/charleston/,0,368,0.00,49.6
https://rodenlaw.com/blog/child-passenger-automobile-safety-georgia/,1,366,0.27,11.4
https://www.rodenlaw.com/contact-us/?utm_source=google&utm_medium=gmb&utm_campaign=gmb-appt-savannah,1,361,0.28,11.9
https://rodenlaw.com/blog-truck-accident-reconstruction/,0,361,0.00,22.0
https://rodenlaw.com/blog-liability-for-epilepsy-related-car-accidents/,5,360,1.39,17.2
https://rodenlaw.com/charleston-parking-lot-car-accident-liability/,1,360,0.28,30.6
https://rodenlaw.com/blog/avoiding-bicycle-accidents/,0,355,0.00,65.3
https://rodenlaw.com/blog-free-consultation-with-charleston-personal-injury-lawyer/,0,340,0.00,35.7
https://rodenlaw.com/blog/witness-testimony/,1,339,0.29,54.0
http://rodenlaw.com/blog/determining-liability-for-crash-at-four-way-stop-sign/,1,336,0.30,19.3
https://rodenlaw.com/blog/how-long-can-someone-sue-you-after-a-car-accident/,0,330,0.00,43.3
https://rodenlaw.com/blog/what-are-the-benefits-of-hiring-a-workers-compensation-lawyer/,0,327,0.00,23.1
https://rodenlaw.com/blog/mediation-for-a-personal-injury-claim/,0,323,0.00,56.5
https://rodenlaw.com/blog/am-i-eligible-for-workers-compensation/,0,315,0.00,63.0
https://rodenlaw.com/staff/zoe-link/,16,312,5.13,5.8
https://rodenlaw.com/practice-areas/savannah/product-liability-lawyers/faq/,1,312,0.32,29.5
https://rodenlaw.com/blog/your-guide-to-documenting-a-james-island-parkway-car-accident/,0,310,0.00,18.9
http://rodenlaw.com/blog/gym-injury-liability/,2,306,0.65,39.2
https://rodenlaw.com/returning-to-work-too-soon-charleston-crash/,2,306,0.65,14.6
https://rodenlaw.com/blog/nursing-home-liability/,0,306,0.00,61.4
https://rodenlaw.com/blog-impact-of-surgery-recommendation/,1,305,0.33,21.2
https://rodenlaw.com/practice-areas/albany/product-liability-lawyers/,0,299,0.00,10.8
http://rodenlaw.com/blog/liability-for-epilepsy-related-car-accidents/,2,298,0.67,26.8
https://rodenlaw.com/why-are-highway-road-shoulder-accidents-in-charleston-dangerous/,1,298,0.34,27.0
https://rodenlaw.com/blog/charleston-delivery-truck-pedestrian-cyclist-accidents/,0,292,0.00,29.9
https://rodenlaw.com/practice-areas/savannah/coronavirus-business-claims/,0,291,0.00,53.7
https://rodenlaw.com/blog/choosing-your-personal-injury-lawyer/,0,286,0.00,60.8
https://rodenlaw.com/second-opinion-for-charleston-car-crash-injuries/,0,286,0.00,51.8
https://rodenlaw.com/blog/are-accident-lawyers-worth-it/,0,283,0.00,49.0
http://rodenlaw.com/blog/dangerous-tools-garage/,3,280,1.07,12.0
https://rodenlaw.com/blog/proving-negligence-personal-injury/,2,277,0.72,58.5
https://rodenlaw.com/blog/why-is-workers-compensation-so-important-to-have/,2,277,0.72,25.6
http://rodenlaw.com/blog/blind-spot-accidents/,0,275,0.00,19.7
https://rodenlaw.com/practice-areas/savannah/medical-malpractice-attorneys/faq/,0,273,0.00,47.4
https://rodenlaw.com/blog/choosing-the-right-nursing-home-for-your-loved-one/,0,272,0.00,73.3
https://rodenlaw.com/blog/protecting-child-burn-injuries-home/,1,271,0.37,20.3
http://rodenlaw.com/blog/when-does-a-sprained-ankle-become-a-work-injury/,2,265,0.75,29.4
http://rodenlaw.com/blog/negligence-vs-gross-negligence/,2,252,0.79,44.1
https://rodenlaw.com/practice-area/product-liability-lawyers/,1,251,0.40,54.6
https://rodenlaw.com/blog/charleston-car-crash-doctor-talk/,0,251,0.00,44.0
https://rodenlaw.com/testimonial/rebecca-harris/,4,250,1.60,14.5
https://rodenlaw.com/blog/calculating-pain-and-suffering-after-a-charleston-pedestrian-accident/,1,249,0.40,44.9
https://rodenlaw.com/blog/when-to-consider-settling-a-claim/,2,247,0.81,36.2
https://rodenlaw.com/blog/protect-child-dog-bite-injury/,3,245,1.22,31.9
https://rodenlaw.com/blog/,0,243,0.00,37.7
https://rodenlaw.com/blog/risk-of-refusing-medical-care-after-car-crash-charleston/,2,242,0.83,18.6
https://rodenlaw.com/feeling-fatigued-after-charleston-car-accident/,2,239,0.84,7.0
https://rodenlaw.com/blog/king-calhoun-intersection-car-collisions/,0,239,0.00,34.6
https://rodenlaw.com/blog/boating-safely-in-georgia/,0,238,0.00,54.3
https://rodenlaw.com/practice-areas/albany/slip-and-fall-lawyers/,0,237,0.00,24.2
https://rodenlaw.com/blog/wearing-headphones-while-driving-in-charleston/#wearing,1,234,0.43,4.2
https://rodenlaw.com/blog/negligence-and-18-wheeler-accidents/,0,228,0.00,61.4
https://rodenlaw.com/blog/what-to-know-about-chest-pain-after-a-savannah-car-crash/,0,223,0.00,73.8
https://rodenlaw.com/blog-5-benefits-of-hiring-a-truck-accident-attorney-in-2023/,1,221,0.45,31.9
https://rodenlaw.com/practice-area/personal-injury-lawyer/,0,219,0.00,29.7
https://rodenlaw.com/blog-certification-of-permanent-injury/,0,217,0.00,8.0
https://rodenlaw.com/practice-areas/brunswick/dog-bite-lawyers/,0,209,0.00,23.2
https://rodenlaw.com/blog/wearing-headphones-while-driving-in-charleston/#penalties,0,207,0.00,4.3
https://rodenlaw.com/blog-dangerous-tools-garage/,1,206,0.49,17.6
https://rodenlaw.com/practice-ares/savannah/savannah-slip-and-fall-accidents/,0,205,0.00,29.2
https://rodenlaw.com/blog/wearing-headphones-while-driving-in-charleston/#headphones,0,200,0.00,4.3
https://rodenlaw.com/blog/why-wont-a-personal-lawyer-take-my-case/,0,200,0.00,18.1
https://rodenlaw.com/blog/summer-road-trip-safety/,0,199,0.00,37.1
https://rodenlaw.com/savannah/medical-malpractice-attorneys/psychiatric-negligence/,2,196,1.02,40.0
https://rodenlaw.com/liability-for-roundabout-crashes-in-charleston/,0,192,0.00,27.3
https://rodenlaw.com/charleston/practice-areas/,0,186,0.00,16.0
https://rodenlaw.com/request-your-free-case-review-today-main_phone_number/,0,184,0.00,14.3
https://rodenlaw.com/blog/pedestrian-safety-georgia/,1,182,0.55,20.7
http://rodenlaw.com/blog/rollover-crashes-and-what-they-do-to-your-body/,1,177,0.56,12.6
https://rodenlaw.com/staff/maddie-dowling/,7,176,3.98,13.2
https://rodenlaw.com/blog/wearing-headphones-while-driving-in-charleston/#difference,0,173,0.00,4.4
https://rodenlaw.com/practice-area/wrongful-death-lawyer/,0,170,0.00,37.8
https://rodenlaw.com/blog/seven-safe-driving-tips/,0,169,0.00,62.8
https://rodenlaw.com/blog/i-was-in-a-car-accident-should-i-pursue-a-personal-injury-claim/,2,168,1.19,20.0
https://rodenlaw.com/legal-rights-if-hit-by-driver-in-company-car-charleston/,2,168,1.19,22.9
https://rodenlaw.com/practice-areas/albany/spinal-cord-injury-lawyers/,0,167,0.00,33.9
https://rodenlaw.com/blog/when-should-you-hire-an-attorney-after-being-in-an-accident/,0,163,0.00,54.8
https://rodenlaw.com/blog/what-are-the-benefits-of-workers-compensation-claims/,0,162,0.00,48.2
https://rodenlaw.com/blog/the-importance-of-gathering-evidence-after-a-motorcycle-accident/,0,159,0.00,21.3
https://rodenlaw.com/practice-areas/macon/nursing-home-abuse-attorneys/,0,159,0.00,17.3
https://rodenlaw.com/when-to-call-charleston-personal-injury-lawyer/,0,156,0.00,60.6
https://rodenlaw.com/blog/category/medical-malpractice/,1,155,0.65,75.1
https://rodenlaw.com/privacy-policy/,0,152,0.00,13.7
https://rodenlaw.com/staff/megan-socha/,3,151,1.99,10.2
https://rodenlaw.com/blog-liability-and-causes-for-backing-up-crashes-in-charleston/,2,151,1.32,27.3
https://rodenlaw.com/blog/trucking-regulations-and-accident-cases/,0,151,0.00,43.0
https://rodenlaw.com/blog/dangerous-products-child-will-find-around-house/,0,150,0.00,38.5
https://rodenlaw.com/blog/the-most-common-causes-of-truck-accidents/,0,150,0.00,77.4
https://rodenlaw.com/blog-commercial-truck-accidents-who-is-at-fault/,0,146,0.00,67.9
https://rodenlaw.com/blog/avoid-dangerous-medication-errors/,0,145,0.00,40.9
https://rodenlaw.com/charleston/personal-injury-lawyer/,0,144,0.00,34.2
https://rodenlaw.com/blog/filing-an-emotional-distress-claim-after-a-ravenel-bridge-accident/,4,141,2.84,14.8
https://rodenlaw.com/blog/what-to-do-after-a-bike-crash-on-charlestons-ravenel-bridge/,5,139,3.60,17.5
https://rodenlaw.com/compensation-for-chronic-pain-after-a-car-crash-in-charleston/,2,139,1.44,55.0
https://rodenlaw.com/blog-sapelo-island-ferry-dock-collapse-causing-fatality-and-serious-injuries/,0,138,0.00,31.3
https://rodenlaw.com/blog/page/22/,0,138,0.00,76.1
https://rodenlaw.com/blog-trucking-regulations-and-accident-cases/,0,129,0.00,43.6
https://rodenlaw.com/practice-areas/macon/,0,129,0.00,32.1
https://rodenlaw.com/blog-burn-injury-workers-compensation/,0,127,0.00,40.0
https://rodenlaw.com/blog/proving-pain-and-suffering-after-an-ashley-river-road-accident/,0,127,0.00,9.7
https://rodenlaw.com/blog/steps-to-take-if-you-are-involved-in-a-bicycle-hit-and-run/,0,127,0.00,49.6
https://rodenlaw.com/practice-areas/brunswick/nursing-home-abuse-lawyer/,0,125,0.00,21.1
https://rodenlaw.com/staff/logan-sudholz/,9,119,7.56,21.7
https://rodenlaw.com/blog/commercial-truck-accidents-who-is-at-fault/,0,118,0.00,63.1
http://rodenlaw.com/contact-us/,0,116,0.00,6.1
https://rodenlaw.com/why-mitigate-damages-after-a-car-crash/,0,114,0.00,41.2
http://rodenlaw.com/blog/liability-for-brake-checking-crashes-charleston/,0,113,0.00,28.2
https://rodenlaw.com/blog/why-is-having-a-personal-injury-lawyer-important/,0,113,0.00,28.6
https://rodenlaw.com/testimonial/ricky-h/,0,112,0.00,22.2
https://rodenlaw.com/hearing-loss-after-charleston-car-accident/,0,111,0.00,27.4
https://rodenlaw.com/blog/get-auto-accident-claim-georgia/,0,108,0.00,52.2
https://rodenlaw.com/blog/workers-compensation-2017/,0,106,0.00,51.2
https://rodenlaw.com/es,0,106,0.00,56.7
https://rodenlaw.com/blog/questions-about-filing-a-lawsuit/,0,105,0.00,32.7
https://rodenlaw.com/gracias-ppc-3/,0,105,0.00,45.1
https://rodenlaw.com/practice-areas,0,105,0.00,17.3
https://rodenlaw.com/blog-releasing-medical-records/,3,103,2.91,11.6
https://rodenlaw.com/testimonial/kmarieee-_/,1,101,0.99,10.1
http://rodenlaw.com/class-action-lawyers/defective-medical-devices/stryker-hip-implant-lawsuit/,1,100,1.00,16.7
https://www.rodenlaw.com/?utm_source=google&utm_medium=gmb&utm_campaign=gmb-listing-atlanta,2,99,2.02,4.4
http://rodenlaw.com/blog/wearing-headphones-while-driving-in-charleston/,0,99,0.00,19.7
https://rodenlaw.com/staff/logan-wiggins/,4,98,4.08,12.1
https://rodenlaw.com/practice-area/medical-malpractice-lawyers/,0,97,0.00,50.6
https://rodenlaw.com/blog/personal-injury-lawsuit-vs-insurance-claim/,0,94,0.00,9.7
https://rodenlaw.com/blog/category/labor-and-employment/,0,92,0.00,74.3
https://rodenlaw.com/attorney/kiley-reidy/,3,91,3.30,31.6
https://rodenlaw.com/value-of-car-crash-claim-if-permanent-injuries/,0,90,0.00,35.2
https://rodenlaw.com/blog/why-should-i-consult-a-personal-injury-lawyer-for-my-accident/,0,87,0.00,17.6
https://rodenlaw.com/testimonial/ben-young/,0,87,0.00,14.5
https://rodenlaw.com/blog/how-covid-19-affects-a-workers-comp-claim/,0,86,0.00,57.4
https://rodenlaw.com/blog-georgia-statute-of-limitations/,0,83,0.00,25.0
https://rodenlaw.com/category/truck-accident/,0,83,0.00,47.8
http://rodenlaw.com/blog/highway-road-shoulder-accidents-in-charleston/,0,81,0.00,28.9
https://rodenlaw.com/practice-areas/service-areas/,1,80,1.25,13.1
https://rodenlaw.com/case-result/525000-recovery-auto-accident/,0,78,0.00,48.6
https://rodenlaw.com/blog-negligence-and-18-wheeler-accidents/,1,77,1.30,46.8
https://rodenlaw.com/testimonial/nicole-barber/,1,76,1.32,23.6
https://rodenlaw.com/blog/a-cyclists-guide-after-a-ravenel-bridge-accident/,7,75,9.33,6.1
https://rodenlaw.com/testimonials,1,75,1.33,24.7
https://rodenlaw.com/practice-area/workers-compensation-lawyer/,0,75,0.00,33.8
https://rodenlaw.com/staff/dyanna-velez/,3,74,4.05,19.5
https://rodenlaw.com/practice-area/slip-and-fall-attorneys/,0,73,0.00,34.3
https://rodenlaw.com/blog-filing-soft-tissue-injury-claims-in-charleston/,0,71,0.00,47.9
https://rodenlaw.com/blog/should-i-worry-if-i-have-stomach-pain-after-a-car-accident-in-charleston/,0,71,0.00,19.6
https://rodenlaw.com/blog/what-to-do-after-a-truck-accident-on-i-526-in-charleston/,0,71,0.00,16.0
https://rodenlaw.com/testimonial/dante-williams-dante/,1,69,1.45,24.4
https://rodenlaw.com/what-to-do-after-a-truck-accident-on-i-526-in-charleston-2/,0,69,0.00,19.4
https://rodenlaw.com/blog/how-using-social-media-can-hurt-an-accident-claim/,0,68,0.00,25.6
https://rodenlaw.com/case-result/162500-settlement-premises-liability/,0,68,0.00,15.7
https://rodenlaw.com/blog/page/21/,0,67,0.00,10.9
https://rodenlaw.com/blog/tips-for-choosing-a-motor-vehicle-accident-attorney/,0,67,0.00,62.5
https://rodenlaw.com/staff/kelli-threm/,2,65,3.08,17.0
https://rodenlaw.com/blog/page/3/,0,65,0.00,18.7
https://rodenlaw.com/practice-area-location/savannah-medical-malpractice/,0,65,0.00,31.1
https://rodenlaw.com/blog/expert-witness-testimony/,0,64,0.00,67.4
https://rodenlaw.com/albany/burn-injury-lawyer/,0,62,0.00,54.1
https://rodenlaw.com/blog/page/20/,0,62,0.00,17.8
https://rodenlaw.com/category/charleston/,0,62,0.00,7.8
https://www.rodenlaw.com/?utm_source=google&utm_medium=gmb&utm_campaign=gmb-listing-jacksonville,2,60,3.33,13.9
https://rodenlaw.com/testimonial/megan-l/,0,59,0.00,16.4
https://rodenlaw.com/blog/your-guide-to-rideshare-accidents-in-downtown-charleston/,0,58,0.00,33.4
https://rodenlaw.com/category/car-accident/,0,58,0.00,17.7
https://rodenlaw.com/blog/social-media-personal-injury-claim/,0,57,0.00,25.0
https://rodenlaw.com/testimonial/bryant-grinnell/,0,57,0.00,16.9
https://rodenlaw.com/blog/medical-treatment-after-accident/,2,55,3.64,29.8
https://rodenlaw.com/blog/workers-compensation-faqs/,0,54,0.00,25.6
https://rodenlaw.com/class-action-lawyers/dangerous-drugs/,0,54,0.00,64.4
https://rodenlaw.com/blog/category/personal-injury/page/2/,0,53,0.00,58.8
https://rodenlaw.com/blog/start-personal-injury-claim-from-home/,0,53,0.00,15.6
https://rodenlaw.com/blog-liens-and-your-personal-injury-claims/,0,51,0.00,48.9
https://rodenlaw.com/testimonial/s-miller/,1,50,2.00,16.1
https://rodenlaw.com/blog/what-are-the-upsides-of-filing-a-personal-injury-lawsuit/,0,50,0.00,8.9
https://rodenlaw.com/case-result/125000-settlement-auto-accident-2/,1,49,2.04,6.9
https://rodenlaw.com/case-result/305000-settlement-premises-liability/,0,49,0.00,75.6
https://www.rodenlaw.com/contact-us/?utm_source=google&utm_medium=gmb&utm_campaign=gmb-appt-brunswick,0,49,0.00,15.7
https://rodenlaw.com/blog/7-mistakes-to-avoid-after-a-motorcycle-accident/,0,48,0.00,43.1
https://rodenlaw.com/case-result/27000000-settlement-truck-accidents/,2,47,4.26,9.3
https://rodenlaw.com/testimonial/ashley-b/,0,47,0.00,16.9
https://rodenlaw.com/blog/help-teen-safer-driver/,2,46,4.35,64.9
https://rodenlaw.com/case-result/350000-settlement-auto-accident/,2,45,4.44,7.6
https://rodenlaw.com/testimonial/lizzie-kirkley/,0,44,0.00,14.4
https://rodenlaw.com/who-we-are,0,44,0.00,3.9
https://rodenlaw.com/blog/determining-fault-in-a-charleston-golf-cart-accident/,0,43,0.00,7.8
https://rodenlaw.com/case-result/117500-recovery-truck-accidents/,0,43,0.00,14.1
https://rodenlaw.com/columbia-car-accident-lawyers/,0,42,0.00,77.6
https://rodenlaw.com/test/,0,42,0.00,3.8
https://rodenlaw.com/practice-areas/savannah/savannah-product-liability-lawyers/,0,41,0.00,19.8
http://rodenlaw.com/who-we-are/,0,40,0.00,5.7
https://rodenlaw.com/practice-areas/savannah/nursing-home-abuse-attorneys/resident-bill-of-rights/,0,40,0.00,45.1
https://rodenlaw.com/impaired-driving-caused-by-prescription-medications/#illegal,0,39,0.00,8.8
https://rodenlaw.com/impaired-driving-caused-by-prescription-medications/#lead,0,39,0.00,8.8
https://rodenlaw.com/savannah/medical-malpractice-attorneys/,0,39,0.00,16.0
https://rodenlaw.com/testimonial/rachel-fraser/,1,38,2.63,19.8
https://rodenlaw.com/blog/how-is-pain-and-suffering-calculated-after-an-accident/,0,38,0.00,12.2
https://rodenlaw.com/category/car-accident-help/,0,38,0.00,35.3
https://rodenlaw.com/practice-area-location/macon/page/2/,0,38,0.00,56.7
https://rodenlaw.com/practice-areas/general/,0,38,0.00,13.0
https://rodenlaw.com/blog/liability-for-brake-checking-crashes-charleston/#evidence,0,36,0.00,8.4
https://rodenlaw.com/blog/liability-for-brake-checking-crashes-charleston/#percent,0,36,0.00,8.4
https://rodenlaw.com/brunswick/workers-compensation-attorney/,0,35,0.00,1.0
https://rodenlaw.com/case-result/600000-settlement-truck-accidents/,0,35,0.00,48.9
https://rodenlaw.com/case-result/300000-settlement-auto-accident-4/,0,33,0.00,14.8
https://rodenlaw.com/blog/liability-for-brake-checking-crashes-charleston/#drivers,0,32,0.00,8.4
https://rodenlaw.com/blog/category/car-accident/page/5/,0,30,0.00,49.4
https://rodenlaw.com/case-result/350000-settlement-nursing-home-elder-abuse/,0,30,0.00,75.5
https://rodenlaw.com/practice-areas/brunswick/,0,30,0.00,42.5
https://rodenlaw.com/blog/category/nursing-home-abuse/,0,29,0.00,15.8
https://rodenlaw.com/blog/page/2/,0,29,0.00,34.3
https://rodenlaw.com/case-result/496000-settlement-truck-accidents/,0,29,0.00,18.0
https://rodenlaw.com/testimonial/tie-miller/,0,29,0.00,22.8
https://rodenlaw.com/blog/how-to-spot-distracted-drivers-ten-signs-savannah-ga/#injuries,0,28,0.00,11.8
https://rodenlaw.com/blog/how-to-spot-distracted-drivers-ten-signs-savannah-ga/#warning,0,28,0.00,11.8
https://rodenlaw.com/blog/?refPageViewId=PAGE_VIEW_ID,0,27,0.00,44.2
https://rodenlaw.com/blog/uturn-crash-liability-in-charleston/#right,0,26,0.00,5.3
https://rodenlaw.com/case-result/100000-settlement-auto-accident-8/,0,26,0.00,23.1
https://rodenlaw.com/case-result/9800000-recovery-premises-liability/,0,26,0.00,7.4
https://rodenlaw.com/testimonial/joshua-johnson/,0,26,0.00,22.4
https://rodenlaw.com/blog/category/workers-compensation/page/3/,0,25,0.00,67.4
https://rodenlaw.com/blog/category/personal-injury/page/7/,2,23,8.70,35.5
https://rodenlaw.com/blog/how-to-spot-distracted-drivers-ten-signs-savannah-ga/#dangerous,0,23,0.00,11.6
https://rodenlaw.com/blog/how-to-spot-distracted-drivers-ten-signs-savannah-ga/#law,0,23,0.00,11.6
https://rodenlaw.com/blog/liability-for-backing-up-crashes-in-charleston/#backing,0,23,0.00,8.5
https://rodenlaw.com/blog/liability-for-backing-up-crashes-in-charleston/#crashes,0,23,0.00,8.5
https://rodenlaw.com/case-result/300000-settlement-premises-liability/,0,23,0.00,15.3
https://rodenlaw.com/category/accident-compensation/,0,23,0.00,22.7
https://rodenlaw.com/case-result/600000-settlement-auto-accident/,1,22,4.55,10.6
https://rodenlaw.com/blog/category/car-accident/page/6/,1,21,4.76,24.9
https://rodenlaw.com/blog/a-pedestrians-guide-to-proving-negligence-in-charleston-parking-lots/,0,21,0.00,20.5
https://rodenlaw.com/case-result/225000-settlement-auto-accident/,0,21,0.00,74.5
https://rodenlaw.com/category/personal-injury/,0,21,0.00,28.1
https://rodenlaw.com/staff/amsi-raudales/,0,21,0.00,34.4
https://rodenlaw.com/testimonial/anthony-b/,0,21,0.00,19.4
https://rodenlaw.com/blog/category/car-accident/page/9/,0,20,0.00,16.1
https://rodenlaw.com/blog/how-can-an-attorney-help-with-my-car-accident-claim/,0,20,0.00,9.4
https://rodenlaw.com/case-result/162500-settlement-truck-accidents/,0,20,0.00,10.8
https://rodenlaw.com/category/truck-accidents/,0,20,0.00,44.8
https://rodenlaw.com/blog/page/24/,0,19,0.00,36.9
https://rodenlaw.com/blog/uturn-crash-liability-in-charleston/#common,0,19,0.00,5.4
https://rodenlaw.com/case-result/175000-settlement-auto-accident/,0,19,0.00,9.8
https://rodenlaw.com/blog-liability-for-sudden-emergency-accidents/,0,18,0.00,21.3
https://rodenlaw.com/case-result/200000-settlement-auto-accident-3/,0,18,0.00,8.1
https://rodenlaw.com/case-result/2500000-settlement-auto-accident/,0,18,0.00,21.4
https://rodenlaw.com/case-result/300000-settlement-workers-compensation/,0,18,0.00,9.5
https://rodenlaw.com/case-result/300000-settlement-auto-accident-3/,0,17,0.00,7.3
https://rodenlaw.com/testimonial/bryston-butler/,0,17,0.00,21.0
https://rodenlaw.com/case-result/130000-settlement-auto-accident/,1,16,6.25,13.3
https://rodenlaw.com/blog/how-loud-music-increases-crash-risk-charleston/#driving,0,16,0.00,8.0
https://rodenlaw.com/case-result/100000-settlement-auto-accident-6/,0,16,0.00,18.6
https://rodenlaw.com/case-result/120000-settlement-truck-accidents/,0,16,0.00,5.5
https://rodenlaw.com/case-result/300000-settlement-auto-accident-2/,0,16,0.00,6.4
https://rodenlaw.com/blog/5-benefits-of-hiring-a-truck-accident-attorney-in-2023/,0,15,0.00,10.7
https://rodenlaw.com/blog/category/car-accident/page/11/,0,15,0.00,33.1
https://rodenlaw.com/blog/category/car-accident/page/3/,0,15,0.00,26.3
https://rodenlaw.com/blog/category/workers-compensation/,0,15,0.00,49.2
https://rodenlaw.com/blog/how-loud-music-increases-crash-risk-charleston/#reduce,0,15,0.00,8.1
https://rodenlaw.com/case-result/275000-settlement-auto-accident/,0,15,0.00,23.1
https://rodenlaw.com/blog/category/consumer-alerts/,0,14,0.00,42.0
https://rodenlaw.com/case-result/500000-workers-comp-resolution-workers-compensation/,0,14,0.00,7.4
https://rodenlaw.com/category/legal-guidance/,0,14,0.00,11.7
https://rodenlaw.com/blog/category/car-accident/page/10/,0,13,0.00,25.8
https://rodenlaw.com/blog/category/car-accident/page/4/,0,13,0.00,24.5
https://rodenlaw.com/case-result/135000-settlement-premises-liability/,0,13,0.00,50.5
https://rodenlaw.com/hearing-loss-after-charleston-car-accident/#car,0,13,0.00,9.8
https://rodenlaw.com/blog/category/bicycle-accident/,0,12,0.00,44.0
https://rodenlaw.com/blog/category/car-accident/page/8/,0,12,0.00,19.8
https://rodenlaw.com/blog/how-loud-music-increases-crash-risk-charleston/#impact,0,12,0.00,8.5
https://rodenlaw.com/blog/page/19/,0,12,0.00,42.6
https://rodenlaw.com/case-result/100000-settlement-auto-accident-2/,0,12,0.00,37.4
https://rodenlaw.com/category/free-case-review/,0,12,0.00,54.8
https://rodenlaw.com/testimonial/britany-roberson/,0,12,0.00,15.2
http://rodenlaw.com/blog/liability-for-brake-checking-crashes-charleston/#evidence,0,11,0.00,8.8
http://rodenlaw.com/blog/liability-for-brake-checking-crashes-charleston/#percent,0,11,0.00,8.8
https://rodenlaw.com/case-result/100000-settlement-auto-accident/,0,11,0.00,32.8
https://rodenlaw.com/hearing-loss-after-charleston-car-accident/#proving,0,11,0.00,9.6
https://rodenlaw.com/testimonial/charles-constant/,0,11,0.00,46.9
https://rodenlaw.com/case-result/250000-settlement-premises-liability/,1,10,10.00,27.0
http://rodenlaw.com/blog/liability-for-brake-checking-crashes-charleston/#drivers,0,10,0.00,8.6
https://rodenlaw.com/blog/compensation-for-chronic-pain-after-a-car-crash-in-charleston/#claims,0,10,0.00,9.2
https://rodenlaw.com/blog/compensation-for-chronic-pain-after-a-car-crash-in-charleston/#long,0,10,0.00,9.2
https://rodenlaw.com/blog/liability-for-backing-up-crashes-in-charleston/#happen,0,10,0.00,7.9
https://rodenlaw.com/blog/page/23/,0,10,0.00,78.1
https://rodenlaw.com/case-result/150000-settlement-auto-accident-2/,0,10,0.00,16.6
https://rodenlaw.com/case-result/1675000-recovery-auto-accident/,0,10,0.00,4.8
https://rodenlaw.com/case-result/250000-settlement-auto-accident/,0,10,0.00,7.4
https://rodenlaw.com/case-result/900000-mva-settlement-truck-accidents/,0,10,0.00,18.8
https://rodenlaw.com/practice-areas/macon/slip-and-fall-attorneys/,0,10,0.00,15.4
http://rodenlaw.com/class-action-lawyers/,0,9,0.00,6.9
https://rodenlaw.com/blog/category/personal-injury/page/3/,0,9,0.00,23.4
https://rodenlaw.com/blog/page/18/,0,9,0.00,25.8
https://rodenlaw.com/blog/page/4/,0,9,0.00,37.3
https://rodenlaw.com/blog/uturn-crash-liability-in-charleston/#share,0,9,0.00,5.2
https://rodenlaw.com/case-result/295000-recovery-auto-accident/,0,9,0.00,43.9
https://rodenlaw.com/case-result/3350000-verdict-premises-liability/,0,9,0.00,6.8
https://rodenlaw.com/hearing-loss-after-charleston-car-accident/#type,0,9,0.00,9.6
https://rodenlaw.com/blog/dangerous-rural-crashes-in-charleston/#dangerous,0,8,0.00,9.5
https://rodenlaw.com/blog/dangerous-rural-crashes-in-charleston/#rural,0,8,0.00,9.5
https://rodenlaw.com/case-result/100000-settlement-workers-compensation/,0,8,0.00,15.9
https://rodenlaw.com/case-result/150000-settlement-auto-accident/,0,8,0.00,7.2
https://rodenlaw.com/case-result/160000-settlement-workers-compensation/,0,8,0.00,7.6
https://rodenlaw.com/case-result/210000-recovery-truck-accidents/,0,8,0.00,51.4
https://rodenlaw.com/case-result/275000-settlement-auto-accident-3/,0,8,0.00,19.4
https://rodenlaw.com/case-result/525000-settlement-truck-accidents/,0,8,0.00,25.2
https://rodenlaw.com/blog/category/car-accident/page/2/,0,7,0.00,34.6
https://rodenlaw.com/blog/compensation-for-chronic-pain-after-a-car-crash-in-charleston/#compensation,0,7,0.00,8.6
https://rodenlaw.com/blog/compensation-for-chronic-pain-after-a-car-crash-in-charleston/#medical,0,7,0.00,8.6
https://rodenlaw.com/blog/dangerous-rural-crashes-in-charleston/#fatal,0,7,0.00,9.6
https://rodenlaw.com/blog/page/25/,0,7,0.00,20.9
https://rodenlaw.com/blog/uturn-crash-liability-in-charleston/#legal,0,7,0.00,4.7
https://rodenlaw.com/case-result/100000-settlement-auto-accident-7/,0,7,0.00,46.7
https://rodenlaw.com/case-result/1550000-settlement-auto-accident/,0,7,0.00,7.7
https://rodenlaw.com/testimonial/a-mcgee/,0,7,0.00,34.6
https://rodenlaw.com/testimonial/byshiba-moon/,0,7,0.00,33.1
https://rodenlaw.com/case-result/405000-settlement-auto-accident/,1,6,16.67,3.7
https://rodenlaw.com/blog/category/truck-accident/page/2/,0,6,0.00,46.8
https://rodenlaw.com/blog/uturn-crash-liability-in-charleston/#crashes,0,6,0.00,5.0
https://rodenlaw.com/case-result/103000-recovery-workers-compensation/,0,6,0.00,26.7
https://rodenlaw.com/case-result/10860000-verdict-product-liability/,0,6,0.00,7.0
https://rodenlaw.com/case-result/150000-settlement-auto-accident-3/,0,6,0.00,6.7
https://rodenlaw.com/case-result/500000-recovery-truck-accidents/,0,6,0.00,31.3
https://www.rodenlaw.com/contact-us/?utm_source=google&utm_medium=gmb&utm_campaign=gmb-appt-jacksonville,0,6,0.00,11.5
https://rodenlaw.com/blog-understanding-eye-injuries-after-a-savannah-car-accident/#option,0,5,0.00,4.8
https://rodenlaw.com/blog-understanding-eye-injuries-after-a-savannah-car-accident/#types,0,5,0.00,4.8
https://rodenlaw.com/case-result/100000-settlement-auto-accident-4/,0,5,0.00,16.2
https://rodenlaw.com/case-result/100000-settlement-auto-accident-5/,0,5,0.00,37.6
https://rodenlaw.com/case-result/190000-settlement-auto-accident/,0,5,0.00,13.8
https://rodenlaw.com/case-result/3000000-settlement-auto-accident/,0,5,0.00,15.0
https://rodenlaw.com/practice-areas/brunswick/product-liability-lawyers/,0,5,0.00,10.8
https://rodenlaw.com/case-result/200000-settlement-auto-accident-4/,1,4,25.00,22.2
https://rodenlaw.com/blog/category/car-accident/page/7/,0,4,0.00,5.5
https://rodenlaw.com/blog/category/workers-compensation/page/2/,0,4,0.00,41.5
https://rodenlaw.com/brunswick/truck-accident-lawyers/,0,4,0.00,1.0
https://rodenlaw.com/case-result/1000000-recovery-auto-accident/,0,4,0.00,6.0
https://rodenlaw.com/case-result/400000-settlement-auto-accident-2/,0,4,0.00,10.2
https://rodenlaw.com/practice-area-location/columbia/,0,4,0.00,24.2
http://rodenlaw.com/blog/wearing-headphones-while-driving-in-charleston/#difference,0,3,0.00,4.0
http://rodenlaw.com/blog/wearing-headphones-while-driving-in-charleston/#headphones,0,3,0.00,4.0
http://rodenlaw.com/blog/wearing-headphones-while-driving-in-charleston/#penalties,0,3,0.00,4.0
http://rodenlaw.com/blog/wearing-headphones-while-driving-in-charleston/#wearing,0,3,0.00,4.0
https://rodenlaw.com/blog/charleston-car-crash-brain-injuries/#brain,0,3,0.00,6.3
https://rodenlaw.com/blog/charleston-car-crash-brain-injuries/#crashes,0,3,0.00,6.3
https://rodenlaw.com/blog/charleston-car-crash-brain-injuries/#fight,0,3,0.00,6.3
https://rodenlaw.com/case-result/1000000-settlement-auto-accident/,0,3,0.00,8.0
https://rodenlaw.com/case-result/150000-recovery-premises-liability/,0,3,0.00,22.7
https://rodenlaw.com/case-result/250000-settlement-auto-accident-3/,0,3,0.00,9.7
https://rodenlaw.com/case-result/275000-settlement-auto-accident-2/,0,3,0.00,24.7
https://rodenlaw.com/case-result/300000-settlement-auto-accident/,0,3,0.00,11.7
https://rodenlaw.com/case-result/400000-settlement-auto-accident/,0,3,0.00,8.7
https://rodenlaw.com/practice-areas/jacksonville/,0,3,0.00,16.3
https://rodenlaw.com/wearing-headphones-while-driving-in-charleston/#penalties,0,3,0.00,2.0
https://rodenlaw.com/wearing-headphones-while-driving-in-charleston/#wearing,0,3,0.00,2.0
https://rodenlaw.com/blog-liability-and-causes-for-backing-up-crashes-in-charleston/#backing,0,2,0.00,9.0
https://rodenlaw.com/blog-liability-and-causes-for-backing-up-crashes-in-charleston/#crashes,0,2,0.00,9.0
https://rodenlaw.com/blog/page/26/,0,2,0.00,22.5
https://rodenlaw.com/case-result/100000-settlement-workers-compensation-2/,0,2,0.00,18.5
https://rodenlaw.com/case-result/120000-recovery-workers-compensation/,0,2,0.00,7.5
https://rodenlaw.com/case-result/150000-resolution-auto-accident/,0,2,0.00,51.0
https://rodenlaw.com/case-result/150000-settlement-auto-accident-4/,0,2,0.00,14.0
https://rodenlaw.com/case-result/160000-recovery-truck-accidents/,0,2,0.00,28.5
https://rodenlaw.com/case-result/172000-settlement-workers-compensation/,0,2,0.00,65.0
https://rodenlaw.com/case-result/200000-settlement-auto-accident/,0,2,0.00,8.5
https://rodenlaw.com/case-result/200000-settlement-premises-liability/,0,2,0.00,49.0
https://rodenlaw.com/case-result/205000-settlement-auto-accident/,0,2,0.00,7.0
https://rodenlaw.com/case-result/250000-settlement-auto-accident-4/,0,2,0.00,8.0
https://rodenlaw.com/case-result/575000-settlement-auto-accident/,0,2,0.00,24.0
https://rodenlaw.com/case-result/575000-settlement-truck-accidents/,0,2,0.00,16.0
https://rodenlaw.com/case-result/780000-resolution-truck-accidents/,0,2,0.00,3.5
https://rodenlaw.com/case-result/900000-settlement-workers-compensation/,0,2,0.00,10.0
https://rodenlaw.com/category/pain-and-suffering/,0,2,0.00,37.5
https://rodenlaw.com/wearing-headphones-while-driving-in-charleston/#difference,0,2,0.00,2.0
https://rodenlaw.com/wearing-headphones-while-driving-in-charleston/#headphones,0,2,0.00,2.0
http://rodenlaw.com/practice-areas/,0,1,0.00,5.0
https://rodenlaw.com/blog-liability-and-causes-for-backing-up-crashes-in-charleston/#happen,0,1,0.00,8.0
https://rodenlaw.com/blog/category/car-accident/page/12/,0,1,0.00,78.0
https://rodenlaw.com/blog/category/uncategorized/,0,1,0.00,39.0
https://rodenlaw.com/blog/charleston-parking-lot-car-accident-liability/#liable,0,1,0.00,4.0
https://rodenlaw.com/blog/charleston-parking-lot-car-accident-liability/#traffic,0,1,0.00,4.0
https://rodenlaw.com/blog/charleston-parking-lot-car-accident-liability/#type,0,1,0.00,4.0
https://rodenlaw.com/blog/how-loud-music-increases-crash-risk-charleston/),0,1,0.00,1.0
https://rodenlaw.com/blog/page/27/,0,1,0.00,8.0
https://rodenlaw.com/blog/tactics-insurers-use-to-deny-crash-claims-charleston/#insurance,0,1,0.00,1.0
https://rodenlaw.com/blog/tactics-insurers-use-to-deny-crash-claims-charleston/#reasons,0,1,0.00,1.0
https://rodenlaw.com/blog/tactics-insurers-use-to-deny-crash-claims-charleston/#sneaky,0,1,0.00,1.0
https://rodenlaw.com/case-result/100000-recovery-workers-compensation-2/,0,1,0.00,87.0
https://rodenlaw.com/case-result/100000-settlement-auto-accident-3/,0,1,0.00,21.0
https://rodenlaw.com/case-result/120000-recovery-auto-accident/,0,1,0.00,33.0
https://rodenlaw.com/case-result/125000-settlement-auto-accident/,0,1,0.00,5.0
https://rodenlaw.com/case-result/125000-settlement-workers-compensation/,0,1,0.00,8.0
https://rodenlaw.com/case-result/130000-settlement-workers-compensation/,0,1,0.00,12.0
https://rodenlaw.com/case-result/135000-recovery-auto-accident/,0,1,0.00,5.0
https://rodenlaw.com/case-result/155000-settlement-auto-accident/,0,1,0.00,1.0
https://rodenlaw.com/case-result/210000-settlement-auto-accident/,0,1,0.00,92.0
https://rodenlaw.com/case-result/225000-resolution-auto-accident/,0,1,0.00,99.0
https://rodenlaw.com/case-result/250000-settlement-auto-accident-2/,0,1,0.00,7.0
https://rodenlaw.com/case-result/300000-recovery-truck-accidents/,0,1,0.00,82.0
https://rodenlaw.com/case-result/305000-settlement-premises-liability-2/,0,1,0.00,74.0
https://rodenlaw.com/case-result/325000-resolution-auto-accident/,0,1,0.00,10.0
https://rodenlaw.com/case-result/465000-recovery-truck-accidents/,0,1,0.00,5.0
https://rodenlaw.com/case-result/575000-settlement-workers-compensation/,0,1,0.00,49.0
https://rodenlaw.com/locations.kml,0,1,0.00,59.0
https://rodenlaw.com/practice-areas/charleston/dog-bites-lawyers/,0,1,0.00,1.0
https://rodenlaw.com/practice-areas/macon/medical-malpractice-attorneys/,0,1,0.00,12.0
https://www.rodenlaw.com/savannah/medical-malpractice-attorneys/cosmetic-surgery/,0,1,0.00,1.0
