year,county,city,month,hour,fatals,peds,roadway,land_use,intersection_type,latitude,longitude
2020,HORRY (51),MYRTLE BEACH,1,7,1,1,US-17,Urban,Four-Way Intersection,33.75651944,-78.824988890
2020,HORRY (51),NOT APPLICABLE,1,17,1,0,SR-66,Rural,Not an Intersection,34.03623889,-78.851661110
2020,HORRY (51),NOT APPLICABLE,1,6,1,0,SR-90,Rural,Not an Intersection,33.84903611,-78.840150000
2020,HORRY (51),NOT APPLICABLE,1,1,1,1,SR-544 HWY 544,Urban,Not an Intersection,33.74027222,-79.023413890
2020,HORRY (51),NOT APPLICABLE,1,1,1,0,US-17,Urban,Not an Intersection,33.71367500,-78.899705560
2020,HORRY (51),NOT APPLICABLE,1,9,2,0,SR-9,Rural,T-Intersection,34.00577778,-78.761272220
2020,HORRY (51),NOT APPLICABLE,3,17,1,0,US-701,Rural,Not an Intersection,34.02126389,-78.944536110
2020,HORRY (51),MYRTLE BEACH,3,23,1,0,US-17,Urban,Not an Intersection,33.72190000,-78.848700000
2020,HORRY (51),NOT APPLICABLE,3,20,1,1,SR-9 HWY 9,Urban,Not an Intersection,33.87102778,-78.671477780
2020,HORRY (51),NOT APPLICABLE,4,3,2,0,SR-23,Rural,Not an Intersection,34.10650833,-79.157619440
2020,HORRY (51),NOT APPLICABLE,4,18,1,0,SR-112,Rural,Not an Intersection,33.99329167,-78.862108330
2020,HORRY (51),NOT APPLICABLE,4,21,1,0,CR-LAMBERT RD,Rural,Not an Intersection,33.92398056,-79.137177780
2020,HORRY (51),NOT APPLICABLE,4,22,1,0,SR-905,Rural,Not an Intersection,33.91723333,-78.807991670
2020,HORRY (51),NOT APPLICABLE,5,20,1,0,SR-9,Rural,Not an Intersection,34.03068889,-78.803005560
2020,HORRY (51),NOT APPLICABLE,5,16,1,0,SR-905,Rural,Not an Intersection,33.96118333,-78.686594440
2020,HORRY (51),NOT APPLICABLE,5,20,1,0,CR-WATER TOWER RD,Rural,Not an Intersection,33.83847500,-78.746580560
2020,HORRY (51),NOT APPLICABLE,5,7,1,0,US-501,Urban,Not an Intersection,33.75251111,-78.962708330
2020,HORRY (51),NOT APPLICABLE,5,20,1,1,US-501,Urban,Not an Intersection,33.75753889,-78.967294440
2020,HORRY (51),MYRTLE BEACH,5,7,1,1,SR-556 17 AVE S,Urban,Not an Intersection,33.67564722,-78.905858330
2020,HORRY (51),NOT APPLICABLE,6,7,1,0,US-378,Urban,Not an Intersection,33.84054167,-79.110805560
2020,HORRY (51),NOT APPLICABLE,6,22,1,1,US-17,Urban,Not an Intersection,33.87416944,-78.620438890
2020,HORRY (51),NOT APPLICABLE,6,10,1,0,SR-9,Rural,T-Intersection,33.94439167,-78.735511110
2020,HORRY (51),NOT APPLICABLE,6,21,1,1,SR-34,Rural,Not an Intersection,34.03701944,-79.027980560
2020,HORRY (51),NOT APPLICABLE,6,5,1,0,SR-90,Rural,Not an Intersection,33.85670833,-78.755744440
2020,HORRY (51),NOT APPLICABLE,6,13,1,0,SR-544,Urban,Not an Intersection,33.73588889,-79.024541670
2020,HORRY (51),CONWAY,6,22,1,0,SR-333,Urban,Not an Intersection,33.85318889,-79.045708330
2020,HORRY (51),NOT APPLICABLE,7,0,1,0,SR-347,Rural,Not an Intersection,33.92953611,-78.766266670
2020,HORRY (51),NOT APPLICABLE,7,6,1,1,CR-BAKER ST,Urban,Not an Intersection,33.86905000,-78.625533330
2020,HORRY (51),NOT APPLICABLE,7,0,1,1,US-501,Rural,Not an Intersection,34.02078889,-79.221016670
2020,HORRY (51),NOT APPLICABLE,7,0,1,1,SR-90,Rural,Not an Intersection,33.85601667,-78.758377780
2020,HORRY (51),NOT APPLICABLE,7,7,1,0,SR-992,Urban,Not an Intersection,33.71646667,-78.949430560
2020,HORRY (51),NOT APPLICABLE,8,8,1,0,SR-905,Rural,Not an Intersection,33.90286944,-78.900866670
2020,HORRY (51),NORTH MYRTLE BEACH,8,17,2,0,US-17,Urban,Not an Intersection,33.82480000,-78.684216670
2020,HORRY (51),NOT APPLICABLE,8,7,1,0,SR-905,Rural,Not an Intersection,33.92995278,-78.738161110
2020,HORRY (51),NOT APPLICABLE,8,3,1,0,SR-707,Urban,T-Intersection,33.59895833,-79.061938890
2020,HORRY (51),NOT APPLICABLE,8,21,1,0,SR-9,Rural,Not an Intersection,33.97669444,-78.743169440
2020,HORRY (51),NOT APPLICABLE,9,22,1,0,SR-905,Rural,T-Intersection,33.92311667,-78.758666670
2020,HORRY (51),CONWAY,8,1,1,0,US-501,Urban,Four-Way Intersection,33.79058056,-78.996986110
2020,HORRY (51),NOT APPLICABLE,9,5,2,0,SR-66,Rural,T-Intersection,34.00513333,-78.858258330
2020,HORRY (51),NORTH MYRTLE BEACH,9,0,1,0,US-17,Urban,Not an Intersection,33.83746667,-78.668280560
2020,HORRY (51),MYRTLE BEACH,10,23,1,1,US-17,Urban,Four-Way Intersection,33.73536944,-78.832552780
2020,HORRY (51),NOT APPLICABLE,10,2,1,0,SR-31,Rural,Not an Intersection,33.65130278,-79.018258330
2020,HORRY (51),NOT APPLICABLE,10,3,4,0,SR-31,Urban,Not an Intersection,33.84810278,-78.699719440
2020,HORRY (51),NOT APPLICABLE,10,14,1,0,SR-544,Urban,Not an Intersection,33.80703889,-79.014536110
2020,HORRY (51),NOT APPLICABLE,11,1,1,0,US-17,Urban,Not an Intersection,33.57583056,-79.026536110
2020,HORRY (51),NOT APPLICABLE,11,23,1,0,US-378,Rural,Not an Intersection,33.83503889,-79.137600000
2020,HORRY (51),NOT APPLICABLE,11,0,1,0,SR-31,Rural,Not an Intersection,33.88076111,-78.830955560
2020,HORRY (51),MYRTLE BEACH,10,2,1,0,US-17,Urban,Four-Way Intersection,33.73605833,-78.831744440
2020,HORRY (51),NOT APPLICABLE,12,17,1,1,SR-105,Rural,Not an Intersection,33.87210833,-78.966886110
2020,HORRY (51),NOT APPLICABLE,12,20,1,0,US-378,Rural,Not an Intersection,33.83498056,-79.138705560
2020,HORRY (51),NOT APPLICABLE,12,7,1,0,SR-23,Rural,Not an Intersection,34.10646667,-79.157594440
2020,HORRY (51),NOT APPLICABLE,11,0,1,0,US-501,Rural,T-Intersection,33.93513611,-79.164280560
2020,HORRY (51),NOT APPLICABLE,11,19,1,0,US-701,Rural,Not an Intersection,34.09776667,-78.875180560
2020,HORRY (51),NOT APPLICABLE,10,2,1,0,US-701,Rural,Not an Intersection,33.74833056,-79.078344440
2020,HORRY (51),NORTH MYRTLE BEACH,10,15,1,0,US-17,Urban,T-Intersection,33.81630833,-78.695008330
2020,HORRY (51),SURFSIDE BEACH,10,9,1,0,US-17,Urban,Four-Way Intersection,33.60073056,-78.993180560
2021,HORRY (51),NOT APPLICABLE,1,4,1,0,US-17,Urban,Not an Intersection,33.80224167,-78.728216670
2021,HORRY (51),NOT APPLICABLE,1,16,1,1,SR-22,Urban,Not an Intersection,33.80383056,-78.778991670
2021,HORRY (51),NOT APPLICABLE,1,18,1,0,SR-544,Urban,Not an Intersection,33.66261111,-78.995369440
2021,HORRY (51),MYRTLE BEACH,1,1,5,0,HARRELSON BLVD,Urban,Not an Intersection,33.68645833,-78.923730560
2021,HORRY (51),NOT APPLICABLE,1,14,1,0,SR-1240,Urban,T-Intersection,33.63003056,-79.024588890
2021,HORRY (51),NOT APPLICABLE,2,0,1,0,US-17,Rural,Not an Intersection,33.86576111,-78.641430560
2021,HORRY (51),NOT APPLICABLE,2,21,1,0,SR-19,Rural,Not an Intersection,33.89091667,-78.969288890
2021,HORRY (51),NOT APPLICABLE,2,15,1,0,SR-707,Urban,Not an Intersection,33.58316667,-79.049311110
2021,HORRY (51),NOT APPLICABLE,3,1,1,1,US-17,Urban,Not an Intersection,33.67943056,-78.964433330
2021,HORRY (51),MYRTLE BEACH,3,20,1,0,US-17,Urban,Not an Intersection,33.71027222,-78.910122220
2021,HORRY (51),NOT APPLICABLE,3,17,1,0,SR-707,Urban,Not an Intersection,33.62408333,-79.038563890
2021,HORRY (51),NOT APPLICABLE,3,7,1,0,SR-707,Rural,T-Intersection,33.66460833,-79.008886110
2021,HORRY (51),NOT APPLICABLE,4,17,1,0,SR-131,Rural,Four-Way Intersection,33.98586111,-79.128205560
2021,HORRY (51),NOT APPLICABLE,4,16,1,0,SR-24,Rural,Not an Intersection,33.75077778,-79.182683330
2021,HORRY (51),NOT APPLICABLE,1,19,1,1,SR-154,Urban,Not an Intersection,33.59008889,-79.006027780
2021,HORRY (51),MYRTLE BEACH,5,2,1,0,SR-1100,Urban,Not an Intersection,33.71000000,-78.865000000
2021,HORRY (51),NOT APPLICABLE,5,21,1,1,US-17,Urban,Not an Intersection,33.87439167,-78.619927780
2021,HORRY (51),MYRTLE BEACH,5,13,2,2,US-17,Urban,Four-Way Intersection,33.73968889,-78.827261110
2021,HORRY (51),MYRTLE BEACH,5,10,1,0,US-17,Urban,Not an Intersection,33.67820000,-78.900300000
2021,HORRY (51),NOT APPLICABLE,5,18,1,0,SR-22,Urban,Not an Intersection,33.79101389,-78.777511110
2021,HORRY (51),NOT APPLICABLE,6,4,1,0,SR-57,Rural,Not an Intersection,33.90106111,-78.666063890
2021,HORRY (51),NOT APPLICABLE,6,23,1,0,SR-9,Rural,Four-Way Intersection,34.06282222,-78.850758330
2021,HORRY (51),MYRTLE BEACH,6,20,1,1,OCEAN BLVD,Urban,T-Intersection,33.70690000,-78.862800000
2021,HORRY (51),NOT APPLICABLE,6,15,1,0,SR-66,Rural,T-Intersection,34.02103333,-78.850777780
2021,HORRY (51),CONWAY,2,23,1,1,US-501,Urban,Not an Intersection,33.86938889,-79.100719440
2021,HORRY (51),NOT APPLICABLE,5,21,1,0,SR-309,Rural,Not an Intersection,34.05708611,-79.132919440
2021,HORRY (51),NOT APPLICABLE,7,9,1,0,US-501,Urban,T-Intersection,33.77400278,-78.981672220
2021,HORRY (51),NOT APPLICABLE,6,3,1,0,SR-31 CAROLINA BAYS PKWY,Rural,Not an Intersection,33.68018333,-79.029169440
2021,HORRY (51),NOT APPLICABLE,6,21,1,0,SR-544 DICK POND RD,Urban,Four-Way Intersection,33.63111111,-78.963380560
2021,HORRY (51),NOT APPLICABLE,7,22,1,1,US-501,Urban,Four-Way Intersection,33.78233333,-78.989569440
2021,HORRY (51),NOT APPLICABLE,7,1,1,1,US-501,Rural,Not an Intersection,33.72713333,-78.939452780
2021,HORRY (51),MYRTLE BEACH,8,21,1,1,US-17,Urban,T-Intersection,33.74233333,-78.824263890
2021,HORRY (51),CONWAY,4,11,1,0,US-501,Urban,Four-Way Intersection,33.87346944,-79.104769440
2021,HORRY (51),MYRTLE BEACH,8,15,1,0,US-17,Urban,Four-Way Intersection,33.72810000,-78.869900000
2021,HORRY (51),NOT APPLICABLE,8,23,1,0,US-17,Urban,Four-Way Intersection,33.63676389,-78.991872220
2021,HORRY (51),NOT APPLICABLE,8,5,1,1,US-501,Urban,Not an Intersection,33.79756111,-79.003338890
2021,HORRY (51),MYRTLE BEACH,8,8,1,1,CR-FARROW PKWY,Urban,Four-Way Intersection,33.66980000,-78.947500000
2021,HORRY (51),NOT APPLICABLE,8,2,1,1,US-501,Rural,Not an Intersection,33.89653889,-79.128811110
2021,HORRY (51),NOT APPLICABLE,9,20,1,0,SR-90 HWY 90,Urban,Not an Intersection,33.85192778,-78.702952780
2021,HORRY (51),AYNOR,9,14,1,0,US-501,Rural,Not an Intersection,33.99129444,-79.200830560
2021,HORRY (51),MYRTLE BEACH,9,15,1,0,US-17,Urban,Four-Way Intersection,33.65900000,-78.926950000
2021,HORRY (51),MYRTLE BEACH,9,18,1,0,CR-SEABOARD STREET,Urban,Not an Intersection,33.71543889,-78.893130560
2021,HORRY (51),NOT APPLICABLE,10,18,1,0,SR-22 HWY 22,Rural,Not an Intersection,33.91823889,-78.912094440
2021,HORRY (51),NOT APPLICABLE,10,2,1,1,US-17,Urban,Not an Intersection,33.80615278,-78.718055560
2021,HORRY (51),NOT APPLICABLE,10,20,1,1,US-17,Urban,Not an Intersection,33.58435833,-79.014675000
2021,HORRY (51),NOT APPLICABLE,10,21,1,0,CR-CARLOINA FOREST BLVD,Urban,Four-Way Intersection,33.76087222,-78.891761110
2021,HORRY (51),NOT APPLICABLE,10,18,1,0,SR-544,Urban,Four-Way Intersection,33.63148333,-78.963463890
2021,HORRY (51),NOT APPLICABLE,11,12,1,0,SR-90,Rural,Not an Intersection,33.82225278,-78.956497220
2021,HORRY (51),NOT APPLICABLE,11,18,1,1,SR-667 RUSH RD,Rural,Not an Intersection,33.92769444,-79.024713890
2021,HORRY (51),NOT APPLICABLE,11,15,1,0,SR-31 RED BLUFF RD,Rural,Not an Intersection,33.92129722,-78.835538890
2021,HORRY (51),NOT APPLICABLE,11,18,1,0,SR-97 ADRIAN HWY,Rural,Not an Intersection,33.95278333,-78.957797220
2021,HORRY (51),NOT APPLICABLE,12,18,1,0,US-17,Urban,Not an Intersection,33.78589722,-78.779288890
2021,HORRY (51),NOT APPLICABLE,12,6,1,1,SR-9 HWY 9,Rural,Not an Intersection,33.98578889,-78.746513890
2021,HORRY (51),NOT APPLICABLE,12,10,1,0,US-701 HWY 701,Rural,Not an Intersection,33.96808889,-79.020163890
2021,HORRY (51),NOT APPLICABLE,12,21,1,1,CR-BREEZEWWOD BLVD,Urban,Not an Intersection,33.69723333,-79.008255560
2021,HORRY (51),NOT APPLICABLE,12,0,2,0,SR-757 PINE NEEDLE DRIVE,Rural,Not an Intersection,33.94275556,-78.742311110
2021,HORRY (51),NOT APPLICABLE,12,19,1,1,SR-910 CEDAR BRANCH RD,Rural,Not an Intersection,33.98106111,-78.771538890
2021,HORRY (51),NOT APPLICABLE,12,9,2,0,US-17,Urban,T-Intersection,33.67124722,-78.967755560
2021,HORRY (51),NOT APPLICABLE,12,16,1,0,SR-140 DOGWOOD RD,Rural,Not an Intersection,34.06894444,-78.910822220
2021,HORRY (51),NOT APPLICABLE,10,21,1,0,SR-554 HWY 554,Rural,Not an Intersection,33.92067222,-78.851013890
2021,HORRY (51),NOT APPLICABLE,10,15,1,0,HWY 179,Urban,Not an Intersection,33.88539444,-78.597186110
2021,HORRY (51),NOT APPLICABLE,10,12,1,0,US-701 HWY 701,Urban,T-Intersection,33.88351111,-79.048350000
2021,HORRY (51),NORTH MYRTLE BEACH,10,22,1,0,SR-236 LITTLE RIVER NECK,Urban,Not an Intersection,33.84753056,-78.625172220
2021,HORRY (51),NOT APPLICABLE,11,18,1,0,SR-1240 HOLMESTOWN RD,Urban,Not an Intersection,33.62678889,-79.011561110
2021,HORRY (51),NOT APPLICABLE,4,18,1,0,SR-165 CULTRA RD,Urban,Not an Intersection,33.87043889,-79.085755560
2021,HORRY (51),CONWAY,12,20,1,1,US-501,Urban,Not an Intersection,33.84608056,-79.064011110
2021,HORRY (51),NOT APPLICABLE,5,20,1,0,US-17,Urban,Not an Intersection,33.69838056,-78.938988890
2021,HORRY (51),MYRTLE BEACH,8,5,1,0,CR-COLE CT,Urban,Not an Intersection,33.72130000,-78.867000000
2021,HORRY (51),NOT APPLICABLE,9,9,1,0,US-17 S HWY 17 BUS,Rural,Y-Intersection,33.57881111,-79.022250000
2021,HORRY (51),NORTH MYRTLE BEACH,10,20,1,0,US- 17 S HWY 17,Urban,Four-Way Intersection,33.82825000,-78.680011110
2021,HORRY (51),NOT APPLICABLE,11,7,1,0,SR-548 HWY 548,Urban,Four-Way Intersection,33.87106944,-79.139313890
2021,HORRY (51),AYNOR,11,18,1,0,US-501 HWY 501,Rural,"Five Point, or More",34.00223889,-79.208311110
2021,HORRY (51),LORIS,12,17,1,0,US-701 N HWY 701,Rural,Not an Intersection,34.06539167,-78.881669440
2022,HORRY (51),NOT APPLICABLE,1,17,1,0,US-701,Rural,Four-Way Intersection,33.69098611,-79.117602780
2022,HORRY (51),NOT APPLICABLE,1,3,1,0,SR-1173 BOMBING RANGE RD,Rural,Not an Intersection,33.84923611,-78.759058330
2022,HORRY (51),NORTH MYRTLE BEACH,1,6,1,1,SR-31 CAROLINA BAYS PKY,Urban,Not an Intersection,33.81421111,-78.746469440
2022,HORRY (51),NOT APPLICABLE,2,5,1,1,SR-31 RED BLUFF RD,Rural,Not an Intersection,34.03033889,-78.882944440
2022,HORRY (51),NOT APPLICABLE,2,0,1,0,SR-109 PAULEY SWAMP RD,Rural,Not an Intersection,33.77881667,-79.125175000
2022,HORRY (51),CONWAY,2,21,1,0,US-501,Urban,T-Intersection,33.78375000,-78.990461110
2022,HORRY (51),NOT APPLICABLE,2,4,1,1,SR-90 HWY 90,Rural,Not an Intersection,33.85864722,-78.740702780
2022,HORRY (51),NOT APPLICABLE,2,16,1,0,SR-65 HWY 65,Rural,Not an Intersection,33.91769722,-79.001450000
2022,HORRY (51),NOT APPLICABLE,2,1,1,0,US-17,Urban,Not an Intersection,33.78695556,-78.774247220
2022,HORRY (51),NOT APPLICABLE,2,9,1,0,SR-701 HWY 701,Rural,Not an Intersection,33.92699722,-79.037544440
2022,HORRY (51),NOT APPLICABLE,2,21,1,0,SR-544 DICK POND RD,Urban,Not an Intersection,33.64771111,-78.975761110
2022,HORRY (51),NOT APPLICABLE,2,19,1,1,SR-616 DICK POND RD,Urban,Not an Intersection,33.68236111,-79.000777780
2022,HORRY (51),NOT APPLICABLE,2,2,1,1,US-501,Urban,Not an Intersection,33.72036111,-78.929916670
2022,HORRY (51),NOT APPLICABLE,3,16,1,0,SR-110 PITCH LANDING RD,Rural,Not an Intersection,33.79173056,-79.102219440
2022,HORRY (51),NOT APPLICABLE,3,2,1,1,US-17,Urban,Not an Intersection,33.65362222,-78.933741670
2022,HORRY (51),CONWAY,3,13,1,1,SR-107 OAK STREET,Urban,Not an Intersection,33.86251111,-79.064450000
2022,HORRY (51),NOT APPLICABLE,3,14,1,0,SR-319 HWY 319,Rural,Not an Intersection,33.89443056,-79.057230560
2022,HORRY (51),MYRTLE BEACH,3,2,1,0,US-17 HWY 17 BYPASS,Urban,Not an Intersection,33.72730000,-78.871000000
2022,HORRY (51),NOT APPLICABLE,3,20,1,0,SR-917,Rural,Not an Intersection,34.10819722,-79.132283330
2022,HORRY (51),CONWAY,4,13,1,0,CR-E COUNTRY CLUB RD,Urban,Not an Intersection,33.86389167,-79.038866670
2022,HORRY (51),NOT APPLICABLE,4,21,1,1,SR-33 FAIR BLUFF HWY,Rural,Not an Intersection,34.20115000,-78.972030560
2022,HORRY (51),MYRTLE BEACH,4,17,2,0,US-17 N HWY 17 BYPASS,Urban,Not an Intersection,33.71735000,-78.889011110
2022,HORRY (51),MYRTLE BEACH,4,18,1,0,US-17 HWY 17 BUSINESS,Urban,T-Intersection,33.72704722,-78.842647220
2022,HORRY (51),NOT APPLICABLE,4,20,1,1,SR-90 HWY 90,Rural,Not an Intersection,33.85561944,-78.806536110
2022,HORRY (51),CONWAY,4,6,1,1,US-701 MAIN ST,Urban,Not an Intersection,33.86050000,-79.055780560
2022,HORRY (51),NOT APPLICABLE,5,22,1,1,US-17 S KINGS HWY,Urban,Not an Intersection,33.64136111,-78.948211110
2022,HORRY (51),NOT APPLICABLE,5,20,1,0,US-701 HWY 701,Rural,Not an Intersection,33.77993889,-79.073980560
2022,HORRY (51),NOT APPLICABLE,5,20,1,1,US-17 HWY 17 BUSINESS,Urban,Not an Intersection,33.57640000,-79.025444440
2022,HORRY (51),NOT APPLICABLE,5,1,1,0,SR-57 WAMPEE RD,Rural,Not an Intersection,33.86289722,-78.725852780
2022,HORRY (51),NOT APPLICABLE,5,0,1,0,SR-1244 GEORGE BISHOP PKWY,Urban,Not an Intersection,33.71016111,-78.940269440
2022,HORRY (51),NOT APPLICABLE,5,19,1,0,US-501,Urban,Not an Intersection,33.89095556,-79.122480560
2022,HORRY (51),CONWAY,5,19,1,0,CR- JOHNSON STREET,Urban,Not an Intersection,33.81900000,-79.081088890
2022,HORRY (51),NOT APPLICABLE,5,12,1,0,SR-19 HWY 19,Rural,Not an Intersection,34.05328611,-78.999244440
2022,HORRY (51),MYRTLE BEACH,5,3,1,0,US-17 HWY 17 BUSINESS,Urban,Not an Intersection,33.74280000,-78.823800000
2022,HORRY (51),NOT APPLICABLE,6,23,1,1,SR-559 KINGS RD,Urban,Not an Intersection,33.77519444,-78.778144440
2022,HORRY (51),NOT APPLICABLE,6,21,1,0,CR- RIVER OAKS DRIVE,Urban,Not an Intersection,33.73291111,-78.905547220
2022,HORRY (51),CONWAY,7,4,1,0,SR-218 DUNN SHORTCUT RD,Urban,Not an Intersection,33.85684444,-79.107188890
2022,HORRY (51),NOT APPLICABLE,5,14,1,0,US-17 S KINGS HWY,Urban,Four-Way Intersection,33.63453056,-78.956555560
2022,HORRY (51),MYRTLE BEACH,5,22,1,0,US-17 S KINGS HWY,Rural,Not an Intersection,33.66240556,-78.922369440
2022,HORRY (51),NORTH MYRTLE BEACH,6,21,1,0,US-17,Urban,T-Intersection,33.81113333,-78.706608330
2022,HORRY (51),NORTH MYRTLE BEACH,7,4,1,0,SR-31 CAROLINA BAYS PKW,Urban,Not an Intersection,33.83948889,-78.704838890
2022,HORRY (51),NOT APPLICABLE,7,23,1,1,SR-992 BURCALE RD,Urban,Not an Intersection,33.71974722,-78.947061110
2022,HORRY (51),CONWAY,7,21,1,1,US-501 CHURCH STREET,Urban,Not an Intersection,33.87270000,-79.104269440
2022,HORRY (51),NOT APPLICABLE,7,14,1,0,SR-707 HWY 707,Urban,Not an Intersection,33.63813611,-79.032719440
2022,HORRY (51),NOT APPLICABLE,8,20,1,0,SR-111 HWY 11,Rural,Not an Intersection,33.89808889,-78.650938890
2022,HORRY (51),NOT APPLICABLE,9,2,1,0,SR-905,Rural,Not an Intersection,33.95569444,-78.704975000
2022,HORRY (51),NOT APPLICABLE,9,7,1,0,SR-808 PINT CIRCLE,Rural,Not an Intersection,33.86312222,-78.761266670
2022,HORRY (51),NOT APPLICABLE,9,18,1,0,SR-45 HWY 45,Rural,Not an Intersection,34.05391944,-78.909413890
2022,HORRY (51),NOT APPLICABLE,9,18,1,1,SR-99 PEE SDEE RD,Rural,Not an Intersection,33.92988889,-79.243011110
2022,HORRY (51),NOT APPLICABLE,9,21,1,0,US-17 S HWY 17 BUS,Urban,Not an Intersection,33.59573056,-78.999102780
2022,HORRY (51),NOT APPLICABLE,9,17,1,0,SR-29 DONGOLA HWY,Rural,Not an Intersection,33.78411111,-79.152294440
2022,HORRY (51),NOT APPLICABLE,10,6,1,0,SR-9 HWY 9,Rural,T-Intersection,34.01198056,-78.776761110
2022,HORRY (51),NOT APPLICABLE,10,14,1,0,SR-905 S HWY 905,Rural,Four-Way Intersection,33.90516944,-78.834594440
2022,HORRY (51),NOT APPLICABLE,10,5,1,1,CR-WAYSIDE RD,Rural,Not an Intersection,33.86618889,-79.138563890
2022,HORRY (51),NOT APPLICABLE,10,17,1,0,CR-RIVER OAKS DRIVE,Urban,Not an Intersection,33.72234444,-78.921183330
2022,HORRY (51),NOT APPLICABLE,10,5,1,1,SR-410 GREEN SEA RD,Rural,Not an Intersection,34.12865000,-78.975355560
2022,HORRY (51),MYRTLE BEACH,10,19,1,0,SR-1315 ROBERT GRISSOM PKWY,Urban,Four-Way Intersection,33.70100000,-78.903000000
2022,HORRY (51),NOT APPLICABLE,10,5,1,0,SR-9 HWY 9,Rural,Four-Way Intersection,34.21458333,-79.107577780
2022,HORRY (51),NOT APPLICABLE,10,20,1,0,SR-90 HWY 90,Rural,Not an Intersection,33.86116944,-78.726869440
2022,HORRY (51),NOT APPLICABLE,10,2,1,0,SR-57-HWY 57,Rural,Not an Intersection,33.90615556,-78.658836110
2022,HORRY (51),NOT APPLICABLE,11,6,1,1,CR-CAROLINA FOREST BLVD,Urban,Not an Intersection,33.75758333,-78.883713890
2022,HORRY (51),NOT APPLICABLE,11,20,1,1,SR-388 SANDY BLUFF RD,Rural,Not an Intersection,34.13568611,-78.879400000
2022,HORRY (51),MYRTLE BEACH,11,16,1,0,US-17 HWY 17 BUSINESS,Urban,Four-Way Intersection,33.74906111,-78.816080560
2022,HORRY (51),MYRTLE BEACH,11,17,1,1,CR-FARROW PARKWAY,Urban,Four-Way Intersection,33.68193056,-78.956650000
2022,HORRY (51),NOT APPLICABLE,11,10,2,0,SR-66 HWY 66,Rural,Not an Intersection,33.90513611,-78.908847220
2022,HORRY (51),NORTH MYRTLE BEACH,11,17,1,1,US-17,Urban,Not an Intersection,33.83300833,-78.674130560
2022,HORRY (51),NOT APPLICABLE,11,3,1,0,US-17,Urban,Not an Intersection,33.69063611,-78.950936110
2022,HORRY (51),NOT APPLICABLE,11,0,1,1,US-17 S HWY 17 BUS,Urban,Not an Intersection,33.58256111,-79.017050000
2022,HORRY (51),NOT APPLICABLE,12,2,1,1,SR-31 CAROLINA BAYS PKWY,Rural,Not an Intersection,33.77630833,-78.814636110
2022,HORRY (51),NOT APPLICABLE,12,17,1,0,SR-19 HWY 19,Rural,T-Intersection,34.04840278,-78.983097220
2022,HORRY (51),NOT APPLICABLE,12,19,1,1,US-701 HWY 701,Urban,Not an Intersection,33.89080556,-79.048122220
2022,HORRY (51),MYRTLE BEACH,12,20,1,1,SR-634 FRED NASH BLVD,Urban,Not an Intersection,33.69166944,-78.948338890
2022,HORRY (51),MYRTLE BEACH,12,18,1,0,SR-15 HWY 15,Urban,Not an Intersection,33.68983889,-78.907180560
2022,HORRY (51),NOT APPLICABLE,12,17,1,0,SR-917 HWY 917,Rural,Four-Way Intersection,34.09298333,-79.064586110
2022,HORRY (51),NOT APPLICABLE,12,12,1,0,US-17,Urban,T-Intersection,33.58093056,-79.019300000
2022,HORRY (51),NOT APPLICABLE,12,18,1,1,SR-905 HWY 905,Rural,T-Intersection,33.86435000,-78.989550000
2022,HORRY (51),NOT APPLICABLE,11,1,1,1,US-501 HWY 501,Urban,Not an Intersection,33.80324444,-79.008063890
2022,HORRY (51),NOT APPLICABLE,12,17,1,0,SR-19 HWY 19,Rural,Four-Way Intersection,34.04126944,-78.966830560
2023,HORRY (51),NOT APPLICABLE,1,17,1,0,SR-90 HWY 90,Rural,T-Intersection,33.85624444,-78.758030560
2023,HORRY (51),NOT APPLICABLE,1,3,1,0,US-501 HWY 501,Urban,Not an Intersection,33.76999444,-78.978436110
2023,HORRY (51),NOT APPLICABLE,1,7,1,1,US-17 BYPASS,Urban,Four-Way Intersection,33.66576944,-78.969844440
2023,HORRY (51),NOT APPLICABLE,2,1,1,1,SR-1250 NELSON RD,Rural,Not an Intersection,33.88207778,-78.609994440
2023,HORRY (51),NOT APPLICABLE,2,23,1,0,SR-1407,Urban,Not an Intersection,33.78981389,-78.773194440
2023,HORRY (51),NOT APPLICABLE,2,20,1,0,SR-31 CAROLINA BAYS PKWY,Urban,Not an Intersection,33.85358611,-78.697905560
2023,HORRY (51),CONWAY,2,13,1,0,US-501 CHURCH STREET,Urban,Not an Intersection,33.86468333,-79.096258330
2023,HORRY (51),MYRTLE BEACH,1,15,1,1,CR-THORNBURY DRIVE,Urban,Four-Way Intersection,33.67080000,-78.954600000
2023,HORRY (51),NOT APPLICABLE,3,6,1,0,SR-707 SOCASTEE BLVD,Urban,Not an Intersection,33.68520278,-78.970391670
2023,HORRY (51),NOT APPLICABLE,3,18,1,0,SR-45 HWY 45,Rural,Four-Way Intersection,34.04124722,-78.966958330
2023,HORRY (51),NOT APPLICABLE,3,7,1,0,US-501 HWY501,Rural,T-Intersection,33.92196111,-79.154669440
2023,HORRY (51),NOT APPLICABLE,3,20,1,1,SR-707 SOCASTEE BLVD,Urban,Not an Intersection,33.68581389,-78.974825000
2023,HORRY (51),NOT APPLICABLE,3,14,1,0,SR-544 DICK POND RD,Urban,Not an Intersection,33.64152778,-78.970747220
2023,HORRY (51),NOT APPLICABLE,4,19,1,0,US-501 W HWY 501,Urban,Not an Intersection,33.88724444,-79.117461110
2023,HORRY (51),NORTH MYRTLE BEACH,4,15,1,0,SR-9,Urban,Not an Intersection,33.87837778,-78.683111110
2023,HORRY (51),NORTH MYRTLE BEACH,4,2,1,1,SR-31 CAROLINA PARKWAY,Rural,Not an Intersection,33.82076111,-78.737619440
2023,HORRY (51),NOT APPLICABLE,4,13,1,0,SR-31 CAROLINA BAYS PKWY,Urban,Not an Intersection,33.75149722,-78.865277780
2023,HORRY (51),NOT APPLICABLE,4,7,1,0,SR-905 HWY 905,Rural,Not an Intersection,33.96075278,-78.688000000
2023,HORRY (51),MYRTLE BEACH,4,1,1,1,US-17 HWY 17,Urban,Not an Intersection,33.71728889,-78.889330560
2023,HORRY (51),NOT APPLICABLE,3,17,1,0,CR-CAROLINA FOREST BLVD,Urban,T-Intersection,33.75948056,-78.930963890
2023,HORRY (51),MYRTLE BEACH,5,10,1,0,US-17 US 17 BYPASS,Urban,Not an Intersection,33.70050000,-78.936200000
2023,HORRY (51),NOT APPLICABLE,5,16,1,0,US-501,Rural,Four-Way Intersection,34.05441389,-79.242213890
2023,HORRY (51),NOT APPLICABLE,5,23,1,1,US-17 S HWY 17 BUSINESS,Urban,Not an Intersection,33.59604167,-78.999019440
2023,HORRY (51),MYRTLE BEACH,5,1,1,1,CR-JENNINGS RD,Urban,T-Intersection,33.69221111,-78.907138890
2023,HORRY (51),MYRTLE BEACH,5,20,1,0,US-17 US HWY 17,Urban,Not an Intersection,33.71041111,-78.912230560
2023,HORRY (51),NOT APPLICABLE,6,14,1,0,CR-ROUND SWAMP RD,Rural,Not an Intersection,34.01925556,-78.808569440
2023,HORRY (51),NOT APPLICABLE,6,11,1,0,SR-616 DICKPOND RD,Urban,Other Intersection Type,33.68630556,-79.003650000
2023,HORRY (51),NORTH MYRTLE BEACH,6,19,1,0,SR-31 ROBERT EDGE PKWY,Urban,Not an Intersection,33.83549167,-78.685891670
2023,HORRY (51),NOT APPLICABLE,7,2,1,1,US-17 N KINGS HWY,Urban,Not an Intersection,33.73408889,-78.834230560
2023,HORRY (51),NOT APPLICABLE,7,1,1,0,US-378,Urban,Not an Intersection,33.84286944,-79.103194440
2023,HORRY (51),NOT APPLICABLE,7,22,1,0,CR-DEWITT RD,Rural,Not an Intersection,33.84036944,-78.770644440
2023,HORRY (51),NOT APPLICABLE,7,13,1,0,SR-19 ADRIAN HWY,Rural,Four-Way Intersection,33.95060833,-78.947775000
2023,HORRY (51),NORTH MYRTLE BEACH,7,21,1,0,SR-236 LITTLE RIVER NECK RD,Rural,Not an Intersection,33.84940000,-78.637480560
2023,HORRY (51),NOT APPLICABLE,7,6,1,0,SR-57 HWY 57,Urban,Not an Intersection,33.90986111,-78.649038890
2023,HORRY (51),NOT APPLICABLE,7,5,1,0,US-701 HWY 701,Rural,Not an Intersection,33.70036389,-79.109038890
2023,HORRY (51),NOT APPLICABLE,7,23,1,1,US-501,Urban,Not an Intersection,33.71403889,-78.921605560
2023,HORRY (51),NOT APPLICABLE,5,18,1,0,SR-347 W BEAR GRASS,Rural,Not an Intersection,33.95672222,-78.793727780
2023,HORRY (51),NOT APPLICABLE,5,22,1,1,US-17,Urban,T-Intersection,33.77376111,-78.796550000
2023,HORRY (51),CONWAY,8,14,1,0,CR-E COUNTRY CLUB DRIVE,Rural,Not an Intersection,33.85958056,-79.035861110
2023,HORRY (51),NOT APPLICABLE,8,5,1,1,US-501 HWY 501,Urban,Not an Intersection,33.75747778,-78.967097220
2023,HORRY (51),NOT APPLICABLE,8,10,1,0,US-701,Rural,Not an Intersection,33.93021111,-79.035761110
2023,HORRY (51),NOT APPLICABLE,8,20,1,0,SR-9 HWY 9,Rural,Y-Intersection,34.22410556,-79.123477780
2023,HORRY (51),NOT APPLICABLE,8,18,1,0,SR-29 CATES BAY HWY,Rural,Not an Intersection,33.81327500,-79.116430560
2023,HORRY (51),LORIS,9,13,1,0,SR-9 MAIN STREET,Rural,T-Intersection,34.05420833,-78.884316670
2023,HORRY (51),NOT APPLICABLE,9,9,1,0,SR-97 ADRIAN HWY,Rural,Not an Intersection,33.94174167,-78.982636110
2023,HORRY (51),CONWAY,9,4,1,1,US-501 HWY 501,Urban,Not an Intersection,33.81711944,-79.041811110
2023,HORRY (51),NOT APPLICABLE,10,15,1,0,US-501,Urban,T-Intersection,33.81076944,-79.028611110
2023,HORRY (51),CONWAY,10,19,1,0,SR-107 OAK STREET,Urban,Not an Intersection,33.86441111,-79.065130560
2023,HORRY (51),NOT APPLICABLE,10,1,1,0,CR-INDIGO CLUB DRIVE,Urban,Not an Intersection,33.59965000,-79.024263890
2023,HORRY (51),NOT APPLICABLE,10,2,2,0,US-701,Rural,Not an Intersection,33.70048889,-79.108761110
2023,HORRY (51),NOT APPLICABLE,10,1,1,1,US-17,Urban,Not an Intersection,33.79026944,-78.765625000
2023,HORRY (51),CONWAY,10,19,1,0,US-378 WRIGHT BLVD,Urban,Four-Way Intersection,33.83183056,-79.056561110
2023,HORRY (51),NOT APPLICABLE,11,1,1,0,SR-105 OLD REAVES FERRY RD,Rural,Not an Intersection,33.86393889,-78.946900000
2023,HORRY (51),NOT APPLICABLE,12,18,1,1,SR-707 SOCASTEE BLVD,Urban,T-Intersection,33.68494167,-78.985288890
2023,HORRY (51),NOT APPLICABLE,12,21,2,0,SR-31 RED BLUFF RD,Rural,Not an Intersection,33.92843611,-78.833794440
2023,HORRY (51),NORTH MYRTLE BEACH,12,15,1,1,US-17 N KINGS HWY,Urban,Four-Way Intersection,33.80462500,-78.721550000
2023,HORRY (51),NOT APPLICABLE,12,20,1,1,SR-544 SC 544,Urban,Not an Intersection,33.69673889,-79.012486110
2023,HORRY (51),NOT APPLICABLE,12,12,1,0,US-701 US HWY 701,Rural,Not an Intersection,34.11987778,-78.875861110
2023,HORRY (51),NOT APPLICABLE,12,1,1,1,US-501 HWY 501,Urban,Not an Intersection,33.78266111,-78.989902780
2023,HORRY (51),NOT APPLICABLE,12,0,1,0,SR-78 JUNIPER BAY RD,Rural,Not an Intersection,33.88457778,-79.178997220
2023,HORRY (51),SURFSIDE BEACH,12,5,1,1,US-17 HWY 17 BUSINESS,Urban,Not an Intersection,33.58118056,-79.018916670
2023,HORRY (51),NOT APPLICABLE,7,12,1,0,SR-9 HWY 9,Rural,Not an Intersection,33.98824444,-78.747563890
2023,HORRY (51),MYRTLE BEACH,12,0,1,0,US-17 S KINGS HWY,Urban,Four-Way Intersection,33.67681111,-78.902438890
2023,HORRY (51),MYRTLE BEACH,12,21,1,0,US-17 BYPASS,Urban,Not an Intersection,33.68736111,-78.956247220
2024,HORRY (51),NOT APPLICABLE,1,10,1,0,SR-19,Rural,Four-Way Intersection,33.95059444,-78.947511110
2024,HORRY (51),NOT APPLICABLE,2,19,1,0,CR-OLD SANDERS RD,Urban,Not an Intersection,33.83592500,-78.689694440
2024,HORRY (51),NOT APPLICABLE,3,16,1,0,SR-707 SOCASTEE BLVD,Urban,T-Intersection,33.68600278,-78.975372220
2024,HORRY (51),MYRTLE BEACH,3,6,1,0,US-17 BUSINESS,Urban,Four-Way Intersection,33.67801944,-78.900638890
2024,HORRY (51),CONWAY,3,8,1,0,US-501,Urban,Not an Intersection,33.86440000,-79.095727780
2024,HORRY (51),NOT APPLICABLE,3,22,1,0,SR-37TH AVE S,Urban,T-Intersection,33.80113889,-78.724580560
2024,HORRY (51),CONWAY,3,7,1,0,CR-MILL POND RD,Urban,T-Intersection,33.85341944,-79.065980560
2024,HORRY (51),NOT APPLICABLE,3,4,1,0,SR-24 JORDANVILLE RD,Rural,Not an Intersection,33.93454722,-79.220852780
2024,HORRY (51),NOT APPLICABLE,3,9,1,0,SR-19 HWY 19,Rural,Not an Intersection,34.09976944,-79.062938890
2024,HORRY (51),NOT APPLICABLE,3,22,1,0,SR-90,Rural,T-Intersection,33.85375000,-78.768375000
2024,HORRY (51),NOT APPLICABLE,4,20,1,0,SR-31 CAROLINA BAYS PKWY,Urban,Not an Intersection,33.87505000,-78.682558330
2024,HORRY (51),NOT APPLICABLE,4,23,1,1,US-17 HWY 17,Rural,Not an Intersection,33.88451389,-78.598572220
2024,HORRY (51),NOT APPLICABLE,4,21,1,0,SR-9,Rural,T-Intersection,33.98245278,-78.745344440
2024,HORRY (51),SURFSIDE BEACH,4,20,1,1,US-17 BUS HWY S,Urban,Four-Way Intersection,33.60078056,-78.993150000
2024,HORRY (51),CONWAY,4,13,1,0,US-701 MAIN STREET,Urban,T-Intersection,33.87191111,-79.051538890
2024,HORRY (51),NOT APPLICABLE,4,3,1,0,US-701,Rural,Not an Intersection,33.94443056,-79.028333330
2024,HORRY (51),NOT APPLICABLE,4,20,1,0,SR-132 RIDGE RD,Rural,Not an Intersection,33.95732778,-79.212122220
2024,HORRY (51),NOT APPLICABLE,4,15,1,0,SR-31 CAROLINA BAYS PKWY,Urban,Not an Intersection,33.87583611,-78.682036110
2024,HORRY (51),NOT APPLICABLE,5,12,1,0,SR-9 HWY 9,Urban,Not an Intersection,33.91398889,-78.717363890
2024,HORRY (51),NOT APPLICABLE,5,8,1,0,SR-544,Urban,T-Intersection,33.75563889,-79.020644440
2024,HORRY (51),CONWAY,5,1,1,0,US-501 HWY 501 BUS,Urban,Not an Intersection,33.81931944,-79.024558330
2024,HORRY (51),NOT APPLICABLE,5,17,1,0,SR-1315 INTERNATIONAL DRIVE,Rural,Not an Intersection,33.79372778,-78.882336110
2024,HORRY (51),NOT APPLICABLE,5,15,1,0,US-17,Urban,Four-Way Intersection,33.60759167,-79.014586110
2024,HORRY (51),MYRTLE BEACH,6,2,2,0,US-501 HWY 501,Urban,Four-Way Intersection,33.70656111,-78.910430560
2024,HORRY (51),CONWAY,6,23,1,1,US-501 HWY 501,Urban,Four-Way Intersection,33.79813889,-79.003488890
2024,HORRY (51),NORTH MYRTLE BEACH,6,18,1,1,CR- WOODLAND STREET,Urban,Four-Way Intersection,33.79450000,-78.731280560
2024,HORRY (51),NOT APPLICABLE,6,4,1,0,SR-23 NICHOLS HWY,Rural,Four-Way Intersection,34.04090278,-79.151447220
2024,HORRY (51),NOT APPLICABLE,7,2,1,1,US-17,Urban,Not an Intersection,33.63899167,-78.992116670
2024,HORRY (51),NOT APPLICABLE,7,23,1,0,SR-9,Urban,Not an Intersection,33.96021944,-78.737338890
2024,HORRY (51),LORIS,7,3,1,0,SSR-19,Rural,Not an Intersection,33.99092778,-78.953419440
2024,HORRY (51),NOT APPLICABLE,7,20,1,0,SSR-24 PEE DEE HWY,Rural,Not an Intersection,33.88479444,-79.234880560
2024,HORRY (51),MYRTLE BEACH,7,23,1,1,US-17 S KINGS HWY,Urban,Four-Way Intersection,33.67558889,-78.904161110
2024,HORRY (51),NOT APPLICABLE,8,22,1,0,SR-9 HWY 9,Rural,Not an Intersection,34.06043056,-78.848111110
2024,HORRY (51),NORTH MYRTLE BEACH,8,12,1,1,SR-9 SEA MOUNTIAN HWY,Urban,Not an Intersection,33.82798333,-78.643061110
2024,HORRY (51),NOT APPLICABLE,8,2,1,0,US-701,Rural,Not an Intersection,34.13300833,-78.875955560
2024,HORRY (51),NOT APPLICABLE,9,5,1,1,CR-INTERNATIONAL DR,Urban,Four-Way Intersection,33.75846667,-78.857297220
2024,HORRY (51),MYRTLE BEACH,9,5,1,0,US-17 S KINGS HWY,Urban,Four-Way Intersection,33.67621667,-78.903286110
2024,HORRY (51),NOT APPLICABLE,9,1,1,0,SSR-136 OLD BUCKSVILLE RD,Rural,Not an Intersection,33.74081389,-79.070552780
2024,HORRY (51),NOT APPLICABLE,9,6,1,0,SSR-112 DAISY RD,Rural,Not an Intersection,34.01031944,-78.927036110
2024,HORRY (51),NOT APPLICABLE,9,16,1,0,US-501,Urban,T-Intersection,33.75483611,-78.964816670
2024,HORRY (51),NOT APPLICABLE,8,20,1,1,US-701 S HWY 701,Rural,Not an Intersection,33.69286389,-79.115897220
2024,HORRY (51),NOT APPLICABLE,8,9,1,0,CR-CAROLINA FOREST BLVD,Urban,Four-Way Intersection,33.75868611,-78.941658330
2024,HORRY (51),NOT APPLICABLE,10,20,1,0,SR-707,Rural,Not an Intersection,33.65213889,-79.018191670
2024,HORRY (51),NOT APPLICABLE,10,4,1,1,SSR-857 HEMINGWAY RD,Rural,Not an Intersection,33.98217222,-78.763300000
2024,HORRY (51),NOT APPLICABLE,10,10,1,0,CR- RIVER OAKS DRIVE,Urban,Not an Intersection,33.73170000,-78.906688890
2024,HORRY (51),NOT APPLICABLE,10,19,1,1,CR- WEST HOMEWOOD RD,Urban,Not an Intersection,33.91471944,-79.052494440
2024,HORRY (51),NOT APPLICABLE,10,5,1,0,US-701,Rural,Not an Intersection,33.67116389,-79.139058330
2024,HORRY (51),NOT APPLICABLE,10,18,1,0,SR-9,Urban,Not an Intersection,33.90692778,-78.707355560
2024,HORRY (51),NOT APPLICABLE,10,22,1,0,SSR-423 PEE DEE RD,Rural,Not an Intersection,34.11900556,-79.192455560
2024,HORRY (51),NOT APPLICABLE,11,19,1,1,SR-707 SOCASTEE BLVD,Urban,Not an Intersection,33.68598889,-78.976080560
2024,HORRY (51),NOT APPLICABLE,11,1,1,1,US-501,Urban,Not an Intersection,33.80867222,-79.024288890
2024,HORRY (51),NOT APPLICABLE,11,17,1,0,SSR-24 JORDANVILLE RD,Rural,Not an Intersection,33.98053333,-79.209327780
2024,HORRY (51),NOT APPLICABLE,11,0,1,0,SR-90,Urban,Not an Intersection,33.85666944,-78.662244440
2024,HORRY (51),NOT APPLICABLE,11,8,1,1,US-17,Urban,Not an Intersection,33.87224167,-78.623858330
2024,HORRY (51),NOT APPLICABLE,12,23,1,0,SR-544 HWY 544,Urban,Not an Intersection,33.74976111,-79.021738890
2024,HORRY (51),NOT APPLICABLE,12,3,1,0,SSR-1279 CLAYPOND RD,Urban,Not an Intersection,33.71573056,-78.939511110
2024,HORRY (51),NORTH MYRTLE BEACH,3,13,1,0,US-17,Urban,T-Intersection,33.83483889,-78.671802780
