year,state,corridor,county,fatalities,truck_involved,truck_tractor_involved,land_use,roadway,latitude,longitude
2020,GA,I-95,MCINTOSH (191),1,False,False,Rural,I-95,31.38450000,-81.451794440
2020,GA,I-95,LIBERTY (179),6,False,False,Rural,I-95 PURPLE HEART TRL,31.78298333,-81.377569440
2020,GA,I-95,LIBERTY (179),1,True,True,Rural,I-95,31.76735556,-81.381002780
2020,GA,I-95,CHATHAM (51),1,False,False,Urban,I-95 RAMP,32.16346389,-81.217888890
2020,GA,I-95,CHATHAM (51),1,True,True,Urban,I-95,32.17345556,-81.209761110
2020,GA,I-95,CAMDEN (39),1,True,True,Rural,I-95,30.92771389,-81.686544440
2020,GA,I-95,MCINTOSH (191),1,False,False,Rural,I-95,31.38446667,-81.451791670
2020,GA,I-95,CAMDEN (39),1,True,True,Rural,I-95 HOWARD GILMAN HWY,30.88503611,-81.685766670
2020,GA,I-95,LIBERTY (179),1,True,True,Rural,I-95 SB,31.82168889,-81.359280560
2020,GA,I-95,BRYAN (29),1,True,True,Urban,I-95 N,31.95795278,-81.331050000
2020,GA,I-95,CHATHAM (51),1,True,True,Urban,I-95 N,32.13529167,-81.240016670
2020,GA,I-95,CHATHAM (51),1,True,True,Urban,I-95,32.00656667,-81.281327780
2020,GA,I-95,CHATHAM (51),1,False,False,Urban,I-95 TOM COLEMAN HWY,32.07367500,-81.246147220
2020,GA,I-95,MCINTOSH (191),1,False,False,Rural,I-95,31.48500556,-81.447055560
2020,GA,I-95,CHATHAM (51),2,False,False,Urban,I-95,32.20813333,-81.180852780
2020,GA,I-95,CHATHAM (51),1,True,True,Urban,I-95,32.21511389,-81.174975000
2020,GA,I-95,GLYNN (127),1,False,False,Urban,I-95,31.29662778,-81.483208330
2020,SC,I-26,RICHLAND (79),1,True,True,Urban,I-26,34.14544167,-81.236733330
2020,SC,I-95,DORCHESTER (35),2,True,True,Rural,i-95,33.22845000,-80.590780560
2020,SC,I-26,LEXINGTON (63),2,True,False,Urban,i-26,33.87822222,-81.036644440
2020,SC,I-26,LEXINGTON (63),1,True,True,Urban,I-26,33.96294722,-81.096669440
2020,SC,I-26,DORCHESTER (35),1,False,False,Rural,i-26,33.21446944,-80.415330560
2020,SC,I-26,NEWBERRY (71),1,False,False,Rural,i-26,34.23390556,-81.445430560
2020,SC,I-26,SPARTANBURG (83),1,False,False,Urban,I-26,35.00420556,-82.023761110
2020,SC,I-26,DORCHESTER (35),1,False,False,Rural,I-26,33.22468889,-80.427530560
2020,SC,I-26,NEWBERRY (71),1,True,True,Rural,I-26,34.32990833,-81.607405560
2020,SC,I-26,BERKELEY (15),1,False,False,Urban,I-26,33.03866667,-80.150147220
2020,SC,I-95,CLARENDON (27),1,False,False,Rural,I-95,33.57447778,-80.379216670
2020,SC,I-26,SPARTANBURG (83),1,True,True,Rural,I-26,34.72580833,-81.948886110
2020,SC,I-26,ORANGEBURG (75),1,False,False,Rural,I-26,33.34266944,-80.573966670
2020,SC,I-26,CHARLESTON (19),1,False,False,Urban,I-26,32.98115556,-80.078066670
2020,SC,I-26,COLLETON (29),1,False,False,Rural,I-26,33.00955833,-80.667488890
2020,SC,I-95,COLLETON (29),1,False,False,Rural,I-95,33.03470278,-80.668030560
2020,SC,I-26,BERKELEY (15),1,False,False,Rural,I-26,32.99883056,-80.094080560
2020,SC,I-95,COLLETON (29),1,False,False,Rural,I-95,32.87258611,-80.719616670
2020,SC,I-95,JASPER (53),1,False,False,Rural,I-95,32.46088889,-80.981758330
2020,SC,I-26,CHARLESTON (19),1,False,False,Rural,I-26,32.96175278,-80.072011110
2020,SC,I-26,CHARLESTON (19),1,False,False,Urban,I-26,32.81903056,-79.955108330
2020,SC,I-26,ORANGEBURG (75),1,True,True,Rural,I-26,33.35443611,-80.586297220
2020,SC,I-26,NEWBERRY (71),1,True,False,Rural,I-26,34.25587500,-81.492755560
2020,SC,I-26,RICHLAND (79),1,False,False,Rural,I-26,34.15432778,-81.259150000
2020,SC,I-95,SUMTER (85),1,False,False,Rural,I-95,33.99855000,-80.009038890
2020,SC,I-26,DORCHESTER (35),1,False,False,Rural,I-26,33.29930000,-80.529708330
2020,SC,I-26,BERKELEY (15),2,False,False,Urban,I-26,33.03845278,-80.148580560
2020,SC,I-26,ORANGEBURG (75),5,True,True,Rural,I-26,33.54888056,-80.815466670
2020,SC,I-95,JASPER (53),1,False,False,Rural,I-95,32.24498611,-81.138566670
2020,SC,I-95,FLORENCE (41),1,False,False,Rural,I-95,34.12836667,-79.891716670
2020,SC,I-26,SPARTANBURG (83),1,False,False,Rural,I-26,34.65536944,-81.921800000
2020,SC,I-26,NEWBERRY (71),1,False,False,Rural,I-26,34.25395278,-81.489102780
2020,SC,I-95,DORCHESTER (35),1,True,False,Rural,I-95,33.28331111,-80.563119440
2020,SC,I-26,CHARLESTON (19),1,False,False,Urban,I-26,32.85723333,-79.990877780
2020,SC,I-26,CHARLESTON (19),1,True,False,Urban,I-26,32.84414722,-79.982216670
2020,SC,I-26,RICHLAND (79),2,False,False,Urban,I-26,34.12864444,-81.205333330
2020,SC,I-95,COLLETON (29),2,False,False,Rural,I-95,32.87379167,-80.719308330
2020,SC,I-26,ORANGEBURG (75),1,False,False,Rural,I-26,33.36504167,-80.599002780
2020,SC,I-95,COLLETON (29),1,True,True,Rural,I-95,32.96674722,-80.676847220
2020,SC,I-26,LAURENS (59),1,False,False,Rural,I-26,34.47260833,-81.811608330
2020,SC,I-95,JASPER (53),1,True,True,Rural,I-95,32.38950833,-81.024566670
2020,SC,I-26,BERKELEY (15),1,False,False,Rural,I-26,33.12685556,-80.289325000
2020,SC,I-95,COLLETON (29),1,True,True,Rural,I-95,32.78861944,-80.780488890
2020,SC,I-26,RICHLAND (79),1,False,False,Urban,I-26,34.13709167,-81.218208330
2020,SC,I-95,ORANGEBURG (75),1,False,False,Rural,I-95,33.34158611,-80.534350000
2020,SC,I-95,COLLETON (29),1,False,False,Rural,I-95,33.05474167,-80.666455560
2020,SC,I-95,RICHLAND (79),1,True,False,Urban,I-95,34.04435833,-81.081966670
2020,SC,I-95,JASPER (53),1,False,False,Rural,I-95,32.36096667,-81.037758330
2020,SC,I-95,COLLETON (29),1,True,True,Rural,I-95,33.07328889,-80.657727780
2020,SC,I-95,ORANGEBURG (75),1,False,False,Rural,I-95 EXIT RAMP,33.49373611,-80.467530560
2021,GA,I-95,BRYAN (29),1,True,True,Urban,I-95 N,31.90902500,-81.324858330
2021,GA,I-95,CAMDEN (39),1,True,False,Rural,I-95,30.91779167,-81.685863890
2021,GA,I-95,CHATHAM (51),1,True,True,Urban,I-95,32.07803611,-81.244169440
2021,GA,I-95,MCINTOSH (191),1,False,False,Rural,I-95,31.52328333,-81.445313890
2021,GA,I-95,CHATHAM (51),1,False,False,Urban,I-95,32.15045000,-81.238577780
2021,GA,I-95,CAMDEN (39),1,False,False,Urban,I-95,30.81648333,-81.664400000
2021,GA,I-95,GLYNN (127),1,False,False,Urban,I-95,31.22716111,-81.515980560
2021,GA,I-95,CAMDEN (39),1,False,False,Rural,I-95,30.86890000,-81.682761110
2021,GA,I-95,CAMDEN (39),1,True,True,Rural,I-95,30.97017500,-81.675444440
2021,GA,I-95,BRYAN (29),1,True,True,Urban,I-95,31.93558333,-81.333455560
2021,GA,I-95,LIBERTY (179),1,True,True,Rural,I-95,31.79131389,-81.374938890
2021,GA,I-95,GLYNN (127),1,True,False,Urban,I-95,31.26885833,-81.492158330
2021,GA,I-95,GLYNN (127),1,False,False,Rural,I-95,31.32018611,-81.474977780
2021,GA,I-95,LIBERTY (179),2,False,False,Rural,I-95,31.82536111,-81.357205560
2021,SC,I-95,COLLETON (29),1,False,False,Rural,I-95,32.95695833,-80.679838890
2021,SC,I-95,ORANGEBURG (75),1,False,False,Rural,I-95,33.40094167,-80.510738890
2021,SC,I-26,LEXINGTON (63),1,False,False,Rural,I-26,33.89450278,-81.044105560
2021,SC,I-26,SPARTANBURG (83),1,True,False,Rural,I-26,34.63564167,-81.910666670
2021,SC,I-95,CLARENDON (27),1,True,False,Rural,I-95,33.68520833,-80.259258330
2021,SC,I-95,CLARENDON (27),1,True,True,Rural,I-95,33.74033056,-80.208130560
2021,SC,I-26,CHARLESTON (19),1,False,False,Urban,I-26 EXIT RAMP,32.79709167,-79.941313890
2021,SC,I-95,COLLETON (29),1,False,False,Rural,I-95,32.85066389,-80.734208330
2021,SC,I-95,COLLETON (29),1,False,False,Rural,I-95,32.95474444,-80.680858330
2021,SC,I-26,LEXINGTON (63),1,False,False,Rural,I-26,34.18030556,-81.327572220
2021,SC,I-26,LEXINGTON (63),2,False,False,Rural,I-26,33.89341667,-81.042891670
2021,SC,I-95,JASPER (53),1,False,False,Rural,I-95,32.27035278,-81.083588890
2021,SC,I-95,DILLON (33),1,False,False,Rural,I-95,34.32668056,-79.572855560
2021,SC,I-26,BERKELEY (15),1,True,True,Rural,I-26,33.12753333,-80.290002780
2021,SC,I-26,CALHOUN (17),1,True,True,Rural,I-26,33.70053056,-80.915186110
2021,SC,I-95,DORCHESTER (35),1,True,False,Rural,I-95 RAMP,33.19588889,-80.604519440
2021,SC,I-26,BERKELEY (15),1,False,False,Urban,I-26,33.01987222,-80.126591670
2021,SC,I-26,NEWBERRY (71),1,True,False,Rural,I-26,34.23318611,-81.444313890
2021,SC,I-95,JASPER (53),1,True,False,Rural,I-95,32.27366111,-81.079869440
2021,SC,I-26,CALHOUN (17),2,False,False,Rural,I-26,33.83333889,-81.021111110
2021,SC,I-95,ORANGEBURG (75),1,False,False,Rural,I-95,33.42978056,-80.488788890
2021,SC,I-95,CLARENDON (27),1,False,False,Rural,I-95,33.57253056,-80.381633330
2021,SC,I-95,CLARENDON (27),1,True,False,Rural,I-95,33.67735556,-80.264766670
2021,SC,I-26,DORCHESTER (35),1,True,False,Rural,I-26,33.20619444,-80.406447220
2021,SC,I-95,HAMPTON (49),2,False,False,Rural,I-95,32.68788889,-80.880719440
2021,SC,I-95,HAMPTON (49),1,False,False,Rural,I-95,32.71909444,-80.858311110
2021,SC,I-95,JASPER (53),1,True,True,Rural,I-95,32.25287500,-81.125552780
2021,SC,I-95,DILLON (33),2,True,True,Rural,I-95,34.32973333,-79.567813890
2021,SC,I-26,SPARTANBURG (83),1,False,False,Urban,I-26,34.93530000,-81.995161110
2021,SC,I-26,LEXINGTON (63),1,False,False,Urban,I-26,33.95163611,-81.091875000
2021,SC,I-26,LEXINGTON (63),2,False,False,Urban,I-26,33.88541111,-81.037900000
2021,SC,I-95,CHESTER (23),1,True,False,Rural,I-95,34.76482778,-81.037291670
2021,SC,I-95,CLARENDON (27),1,False,False,Rural,I-95,33.55098611,-80.406663890
2021,SC,I-26,SPARTANBURG (83),3,False,False,Urban,I-26,35.03647222,-82.037202780
2021,SC,I-26,SPARTANBURG (83),1,True,True,Urban,I-26,34.90348056,-81.991147220
2021,SC,I-26,RICHLAND (79),1,False,False,Urban,I-26,34.02857778,-81.101530560
2021,SC,I-95,HAMPTON (49),1,False,False,Rural,I-95,32.71056389,-80.866211110
2021,SC,I-95,CLARENDON (27),1,False,False,Rural,I-95,33.76238889,-80.178966670
2021,SC,I-26,ORANGEBURG (75),1,False,False,Rural,I-26,33.46067222,-80.732752780
2021,SC,I-95,FLORENCE (41),1,False,False,Urban,I-95,34.23003333,-79.799202780
2021,SC,I-26,CHARLESTON (19),1,False,False,Urban,I-26,32.94950278,-80.059419440
2021,SC,I-26,LEXINGTON (63),1,True,True,Rural,I-26,33.77786389,-80.982547220
2021,SC,I-95,FLORENCE (41),1,False,False,Rural,I-95,34.26579444,-79.713219440
2021,SC,I-26,ORANGEBURG (75),2,False,False,Rural,I-26,33.59575000,-80.856138890
2021,SC,I-26,ORANGEBURG (75),1,True,True,Rural,I-26,33.31701389,-80.546166670
2021,SC,I-26,CALHOUN (17),1,False,False,Rural,I-26,33.62438333,-80.870883330
2021,SC,I-26,LEXINGTON (63),1,False,False,Urban,I-26,33.92369722,-81.068150000
2021,SC,I-95,ORANGEBURG (75),1,False,False,Rural,I-95,33.33536111,-80.538061110
2021,SC,I-26,NEWBERRY (71),2,False,False,Rural,I-26,34.23134444,-81.440058330
2021,SC,I-95,JASPER (53),1,False,False,Rural,I-95,32.43130000,-81.000550000
2021,SC,I-26,ORANGEBURG (75),1,False,False,Rural,I-26,33.60474167,-80.861761110
2021,SC,I-26,BERKELEY (15),2,True,False,Rural,I-26,33.08413056,-80.210650000
2021,SC,I-26,CHARLESTON (19),1,False,False,Urban,I-26,32.86625278,-80.000408330
2021,SC,I-26,CALHOUN (17),1,False,False,Rural,I-26,33.63586111,-80.876250000
2021,SC,I-95,HAMPTON (49),1,True,True,Rural,I-95,32.72495000,-80.854119440
2021,SC,I-95,DILLON (33),1,False,False,Rural,I-95,34.48786111,-79.331880560
2021,SC,I-26,BERKELEY (15),1,False,False,Rural,I-26,33.05711944,-80.169811110
2021,SC,I-26,SPARTANBURG (83),1,True,True,Rural,I-26,34.78313889,-81.954719440
2021,SC,I-26,LAURENS (59),1,False,False,Urban,I-26,34.51088611,-81.867486110
2021,SC,I-26,SPARTANBURG (83),1,False,False,Urban,I-26 RAMP,35.08096389,-82.063138890
2021,SC,I-26,DORCHESTER (35),1,False,False,Rural,I-26,33.15536111,-80.346947220
2021,SC,I-26,CALHOUN (17),1,False,False,Rural,I-26,33.85697222,-81.029038890
2021,SC,I-95,COLLETON (29),1,False,False,Rural,I-95,32.81280278,-80.763069440
2021,SC,I-95,FLORENCE (41),2,True,True,Rural,I-95,34.27308611,-79.695991670
2021,SC,I-26,NEWBERRY (71),1,False,False,Rural,I-26,34.22527778,-81.425905560
2021,SC,I-26,LEXINGTON (63),2,False,False,Urban,I-26,33.95398889,-81.092322220
2021,SC,I-95,FLORENCE (41),1,True,True,Urban,I-95,34.24452222,-79.770344440
2021,SC,I-26,ORANGEBURG (75),1,False,False,Rural,I-26,33.38221111,-80.625761110
2021,SC,I-95,DORCHESTER (35),2,True,True,Rural,I-95,33.30673333,-80.554438890
2021,SC,I-95,JASPER (53),1,False,False,Rural,I-95,32.37688056,-81.030730560
2022,GA,I-95,LIBERTY (179),1,True,True,Rural,I-95,31.70648611,-81.390269440
2022,GA,I-95,GLYNN (127),1,False,False,Urban,I-95,31.27384167,-81.490522220
2022,GA,I-95,CHATHAM (51),1,False,False,Urban,I-95,32.18883611,-81.197030560
2022,GA,I-95,CHATHAM (51),1,True,True,Urban,I-95,32.18625833,-81.199205560
2022,GA,I-95,GLYNN (127),1,True,True,Urban,I-95,31.23239722,-81.511775000
2022,GA,I-95,CHATHAM (51),1,True,False,Urban,I-95,32.04270833,-81.262008330
2022,GA,I-95,EFFINGHAM (103),1,False,False,Urban,I-95,32.23064167,-81.158011110
2022,GA,I-95,CAMDEN (39),4,True,True,Urban,I-95,30.75549444,-81.651669440
2022,GA,I-95,CHATHAM (51),2,False,False,Urban,I-95,32.15488333,-81.234566670
2022,GA,I-95,GLYNN (127),1,True,True,Urban,I-95,31.24933333,-81.499255560
2022,GA,I-95,CAMDEN (39),1,False,False,Urban,I-95,30.84427778,-81.671383330
2022,GA,I-95,MCINTOSH (191),2,True,True,Rural,I-95,31.34256111,-81.463725000
2022,GA,I-95,CHATHAM (51),1,True,False,Urban,I-95,32.19927778,-81.187941670
2022,GA,I-95,MCINTOSH (191),1,True,True,Urban,I-95,31.63441111,-81.404869440
2022,GA,I-95,GLYNN (127),1,False,False,Urban,I-95,31.24771111,-81.499552780
2022,SC,I-26,BERKELEY (15),1,True,False,Rural,I-26,33.12393889,-80.282619440
2022,SC,I-95,JASPER (53),1,False,False,Rural,I-95,32.57840278,-80.929194440
2022,SC,I-26,SPARTANBURG (83),1,True,True,Urban,I-26,35.02683056,-82.035313890
2022,SC,I-26,CHARLESTON (19),1,False,False,Urban,I-26,32.97493056,-80.076280560
2022,SC,I-26,DORCHESTER (35),1,False,False,Rural,I-26,33.23118056,-80.442930560
2022,SC,I-95,CLARENDON (27),1,False,False,Rural,I-95,33.55373889,-80.403825000
2022,SC,I-95,COLLETON (29),1,False,False,Rural,I-95,33.08113889,-80.654605560
2022,SC,I-95,FLORENCE (41),1,True,True,Rural,I-95 EXIT RAMP,34.26430278,-79.732300000
2022,SC,I-26,RICHLAND (79),1,True,True,Rural,I-26,34.17027778,-81.301230560
2022,SC,I-95,ORANGEBURG (75),1,False,False,Rural,I-95,33.45661389,-80.478966670
2022,SC,I-26,CHARLESTON (19),1,False,False,Urban,I-26,32.84057778,-79.967452780
2022,SC,I-26,RICHLAND (79),1,False,False,Urban,I-26,34.03837500,-81.098544440
2022,SC,I-26,CHARLESTON (19),1,True,False,Urban,I-26 RAMP,32.93973889,-80.050702780
2022,SC,I-95,DILLON (33),1,True,True,Rural,I-95,34.34029722,-79.537930560
2022,SC,I-95,COLLETON (29),1,False,False,Urban,I-95,32.90484444,-80.703044440
2022,SC,I-95,JASPER (53),1,False,False,Rural,I-95,32.57618056,-80.934250000
2022,SC,I-26,BERKELEY (15),1,False,False,Rural,I-26,33.10765000,-80.254100000
2022,SC,I-95,JASPER (53),1,False,False,Rural,I-95,32.53680833,-80.954727780
2022,SC,I-26,ORANGEBURG (75),1,False,False,Rural,I-26,33.36491111,-80.598250000
2022,SC,I-26,ORANGEBURG (75),1,True,True,Rural,I-26,33.53379722,-80.803438890
2022,SC,I-95,ORANGEBURG (75),1,True,True,Rural,I-95,33.48499722,-80.471341670
2022,SC,I-95,CLARENDON (27),1,False,False,Rural,I-95,33.72719722,-80.223327780
2022,SC,I-95,CLARENDON (27),2,False,False,Rural,I-95,33.77849167,-80.170922220
2022,SC,I-95,ORANGEBURG (75),1,True,True,Rural,I-95,33.48939444,-80.469922220
2022,SC,I-26,DORCHESTER (35),1,False,False,Rural,I-26,33.18590278,-80.384830560
2022,SC,I-26,LEXINGTON (63),1,False,False,Urban,I-26,34.04905278,-81.122311110
2022,SC,I-26,LEXINGTON (63),1,True,True,Rural,I-26,33.77312222,-80.977577780
2022,SC,I-26,CHARLESTON (19),1,False,False,Urban,I-26 RAMP,32.87011111,-80.009244440
2022,SC,I-26,CHARLESTON (19),1,False,False,Urban,I-26,32.95139444,-80.061486110
2022,SC,I-95,DILLON (33),1,True,True,Rural,I-95,34.32892500,-79.569600000
2022,SC,I-95,DILLON (33),1,True,True,Rural,I-95,34.30961944,-79.614752780
2022,SC,I-26,RICHLAND (79),1,False,False,Urban,I-26,34.02450278,-81.103241670
2022,SC,I-26,ORANGEBURG (75),1,False,False,Rural,I-26,33.42688611,-80.686972220
2022,SC,I-26,NEWBERRY (71),1,False,False,Rural,I-26,34.32707778,-81.602111110
2022,SC,I-95,JASPER (53),1,False,False,Rural,I-95,32.24236111,-81.142161110
2022,SC,I-26,NEWBERRY (71),1,True,True,Rural,I-26,34.32610833,-81.600263890
2022,SC,I-95,DILLON (33),1,False,False,Rural,I-95,34.31835556,-79.591186110
2022,SC,I-26,ORANGEBURG (75),1,False,False,Rural,I-26,33.34338056,-80.574661110
2022,SC,I-26,DORCHESTER (35),1,False,False,Rural,I-26,33.25568333,-80.473322220
2022,SC,I-95,FLORENCE (41),1,False,False,Urban,I-95,34.22378611,-79.805652780
2022,SC,I-26,RICHLAND (79),1,False,False,Urban,I-26,34.02494444,-81.103036110
2022,SC,I-95,JASPER (53),1,False,False,Rural,I-95,32.25686111,-81.099061110
2022,SC,I-26,CHARLESTON (19),1,False,False,Urban,I-26,32.90001389,-80.021772220
2022,SC,I-95,FLORENCE (41),1,True,True,Urban,I-95,34.22893889,-79.799969440
2022,SC,I-26,CHARLESTON (19),1,False,False,Urban,I-26,32.98825278,-80.083450000
2022,SC,I-95,ORANGEBURG (75),1,False,False,Rural,I-95,33.45441667,-80.479308330
2022,SC,I-26,BERKELEY (15),1,False,False,Rural,I-26,33.12810833,-80.291152780
2022,SC,I-95,COLLETON (29),3,True,False,Rural,I-95,32.86684444,-80.724022220
2022,SC,I-26,CHARLESTON (19),1,True,True,Urban,I-26,32.98456389,-80.079500000
2023,GA,I-95,CAMDEN (39),1,False,False,Urban,I-95,30.79400000,-81.659897220
2023,GA,I-95,LIBERTY (179),1,True,True,Rural,I-95,31.67929722,-81.391616670
2023,GA,I-95,CHATHAM (51),1,False,False,Rural,I-95,32.02583889,-81.270297220
2023,GA,I-95,MCINTOSH (191),1,True,True,Rural,I-95,31.58391111,-81.429500000
2023,GA,I-95,CHATHAM (51),1,False,False,Urban,I-95,32.05336667,-81.256438890
2023,GA,I-95,CHATHAM (51),1,False,False,Urban,I-95,32.00492222,-81.283002780
2023,GA,I-95,GLYNN (127),1,False,False,Urban,I-95,31.23599167,-81.508372220
2023,GA,I-95,MCINTOSH (191),1,True,True,Rural,I-95,31.59967500,-81.422050000
2023,GA,I-95,LIBERTY (179),1,False,False,Rural,I-95,31.81938056,-81.360280560
2023,GA,I-95,BRYAN (29),1,False,False,Urban,I-95,31.96325556,-81.325547220
2023,GA,I-95,MCINTOSH (191),1,True,True,Rural,I-95,31.53670000,-81.444694440
2023,GA,I-95,GLYNN (127),1,False,False,Urban,I-95,31.31607222,-81.476888890
2023,GA,I-95,CAMDEN (39),1,True,True,Rural,I-95,31.06753611,-81.628513890
2023,GA,I-95,LIBERTY (179),1,False,False,Rural,I-95,31.77751111,-81.378708330
2023,GA,I-95,CAMDEN (39),1,False,False,Rural,I-95,30.99720278,-81.664008330
2023,GA,I-95,CHATHAM (51),1,False,False,Urban,I-95,32.09508611,-81.236630560
2023,GA,I-95,CHATHAM (51),1,False,False,Urban,I-95,32.18415556,-81.200430560
2023,SC,I-95,CLARENDON (27),1,False,False,Rural,I-95,33.74006944,-80.207961110
2023,SC,I-26,LAURENS (59),1,False,False,Rural,I-26,34.44495833,-81.771052780
2023,SC,I-95,ORANGEBURG (75),1,False,False,Rural,I-95,33.37434167,-80.521847220
2023,SC,I-95,CLARENDON (27),1,False,False,Rural,I-95,33.87763056,-80.102336110
2023,SC,I-26,BERKELEY (15),2,False,False,Rural,I-26,33.06423056,-80.180769440
2023,SC,I-26,BERKELEY (15),1,False,False,Urban,I-26,32.99846111,-80.094119440
2023,SC,I-95,ORANGEBURG (75),1,False,False,Rural,I-95,33.41391944,-80.497211110
2023,SC,I-95,COLLETON (29),1,False,False,Rural,I-95,32.77490278,-80.798697220
2023,SC,I-26,SPARTANBURG (83),1,True,True,Rural,I-26,34.61638056,-81.900533330
2023,SC,I-26,ORANGEBURG (75),1,False,False,Rural,I-26,33.43323333,-80.696297220
2023,SC,I-26,NEWBERRY (71),1,False,False,Rural,I-26,34.23734722,-81.456100000
2023,SC,I-95,DILLON (33),1,True,True,Urban,I-95,34.44055278,-79.376508330
2023,SC,I-26,BERKELEY (15),1,False,False,Rural,I-26,33.12536667,-80.285911110
2023,SC,I-95,COLLETON (29),1,False,False,Urban,I-95,32.91111944,-80.700038890
2023,SC,I-95,COLLETON (29),1,False,False,Rural,I-95,32.75160833,-80.828027780
2023,SC,I-26,SPARTANBURG (83),2,False,False,Rural,I-26,35.19307222,-82.166855560
2023,SC,I-95,COLLETON (29),1,False,False,Rural,I-95,32.78281111,-80.788005560
2023,SC,I-26,SPARTANBURG (83),1,False,False,Urban,I-26,34.98016389,-82.014305560
2023,SC,I-26,SPARTANBURG (83),1,False,False,Rural,I-26,35.12475556,-82.094450000
2023,SC,I-95,COLLETON (29),1,False,False,Urban,I-95,32.93444444,-80.687477780
2023,SC,I-95,CLARENDON (27),2,True,True,Rural,I-95,33.57913333,-80.371550000
2023,SC,I-95,ORANGEBURG (75),1,False,False,Rural,I-95,33.34410278,-80.533244440
2023,SC,I-95,FLORENCE (41),1,True,True,Rural,I-95,34.14651944,-79.876363890
2023,SC,I-26,LEXINGTON (63),1,False,False,Urban,I-26,33.97388056,-81.103586110
2023,SC,I-95,HAMPTON (49),1,False,False,Rural,I-95,32.71846944,-80.858783330
2023,SC,I-26,CHARLESTON (19),1,False,False,Urban,I-26,32.79885000,-79.943980560
2023,SC,I-26,ORANGEBURG (75),1,False,False,Rural,I-26,33.44630278,-80.714827780
2023,SC,I-26,CALHOUN (17),1,False,False,Rural,I-26,33.72691944,-80.929600000
2023,SC,I-26,SPARTANBURG (83),1,True,False,Urban,I-26,34.89900000,-81.992088890
2023,SC,I-26,DORCHESTER (35),1,True,True,Rural,I-26,33.19308056,-80.391980560
2023,SC,I-95,DILLON (33),1,True,True,Rural,I-95,34.38914167,-79.463288890
2023,SC,I-95,ORANGEBURG (75),1,False,False,Rural,I-95,33.36266944,-80.526450000
2023,SC,I-95,DARLINGTON (31),1,True,True,Urban,I-95,34.26141389,-79.747555560
2023,SC,I-95,DILLON (33),1,False,False,Rural,I-95,34.33524722,-79.555272220
2023,SC,I-95,JASPER (53),1,False,False,Rural,I-95,32.41106111,-81.013661110
2023,SC,I-26,LEXINGTON (63),1,False,False,Urban,I-26 EXIT RAMP,33.98038889,-81.106388890
2023,SC,I-26,ORANGEBURG (75),1,True,True,Rural,I-26,33.33536389,-80.565188890
2023,SC,I-26,CHARLESTON (19),1,False,False,Urban,I-26,32.92561111,-80.042030560
2023,SC,I-26,CHARLESTON (19),1,False,False,Urban,I-26 EXIT RAMP,32.92593889,-80.042061110
2023,SC,I-26,CHARLESTON (19),1,False,False,Urban,I-26,32.87538889,-80.014280560
2023,SC,I-26,CALHOUN (17),1,False,False,Rural,I-26,33.69096111,-80.910625000
2023,SC,I-95,DILLON (33),2,False,False,Rural,I-95,34.48708889,-79.332472220
2023,SC,I-26,SPARTANBURG (83),1,False,False,Urban,I-26,35.01268056,-82.031338890
2023,SC,I-26,LEXINGTON (63),1,False,False,Urban,I-26,33.94168611,-81.088555560
2023,SC,I-26,CHARLESTON (19),1,False,False,Urban,I-26,32.98975278,-80.084422220
2024,GA,I-95,CHATHAM (51),1,True,True,Urban,I-95,32.10489722,-81.237394440
2024,GA,I-95,GLYNN (127),1,False,False,Urban,I-95 NB,31.13266944,-81.578058330
2024,GA,I-95,CAMDEN (39),1,False,False,Urban,I-95,30.75790556,-81.652375000
2024,GA,I-95,GLYNN (127),1,False,False,Urban,I-95,31.28540278,-81.486419440
2024,GA,I-95,BRYAN (29),1,False,False,Rural,I-95,31.85470556,-81.341230560
2024,GA,I-95,MCINTOSH (191),1,True,True,Rural,I-95 SR-405,31.43071667,-81.443525000
2024,GA,I-95,LIBERTY (179),1,False,False,Rural,I-95 SB,31.77820556,-81.378811110
2024,GA,I-95,CHATHAM (51),1,False,False,Urban,I-95 NB,32.00772500,-81.280327780
2024,SC,I-26,LEXINGTON (63),1,False,False,Urban,I-26,34.04168889,-81.115102780
2024,SC,I-26,NEWBERRY (71),2,True,False,Rural,I-26,34.24778056,-81.479525000
2024,SC,I-26,BERKELEY (15),1,False,False,Urban,I-26,33.08413056,-80.210650000
2024,SC,I-26,CALHOUN (17),1,False,False,Rural,I-26,33.67898889,-80.902463890
2024,SC,I-26,BERKELEY (15),1,False,False,Urban,I-26,32.99905278,-80.094327780
2024,SC,I-26,SPARTANBURG (83),1,False,False,Urban,I-26,34.89391944,-82.157780560
2024,SC,I-95,JASPER (53),1,False,False,Urban,I-95,32.31726111,-81.059080560
2024,SC,I-95,SUMTER (85),1,True,False,Rural,I-95,33.95605278,-80.049411110
2024,SC,I-26,SPARTANBURG (83),5,True,False,Urban,I-26,35.05043611,-82.046216670
2024,SC,I-95,COLLETON (29),2,False,False,Urban,I-95,32.89602778,-80.708830560
2024,SC,I-26,RICHLAND (79),1,False,False,Urban,I-26,34.15454167,-81.259838890
2024,SC,I-95,ORANGEBURG (75),1,False,False,Rural,I-95 RAMP,33.31942222,-80.546927780
2024,SC,I-95,FLORENCE (41),1,False,False,Rural,I-95,34.05531111,-79.971888890
2024,SC,I-26,CHARLESTON (19),1,False,False,Urban,I-26 RAMP FROM PORT ACCESS RD,32.83405000,-79.957888890
2024,SC,I-95,DILLON (33),1,True,True,Rural,I-95,34.47930000,-79.339594440
2024,SC,I-95,COLLETON (29),1,True,False,Rural,I-95,33.00389444,-80.669372220
2024,SC,I-26,LEXINGTON (63),1,True,True,Rural,I-26,33.75965278,-80.953277780
2024,SC,I-26,SPARTANBURG (83),1,False,False,Urban,I-26,34.94046944,-82.000100000
2024,SC,I-26,ORANGEBURG (75),1,True,True,Rural,I-26,33.52405278,-80.795111110
2024,SC,I-95,FLORENCE (41),1,True,True,Urban,I-95,34.20288056,-79.834613890
2024,SC,I-95,SUMTER (85),1,False,False,Rural,I-95,33.99370278,-80.014211110
2024,SC,I-26,CHARLESTON (19),1,False,False,Urban,I-26,32.79708056,-79.942480560
2024,SC,I-26,ORANGEBURG (75),1,False,False,Rural,I-26 EXIT RAMP,33.31703611,-80.545580560
2024,SC,I-26,LAURENS (59),1,True,True,Rural,I-26,34.48023889,-81.822000000
2024,SC,I-95,DILLON (33),1,False,False,Urban,I-95,34.42776944,-79.400863890
2024,SC,I-95,FLORENCE (41),1,True,False,Urban,I-95,34.26499444,-79.721088890
2024,SC,I-26,ORANGEBURG (75),2,False,False,Rural,I-26,33.40880556,-80.660400000
2024,SC,I-26,ORANGEBURG (75),2,False,False,Rural,I-26,33.43514444,-80.698444440
2024,SC,I-95,CLARENDON (27),1,False,False,Rural,I-95,33.54612222,-80.411500000
2024,SC,I-26,ORANGEBURG (75),1,False,False,Rural,I-26,33.60241667,-80.860561110
2024,SC,I-26,CALHOUN (17),1,False,False,Rural,I-26,33.68811667,-80.908344440
2024,SC,I-26,ORANGEBURG (75),1,True,False,Rural,I-26,33.38803333,-80.634858330
2024,SC,I-26,LEXINGTON (63),2,True,True,Rural,I-26,34.19253889,-81.349219440
2024,SC,I-26,LEXINGTON (63),1,False,False,Urban,I-26,33.97636111,-81.105255560
2024,SC,I-26,ORANGEBURG (75),1,False,False,Urban,I-26,33.56073056,-80.825858330
2024,SC,I-95,DILLON (33),2,True,True,Urban,I-95,34.44258889,-79.373200000
2024,SC,I-26,LAURENS (59),1,True,True,Rural,I-26,34.44077222,-81.763425000
2024,SC,I-26,RICHLAND (79),1,False,False,Rural,I-26 RAMP,34.14341667,-81.232108330
