url,rank,refreshed,reviewer,clicks_16mo,impr_16mo,pos_16mo,peak_month,peak_month_clicks,yoy28_clicks,yoy28_impr,yoy28_pos,pre90_clicks,pre90_impr,pre90_pos,pre28_clicks,pre28_impr,pre28_pos,post_days_final,post_clicks_final,post_impr_final,post_pos_final,post_days_fresh,post_clicks_fresh,post_impr_fresh,post_pos_fresh
/blog/rollover-crashes-and-what-they-do-to-your-body/,1,2026-09-23,Graeham C. Gillin,649,161173,12.9,2025-08,86,84,12509,10.0,13,10713,31.6,2,4322,26.0,10,1,1448,19.5,12,2,1630,20.8
/blog/what-happens-if-i-resign-while-on-workers-compensation/,3,2026-09-23,Graeham C. Gillin,411,47347,11.3,2025-09,56,48,2533,12.4,29,5154,9.3,3,1001,10.5,10,0,260,8.9,12,0,290,8.7
/blog/shem-creek-boating-dock-injuries-mount-pleasant/,4,2026-09-23,Graeham C. Gillin,66,4226,8.6,2026-04,32,0,0,,7,569,7.0,3,157,7.5,10,0,132,9.8,12,0,141,9.7
/blog/using-uninsured-underinsured-motorist-coverage-in-georgia/,5,2026-09-23,Graeham C. Gillin,291,51699,18.1,2025-06,40,16,3280,22.9,15,2614,16.4,3,802,14.1,10,1,413,25.7,12,1,420,25.9
/blog/can-an-insurance-company-go-against-a-police-report/,7,2026-09-23,Graeham C. Gillin,2071,192863,8.0,2025-08,304,249,16407,7.3,18,8681,8.7,5,1970,7.9,10,6,542,7.1,12,6,564,7.1
/blog/how-car-insurers-use-private-investigators/,8,2026-09-23,Graeham C. Gillin,191,39424,18.7,2025-08,28,14,3519,30.0,18,3536,12.4,7,576,16.6,10,2,167,11.9,12,2,178,11.8
/blog/fault-vs-no-fault-car-insurance/,9,2026-09-23,Graeham C. Gillin,335,237703,14.9,2025-11,43,22,12059,22.0,19,48092,10.8,5,14285,10.5,10,0,4177,11.1,12,2,4895,10.7
/blog/compensatory-damages-vs-punitive-damages/,10,2026-09-23,Graeham C. Gillin,1228,492281,8.9,2025-08,230,120,51258,9.6,10,17490,12.5,4,6536,10.7,10,0,458,14.0,12,0,507,14.1
/blog/insurance-company-ignoring-demand-letter/,11,2026-09-23,Graeham C. Gillin,882,56266,13.1,2025-10,126,99,5268,12.4,50,3516,17.7,21,1201,14.9,10,8,473,9.2,12,9,525,9.3
/blog/liability-for-sudden-emergency-accidents/,12,2026-09-23,Graeham C. Gillin,147,22241,9.5,2026-05,27,7,3080,7.7,23,1862,8.1,4,522,11.3,10,0,133,10.3,12,0,138,10.1
/blog/what-to-do-if-your-georgia-police-report-is-wrong-or-has-mistakes/,14,2026-09-24,Eric Roden,160,19048,22.0,2026-02,16,12,1787,25.0,5,661,18.9,0,183,18.9,9,1,44,17.5,11,1,47,16.9
/blog/liability-for-epilepsy-related-car-accidents/,15,2026-09-24,Graeham C. Gillin,978,65616,11.0,2025-06,175,86,5062,12.1,32,2625,9.4,19,1061,6.9,9,0,229,7.3,11,0,251,7.3
/blog/when-does-a-sprained-ankle-become-a-work-injury/,16,2026-09-24,Graeham C. Gillin,444,51758,13.8,2025-07,69,40,4378,16.7,18,2868,11.0,12,949,8.4,9,1,288,6.1,11,2,308,6.1
/blog/negligence-vs-gross-negligence/,17,2026-09-24,Graeham C. Gillin,241,40886,19.4,2025-06,44,19,2157,16.2,6,2502,9.4,2,615,10.5,9,0,121,13.7,11,0,128,13.3
/blog/calculating-compensation-for-whiplash-injuries/,18,2026-09-24,Graeham C. Gillin,295,167953,23.6,2025-06,62,25,18809,26.5,6,9353,15.5,2,1659,25.5,9,2,268,24.3,11,2,298,24.6
/blog/dangerous-tools-garage/,19,2026-09-24,Graeham C. Gillin,121,21597,9.5,2026-05,20,14,2243,11.4,3,1695,10.3,0,670,8.8,9,0,159,8.3,11,0,172,8.4
/blog/claims-against-at-fault-drivers-who-died/,20,2026-09-24,Graeham C. Gillin,1090,84423,13.9,2025-06,220,124,9315,14.0,6,1882,21.0,1,448,8.1,9,2,128,8.3,11,3,133,8.2
/blog/medical-malpractice-limits-georgia/,21,2026-09-24,Eric Roden,54,13470,10.5,2026-05,16,0,0,,14,3600,15.5,1,796,18.6,9,2,223,17.3,11,2,241,18.3
/blog/are-red-light-runners-always-liable-if-they-crash/,24,2026-09-24,Graeham C. Gillin,967,60075,11.1,2025-08,144,119,5796,10.6,9,3981,11.4,2,712,12.5,9,1,120,18.9,11,1,143,18.0
/blog/switching-lawyers-during-a-case/,25,2026-09-24,Graeham C. Gillin,69,23298,15.1,2026-06,13,2,1025,18.4,16,3123,11.9,2,751,13.4,9,2,130,11.5,11,2,140,11.7
/blog/traffic-tickets-and-car-accident-claims/,26,2026-09-24,Graeham C. Gillin,60,12863,14.1,2026-04,13,1,374,25.7,12,2207,14.3,6,669,14.3,9,0,129,14.0,11,1,138,13.5
/blog/value-of-pain-and-suffering/,27,2026-09-24,Graeham C. Gillin,2612,233872,19.5,2025-07,801,473,33772,17.9,2,5596,21.3,1,1642,22.5,9,1,251,33.3,11,1,285,33.1
/blog/benefits-for-workplace-violence/,28,2026-09-24,Graeham C. Gillin,145,22472,16.4,2025-10,25,17,1984,19.7,5,1988,7.3,1,785,6.8,9,0,230,5.5,11,0,247,5.4
/blog/informed-consent/,29,2026-09-24,Graeham C. Gillin,51,17135,13.4,2026-04,11,0,360,25.7,11,1860,8.6,0,492,8.4,9,1,119,7.4,11,1,130,7.2
/blog/maximum-medical-improvement-in-an-injury-claim/,30,2026-09-24,Graeham C. Gillin,146,20287,11.5,2025-06,31,17,1051,8.1,8,1365,6.7,2,190,9.4,9,0,47,6.3,11,0,53,6.3
/blog/liability-for-crashes-caused-by-not-using-turn-signal/,31,2026-09-24,Eric Roden,83,16601,10.8,2025-10,13,5,1304,10.9,10,866,9.1,3,407,9.6,9,1,112,6.5,11,1,123,6.3
/blog/demand-letters-in-personal-injury-cases/,32,2026-09-24,Graeham C. Gillin,30,25114,32.8,2026-04,8,0,1010,59.5,4,5872,40.7,1,1691,39.9,9,0,255,39.6,11,0,299,40.5
/blog/filing-a-claim-for-an-injured-minor/,34,2026-09-24,Graeham C. Gillin,96,14688,22.0,2025-06,18,6,914,25.3,9,1073,22.0,2,286,22.6,9,0,55,23.4,11,0,78,20.2
/blog/taxes-on-car-crash-settlement-in-georgia/,35,2026-09-24,Graeham C. Gillin,38,9812,13.2,2026-04,12,0,138,29.1,7,2116,9.7,0,398,8.3,9,1,110,7.0,11,1,125,7.9
/blog/georgia-super-speeder-law/,36,2026-09-24,Graeham C. Gillin,81,78742,28.4,2025-08,16,7,4607,21.7,4,6032,27.0,0,1411,20.3,9,0,404,14.7,11,0,444,14.0
/blog/liens-and-your-personal-injury-claims/,37,2026-09-24,Graeham C. Gillin,86,14163,24.9,2026-05,12,5,1064,22.5,9,1663,45.7,2,510,46.7,9,2,105,43.2,11,2,113,43.8
/blog/options-for-recovering-more-than-policy-limits/,38,2026-09-24,Graeham C. Gillin,54,11654,11.6,2026-04,11,4,151,7.7,8,1232,14.4,3,262,17.1,9,1,51,18.1,11,1,58,16.7
/blog/folly-road-car-accidents-james-island-charleston/,39,2026-09-25,Graeham C. Gillin,27,3203,8.8,2026-04,7,0,0,,6,1161,8.8,0,653,8.4,8,1,76,8.2,10,1,83,8.6
/blog/how-pain-and-suffering-is-calculated-after-an-accident-in-georgia/,41,2026-09-25,Eric Roden,29,4050,7.0,2026-06,11,0,0,,6,1639,6.7,1,271,9.9,8,2,30,8.5,10,2,33,8.1
/blog/claims-for-lost-wages/,42,2026-09-25,Graeham C. Gillin,22,24739,18.2,2026-06,7,2,675,25.2,0,4556,19.6,0,586,25.3,8,0,60,36.5,10,0,70,33.6
/blog/impact-of-surgery-recommendation/,43,2026-09-25,Graeham C. Gillin,377,32649,14.9,2025-11,54,38,3322,17.2,10,944,17.6,2,351,12.2,8,2,163,6.5,10,3,175,6.4
/blog/georgia-statute-of-limitations/,45,2026-09-25,Graeham C. Gillin,40,36543,12.3,2026-05,7,3,1315,15.8,4,3127,22.3,0,1059,19.0,8,1,93,27.1,10,1,105,27.3
/blog/options-for-denied-injury-claims/,46,2026-09-25,Graeham C. Gillin,46,19312,16.8,2025-09,8,7,1134,14.3,4,2078,15.6,1,458,15.3,8,0,183,13.0,10,1,214,12.9
/blog/wearing-headphones-while-driving-in-charleston/,47,2026-09-25,Graeham C. Gillin,111,34485,10.2,2025-08,17,6,2832,10.9,6,5114,6.8,1,1173,6.9,8,0,308,6.9,10,0,355,6.9
/blog/animal-accident-insurance-coverage/,48,2026-09-25,Graeham C. Gillin,38,20724,24.8,2025-06,8,0,1555,28.6,2,2102,26.6,1,526,25.4,8,0,185,27.9,10,0,214,28.3
/blog/car-insurance-claim-denial-tactics/,49,2026-09-25,Graeham C. Gillin,16,6864,16.8,2026-05,5,0,244,29.7,0,491,14.8,0,86,22.6,8,0,113,6.5,10,0,120,6.4
/blog/what-to-do-after-car-accident-south-carolina/,50,2026-09-25,Graeham C. Gillin,54,14908,11.4,2026-06,16,0,0,,19,8603,13.0,10,2992,10.2,8,1,834,9.9,10,1,922,10.1
/blog/diminished-value-claims-after-car-accident/,51,2026-10-02,Graeham C. Gillin,55,45807,26.4,2026-05,19,0,0,,16,8085,30.6,0,853,23.2,1,0,27,24.6,3,0,67,18.4
/blog/uturn-crash-liability-in-charleston/,52,2026-10-02,Graeham C. Gillin,110,39575,12.0,2025-09,11,9,1627,16.6,11,6846,8.4,2,1686,7.3,1,0,59,6.6,3,0,107,6.7
/blog/charleston-parking-lot-parking-garage-accident/,53,2026-10-02,Graeham C. Gillin,11,4038,17.5,2026-05,5,0,0,,1,1641,16.1,0,432,11.1,1,0,13,18.7,3,0,23,14.2
/blog/carriage-tour-accidents-downtown-charleston-liability/,54,2026-10-02,Graeham C. Gillin,25,2029,8.5,2026-06,8,0,0,,10,757,8.1,4,219,7.5,1,0,4,12.2,3,0,5,11.8
/blog/letters-of-protection-for-injury-victims/,55,2026-10-02,Graeham C. Gillin,72,21734,20.5,2025-09,12,9,1366,11.9,6,2401,45.6,4,620,43.0,1,0,12,71.9,3,0,32,63.2
/blog/drunk-pedestrian-injury-claims/,56,2026-10-02,Graeham C. Gillin,54,5692,10.6,2025-06,9,2,194,8.7,5,459,9.3,1,116,8.2,1,0,9,3.2,3,0,13,3.1
/blog/motorcycle-accidents-dorchester-road-data/,57,2026-10-02,Graeham C. Gillin,12,637,7.9,2026-05,6,0,0,,2,110,8.9,1,28,8.3,1,0,1,5.0,3,0,2,8.5
/blog/north-charleston-crime-rate-hit-and-run/,58,2026-10-02,Graeham C. Gillin,12,1789,8.6,2026-04,6,0,0,,2,348,9.0,2,89,8.8,1,0,0,,3,0,1,8.0
/blog/answering-insurance-questions-after-crash/,59,2026-10-02,Graeham C. Gillin,226,41264,12.5,2025-10,34,22,3436,8.8,22,2478,23.7,7,728,19.6,1,0,14,30.0,3,1,34,20.5
/blog/liability-for-crash-due-to-tire-blowout-in-savannah/,61,2026-10-02,Eric Roden,322,30523,16.6,2025-07,51,42,2529,11.4,3,497,13.7,0,140,8.3,1,0,1,8.0,3,0,6,5.3
/blog/what-if-i-suspect-medical-malpractice/,62,2026-10-02,Graeham C. Gillin,18,5437,19.6,2026-04,6,0,200,8.1,4,858,32.3,0,114,40.8,1,0,8,28.2,3,0,24,18.2
/blog/blind-spot-accidents/,63,2026-10-02,Graeham C. Gillin,35,12786,16.3,2025-06,12,0,545,19.9,3,1284,14.9,1,316,13.6,1,0,7,20.0,3,0,9,16.9
/blog/charleston-medical-malpractice-hospital-claim-south-carolina/,64,2026-10-02,Graeham C. Gillin,13,4293,36.2,2026-05,5,0,0,,3,1774,47.7,1,381,30.3,1,0,7,46.1,3,0,10,46.2
/blog/average-personal-injury-settlement-amounts/,65,2026-10-02,Graeham C. Gillin,94,23259,13.6,2026-06,32,0,0,,35,8029,13.2,11,2126,14.8,1,0,40,29.9,3,0,103,29.4
/blog/columbia-dangerous-intersections-roads/,66,2026-10-02,Graeham C. Gillin,41,4641,8.0,2026-05,9,0,0,,17,1904,8.5,8,709,7.7,1,0,13,7.1,3,0,23,6.7
/blog/how-long-can-a-person-stay-on-workers-compensation/,67,2026-10-02,Graeham C. Gillin,31,10269,17.7,2026-05,12,0,20,18.7,12,4947,10.0,2,1399,8.5,1,0,20,12.5,3,0,43,12.1
/blog/darien-brunswick-dangerous-roads-i95-us17/,68,2026-10-02,Eric Roden,25,4829,9.1,2026-05,8,0,0,,8,2184,9.7,4,602,8.8,1,0,14,8.9,3,0,98,8.8
/blog/accident-claims-with-an-expired-license/,69,2026-10-02,Graeham C. Gillin,65,21535,12.9,2025-09,9,8,1651,10.2,6,2142,11.5,4,283,8.4,1,0,2,10.0,3,0,11,7.3
/blog/how-to-maximize-your-car-accident-compensation-in-georgia/,70,2026-10-02,Eric Roden,16,2264,12.3,2026-06,6,0,0,,4,668,16.4,1,179,18.3,1,0,4,9.5,3,0,9,7.4
/blog/ashley-phosphate-road-i-26-dangerous-intersection-charleston/,71,2026-10-02,Graeham C. Gillin,28,5292,8.7,2026-03,8,0,0,,8,1442,8.2,2,520,8.2,1,0,3,9.0,3,0,11,8.2
/blog/qualifications-for-car-accident-witnesses/,72,2026-10-02,Graeham C. Gillin,39,11230,17.0,2026-06,7,0,157,28.4,9,950,15.4,2,141,9.8,1,0,2,44.0,3,0,3,32.7
/blog/third-party-fault-for-work-injuries/,73,2026-10-02,Graeham C. Gillin,50,7325,16.1,2025-08,9,6,691,8.7,10,1439,14.3,4,723,10.7,1,0,7,18.1,3,0,12,13.0
/blog/is-workers-compensation-an-employee-benefit/,74,2026-10-02,Graeham C. Gillin,99,21741,16.3,2026-01,12,7,722,9.4,6,3649,21.9,5,1052,21.5,1,0,5,16.6,3,0,46,5.4
/blog/gym-injury-liability/,75,2026-10-02,Graeham C. Gillin,378,46221,18.6,2025-08,57,40,4482,15.0,25,3070,12.4,12,1186,10.1,1,0,31,10.1,3,0,80,8.9
/blog/blunt-force-trauma-from-a-crash-what-you-need-to-know/,76,2026-10-02,Eric Roden,16,22623,15.4,2026-05,8,0,0,,4,5064,23.6,2,1408,17.2,1,0,21,18.7,3,0,55,22.3
/blog/contingency-fee-system/,78,2026-10-02,Graeham C. Gillin,58,40893,16.1,2026-08,9,3,2776,17.0,15,2249,11.6,2,716,9.5,1,0,9,18.1,3,0,33,12.5
/blog/workers-comp-for-carpal-tunnel-syndrome/,79,2026-10-02,Graeham C. Gillin,27,11919,48.4,2026-05,4,0,868,55.6,8,1108,28.3,3,252,11.5,1,0,1,36.0,3,0,4,13.5
/blog/rear-end-accident-injuries/,80,2026-10-02,Graeham C. Gillin,40,11397,14.1,2026-06,9,0,0,,16,3569,24.1,0,864,16.6,1,0,19,21.5,3,0,42,17.6
/blog/why-mitigate-damages-after-a-car-crash/,81,2026-10-02,Eric Roden,189,18840,12.5,2025-08,23,20,1884,8.5,19,947,12.3,6,278,8.1,1,0,3,27.3,3,0,12,10.1
/blog/rear-end-collision-liability/,82,2026-10-02,Eric Roden,90,25843,29.4,2025-06,12,11,1944,35.6,8,1267,27.6,2,277,7.3,1,0,3,5.3,3,0,5,3.6
/blog/dangerous-savannah-intersections/,83,2026-10-02,Eric Roden,38,5146,16.7,2026-04,5,2,256,12.2,7,1205,16.9,2,345,16.7,1,0,12,21.7,3,0,23,22.3
/blog/georgia-pedestrian-right-of-way-laws/,84,2026-10-02,Eric Roden,27,12030,7.7,2026-03,12,0,0,,9,4794,8.2,3,1284,8.3,1,0,25,7.8,3,0,52,9.7
/blog/savannah-dangerous-highways-i16-i95-abercorn/,85,2026-10-02,Eric Roden,33,3284,8.5,2026-03,7,0,0,,13,1429,8.6,6,506,7.8,1,0,17,9.6,3,0,22,8.8
/blog/medical-malpractice-limits-south-carolina/,86,2026-10-05,Graeham C. Gillin,189,18772,9.6,2026-04,34,0,0,,82,7894,10.3,20,2882,8.0,0,0,0,,0,0,0,
/blog/dog-bite-laws-south-carolina-charleston/,87,2026-10-05,Graeham C. Gillin,37,3912,24.2,2026-09,9,0,0,,20,1935,30.4,5,651,22.3,0,0,0,,0,0,0,
/blog/south-carolina-statute-of-limitations-personal-injury/,88,2026-10-05,Graeham C. Gillin,94,11949,10.5,2026-07,25,0,0,,50,4973,11.1,15,1611,8.6,0,0,0,,0,0,0,
/blog/myrtle-beach-dangerous-roads-intersections/,89,2026-10-05,Graeham C. Gillin,85,25582,8.5,2026-07,19,0,0,,51,14641,8.0,15,3494,9.4,0,0,0,,0,0,0,
