office	post_id	state	date	action	url	cls
Savannah	5235796075478267892	LIVE	2026-08-23	LEARN_MORE	https://rodenlaw.com/es/blog/kemira-plant-drive-savannah-fatal-truck-accident-lawyer/	STALE-generic
Savannah	5397558668174304549	LIVE	2026-08-20	LEARN_MORE	https://rodenlaw.com/blog/kemira-plant-drive-savannah-fatal-truck-accident-lawyer/	STALE-generic
Savannah	3993177603323064107	LIVE	2026-08-13	LEARN_MORE	https://rodenlaw.com/es/blog/old-fort-jackson-savannah-fatal-truck-accident-lawyer/	ok
Savannah	1497303968365892129	LIVE	2026-08-10	LEARN_MORE	https://rodenlaw.com/blog/old-fort-jackson-savannah-fatal-truck-accident-lawyer/	ok
Savannah	3867392713569267304	LIVE	2026-07-28	LEARN_MORE	https://rodenlaw.com/blog/can-you-sue-hospital-negligence/	ok
Savannah	2889296310199734660	LIVE	2026-07-26	LEARN_MORE	https://rodenlaw.com/es/blog/eastern-wharf-harbor-street-electric-scooter-accident-lawyer/	ok
Savannah	8643451617778495564	LIVE	2026-07-23	LEARN_MORE	https://rodenlaw.com/blog/eastern-wharf-harbor-street-electric-scooter-accident-lawyer/	ok
Savannah	3992396645899330962	LIVE	2026-07-20	LEARN_MORE	https://rodenlaw.com/es/blog/east-bay-street-savannah-pedestrian-accident-lawyer/	STALE-generic
Savannah	1909907983524228566	LIVE	2026-07-17	LEARN_MORE	https://rodenlaw.com/blog/east-bay-street-savannah-pedestrian-accident-lawyer/	ok
Savannah	5020139181721958509	LIVE	2026-07-14	LEARN_MORE	https://rodenlaw.com/es/blog/southover-mills-b-lane-motorcycle-accident-lawyer/	STALE-generic
Savannah	2896796436851428455	LIVE	2026-07-11	LEARN_MORE	https://rodenlaw.com/es/blog/garden-city-ga-21-augusta-road-car-accident-lawyer/	STALE-generic
Savannah	4057731837263023233	LIVE	2026-07-09	LEARN_MORE	https://rodenlaw.com/blog/garden-city-ga-21-augusta-road-car-accident-lawyer/	ok
Savannah	1893374286187278184	LIVE	2026-07-07	LEARN_MORE	https://rodenlaw.com/es/locations/georgia/savannah/?utm_source=gbp&utm_medium=organic&utm_campaign=es_launch_savannah	ok
Savannah	7930844126448566087	LIVE	2026-06-29	LEARN_MORE	https://rodenlaw.com/blog/southover-mills-b-lane-motorcycle-accident-lawyer/	STALE-generic
Savannah	4982239317405157827	LIVE	2026-06-22	LEARN_MORE	https://rodenlaw.com/blog/garden-city-dean-forest-road-truck-accident-lawyer/	STALE-generic
Savannah	7728432547022157168	LIVE	2026-06-16	LEARN_MORE	https://rodenlaw.com/blog/savannah-veterans-parkway-car-accident-lawyer/	ok
Savannah	3260880814011266593	LIVE	2026-06-10	LEARN_MORE	https://rodenlaw.com/blog/yamacraw-village-pedestrian-accident-lawyer/	ok
Savannah	8304118615853650051	LIVE	2026-06-07	LEARN_MORE	https://rodenlaw.com/blog/garden-city-eden-loop-truck-accident-lawyer/	ok
Savannah	400293595736219391	LIVE	2026-06-04	LEARN_MORE	https://rodenlaw.com/blog/islands-expressway-whitemarsh-island-motorcycle-accident-chatham-county/	STALE-generic
Savannah	7060066446221769437	LIVE	2026-05-20	LEARN_MORE	https://rodenlaw.com/blog/atlantic-coastal-highway-us-17-rideshare-uber-lyft-crash-savannah-intermodal-transit-center/	ok
Savannah	1654567347843621954	LIVE	2026-05-18	LEARN_MORE	https://rodenlaw.com/blog/i-16-port-freight-truck-accident-garden-city-savannah/	ok
Savannah	2170926212230546727	LIVE	2026-05-16	LEARN_MORE	https://rodenlaw.com/blog/eastern-wharf-savannah-pedestrian-bike-accidents/	ok
Savannah	5861963462840126010	LIVE	2026-05-12	CALL		no-link
Savannah	3685899560635532480	LIVE	2026-05-08	CALL		no-link
Savannah	5603181817775548693	LIVE	2026-05-05	CALL		no-link
Savannah	8269670937499836681	LIVE	2026-05-01	CALL		no-link
Savannah	1009725001714179354	LIVE	2026-04-28	CALL		no-link
Savannah	301685064373246140	LIVE	2026-04-24	CALL		no-link
Savannah	5728531110235017136	LIVE	2026-04-21	CALL		no-link
Savannah	6872454951641485099	LIVE	2026-04-17	CALL		no-link
Savannah	4273282804934642038	LIVE	2026-04-14	CALL		no-link
Savannah	680744604797449916	LIVE	2024-08-21	LEARN_MORE	https://rodenlaw.com/blog/liability-in-head-on-collisions-savannah-ga/	ok
Savannah	4090727626878683825	LIVE	2024-08-13	LEARN_MORE	https://rodenlaw.com/blog/how-to-spot-distracted-drivers-ten-signs-savannah-ga/	ok
Savannah	5385284343990058785	LIVE	2024-07-30	LEARN_MORE	https://rodenlaw.com/blog/accepting-a-cash-offer-after-savannah-car-crash/	ok
Savannah	7307848284725759871	LIVE	2024-07-22	LEARN_MORE	https://rodenlaw.com/blog/dangers-of-emotional-driving-in-savannah-ga	ok (www/slash fix)
Savannah	237192342470477412	LIVE	2024-07-12	LEARN_MORE	https://rodenlaw.com/blog/legal-rights-after-memory-loss-savannah-crash/	ok
Savannah	6763077051443809380	LIVE	2024-07-05	LEARN_MORE	https://rodenlaw.com/blog/can-passengers-be-at-fault-for-a-savannah-crash/%20	STALE-generic
Savannah	6882232555168077907	LIVE	2024-06-27	LEARN_MORE	https://rodenlaw.com/blog/proving-back-pain-after-savannah-car-crash/	ok
Savannah	4758036554669370855	LIVE	2024-06-12	LEARN_MORE	https://rodenlaw.com/blog/liability-for-crashes-caused-by-not-using-turn-signal/	ok
Savannah	5077479377071091226	LIVE	2024-06-08	LEARN_MORE	https://rodenlaw.com/blog/rollover-crashes-and-what-they-do-to-your-body/	ok
Savannah	3840531390901222103	LIVE	2024-05-31	LEARN_MORE	https://rodenlaw.com/blog/are-red-light-runners-always-liable-if-they-crash/	ok
Savannah	7957602381442906784	LIVE	2024-05-24	LEARN_MORE	https://rodenlaw.com/blog/highway-hypnosis-what-it-is-why-it-is-a-crash-risk/	STALE-generic
Savannah	6900374875247990330	LIVE	2024-05-17	LEARN_MORE	https://rodenlaw.com/blog/blunt-force-trauma-after-savannah-car-crash/	redirected-to-related
Savannah	3035173508018430375	LIVE	2024-04-26	LEARN_MORE	https://rodenlaw.com/blog/what-to-know-about-chest-pain-after-a-savannah-car-crash/	ok
Savannah	2657984534341469116	LIVE	2024-04-20	LEARN_MORE	https://rodenlaw.com/blog/what-to-do-if-your-georgia-police-report-is-wrong-or-has-mistakes/	ok
Savannah	888096724112790866	LIVE	2024-04-12	LEARN_MORE	https://www.rodenlaw.com/blog/why-mitigate-damages-after-a-car-crash/	ok (www/slash fix)
Savannah	4626996378923207226	LIVE	2024-03-20	LEARN_MORE	https://www.rodenlaw.com/blog/leg-pain-and-leg-injuries-from-crash/	ok (www/slash fix)
Savannah	9097504296416833929	LIVE	2023-07-11	LEARN_MORE	https://www.rodenlaw.com/blog/value-of-pain-and-suffering/	ok (www/slash fix)
Savannah	1214414055810515965	LIVE	2023-06-06	LEARN_MORE	https://www.rodenlaw.com/blog/liability-for-epilepsy-related-car-accidents/	ok (www/slash fix)
Savannah	9157327774846497429	LIVE	2023-05-03	LEARN_MORE	https://www.rodenlaw.com/blog/answering-insurance-questions-after-crash/	ok (www/slash fix)
Charleston	930794876213200417	REJECTED	2026-08-09	LEARN_MORE	https://rodenlaw.com/es/blog/green-grove-mark-clark-expressway-uninsured-motorist-lawyer-north-charleston/	STALE-generic
Charleston	4699149135680761051	REJECTED	2026-08-06	LEARN_MORE	https://rodenlaw.com/blog/green-grove-mark-clark-expressway-uninsured-motorist-lawyer-north-charleston/	STALE-generic
Charleston	8487445632826242124	REJECTED	2026-07-28	LEARN_MORE	https://rodenlaw.com/blog/hipaa-violation-lawyer/	ok
Charleston	4788557287660095858	REJECTED	2026-07-26	LEARN_MORE	https://rodenlaw.com/es/blog/green-grove-dorchester-road-atv-accident-lawyer-north-charleston/	STALE-generic
Charleston	6413617521390477706	REJECTED	2026-07-23	LEARN_MORE	https://rodenlaw.com/blog/green-grove-dorchester-road-atv-accident-lawyer-north-charleston/	STALE-generic
Charleston	8919069624927681207	REJECTED	2026-07-20	LEARN_MORE	https://rodenlaw.com/es/blog/car-accident-attorney-near-me-west-ashley-citadel-mall/	STALE-generic
Charleston	1697895103981553893	REJECTED	2026-07-17	LEARN_MORE	https://rodenlaw.com/blog/car-accident-attorney-near-me-west-ashley-citadel-mall/	STALE-generic
Charleston	3467989769578033034	REJECTED	2026-07-14	LEARN_MORE	https://rodenlaw.com/es/blog/mount-pleasant-mark-clark-expressway-i-526-motorcycle-accident-lawyer/	STALE-generic
Charleston	5236282209550066450	REJECTED	2026-07-11	LEARN_MORE	https://rodenlaw.com/es/blog/mount-pleasant-johnnie-dodds-us-17-uninsured-motorist-lawyer/	STALE-generic
Charleston	516366215326153989	LIVE	2026-07-09	LEARN_MORE	https://rodenlaw.com/blog/mount-pleasant-johnnie-dodds-us-17-uninsured-motorist-lawyer/	ok
Charleston	2863128958627887433	REJECTED	2026-07-07	LEARN_MORE	https://rodenlaw.com/es/locations/south-carolina/charleston/?utm_source=gbp&utm_medium=organic&utm_campaign=es_launch_charleston	ok
Charleston	339243557405644423	LIVE	2026-07-01	LEARN_MORE	https://rodenlaw.com/blog/mount-pleasant-mark-clark-expressway-i-526-motorcycle-accident-lawyer/	ok
Charleston	1935328319368314035	LIVE	2026-06-24	LEARN_MORE	https://rodenlaw.com/blog/mark-clark-expressway-i-526-18-wheeler-accident-lawyer-north-charleston/	STALE-generic
Charleston	8679634803625772185	LIVE	2026-06-17	LEARN_MORE	https://rodenlaw.com/blog/west-ashley-sam-rittenberg-boulevard-motorcycle-accident-lawyer/	STALE-generic
Charleston	127860986065800230	LIVE	2026-06-10	LEARN_MORE	https://rodenlaw.com/blog/mount-pleasant-johnnie-dodds-us-17-wrongful-death-car-accident-lawyer/	ok
Charleston	7257313693157023201	LIVE	2026-06-07	LEARN_MORE	https://rodenlaw.com/blog/daniel-island-i-526-wando-bridge-truck-accident-berkeley-county/	ok
Charleston	2999449742410643475	LIVE	2026-06-03	LEARN_MORE	https://rodenlaw.com/blog/rifle-range-road-mount-pleasant-car-accident-heritage-park-west/	ok
Charleston	370213881619457685	LIVE	2026-05-20	LEARN_MORE	https://rodenlaw.com/blog/credit-one-stadium-event-day-crashes-daniel-island-beekman-street/	ok
Charleston	883745668844176247	LIVE	2026-05-18	LEARN_MORE	https://rodenlaw.com/blog/i-526-mount-pleasant-wando-bridge-accident/	ok
Charleston	8344185517383276548	LIVE	2026-05-17	LEARN_MORE	https://rodenlaw.com/blog/i-526-mount-pleasant-wando-bridge-accident/	ok
Charleston	2237206517807507733	LIVE	2026-05-12	CALL		no-link
Charleston	7063970835983170904	LIVE	2026-05-08	CALL		no-link
Charleston	1449434152881070456	LIVE	2026-05-05	CALL		no-link
Charleston	2969915741369623540	LIVE	2026-05-01	CALL		no-link
Charleston	5362381993242622089	LIVE	2026-04-28	CALL		no-link
Charleston	6827412976757825560	LIVE	2026-04-24	CALL		no-link
Charleston	9217539174262075340	LIVE	2026-04-21	CALL		no-link
Charleston	2777864179456034147	LIVE	2026-04-20	LEARN_MORE	https://rodenlaw.com/blog/south-carolina-statute-of-limitations-personal-injury/	ok
Charleston	5633379033814626809	LIVE	2026-04-20	LEARN_MORE	https://rodenlaw.com/blog/pedestrian-safety-park-circle-north-charleston/	ok
Charleston	8790275258467436958	LIVE	2026-04-20	LEARN_MORE	https://rodenlaw.com/blog/port-truck-accidents-charleston-liability/	ok
Charleston	3233001159207743873	LIVE	2026-04-20	LEARN_MORE	https://rodenlaw.com/blog/motorcycle-accidents-dorchester-road-data/	ok
Charleston	8990648691006657939	LIVE	2026-04-20	LEARN_MORE	https://rodenlaw.com/blog/north-charleston-crime-rate-hit-and-run/	ok
Charleston	4310157388470525563	LIVE	2026-04-20	LEARN_MORE	https://rodenlaw.com/blog/ashley-phosphate-i-26-south-carolinas-deadliest-intersection/	ok
Charleston	3308085237245649351	LIVE	2026-04-17	CALL		no-link
Charleston	786404273739153882	LIVE	2026-04-14	CALL		no-link
Charleston	8894275085465048781	LIVE	2026-03-05	LEARN_MORE	https://rodenlaw.com/locations/south-carolina/park-circle/	DEAD-404
Charleston	5441162816440842407	LIVE	2026-02-26	LEARN_MORE	https://rodenlaw.com/locations/south-carolina/park-circle/	DEAD-404
Charleston	7242430528930843247	LIVE	2026-02-19	LEARN_MORE	https://rodenlaw.com/practice-areas/charleston/car-accident-lawyers/	STALE-generic
Charleston	1258144764610436336	LIVE	2026-02-19	LEARN_MORE	https://rodenlaw.com/locations/south-carolina/park-circle/	DEAD-404
Charleston	2204792928671389647	LIVE	2026-02-12	LEARN_MORE	https://rodenlaw.com/locations/south-carolina/park-circle/	DEAD-404
Charleston	1121834963420792769	LIVE	2025-12-16	LEARN_MORE	https://rodenlaw.com/blog/charlestons-crash-hotspots-to-avoid-in-2025/	redirected-to-related
Charleston	2096476581895073713	LIVE	2025-12-16	LEARN_MORE	https://rodenlaw.com/charlestons-crash-hotspots-to-avoid-in-2025-2/	DEAD-404
Charleston	4328894934028730726	LIVE	2025-12-16	LEARN_MORE	https://rodenlaw.com/blog/amazon-fedex-delivery-crashes/	redirected-to-related
Charleston	943541981291218275	LIVE	2025-12-15	LEARN_MORE	https://rodenlaw.com/blog/who-is-at-fault-in-a-charleston-merge-accident-2/	redirected-to-related
Charleston	781153803802015354	LIVE	2025-12-15	LEARN_MORE	https://rodenlaw.com/blog/how-to-get-your-charleston-police-accident-report/	STALE-generic
Charleston	2337151290689160476	LIVE	2025-12-15	LEARN_MORE	https://rodenlaw.com/blog/why-federal-rules-matter-in-your-port-of-charleston-truck-accident/	redirected-to-related
Charleston	1488198839256400281	LIVE	2025-12-04	CALL		no-link
Charleston	9044727598698329798	LIVE	2025-12-03	LEARN_MORE	https://rodenlaw.com/blog/lower-king-street-pedestrian-safety/	ok
Charleston	7258895637213459120	LIVE	2025-11-05	LEARN_MORE	https://rodenlaw.com/blog/a-charleston-residents-guide-to-tourist-car-accidents-2/	redirected-to-related
Charleston	5378015433998808847	LIVE	2025-10-27	LEARN_MORE	https://rodenlaw.com/a-pedestrians-guide-to-claiming-lost-wages-in-charleston/	redirected-to-related
Myrtle Beach	6031797831152946759	LIVE	2026-08-12	LEARN_MORE	https://rodenlaw.com/blog/golf-colony-south-reindeer-road-underinsured-motorist-lawyer/	STALE-generic
Myrtle Beach	6214695465794145062	REJECTED	2026-08-06	LEARN_MORE	https://rodenlaw.com/es/blog/n-lake-drive-dick-pond-road-sc-544-underinsured-motorist-lawyer/	STALE-generic
Myrtle Beach	6533000012567570697	REJECTED	2026-08-03	LEARN_MORE	https://rodenlaw.com/blog/n-lake-drive-dick-pond-road-sc-544-underinsured-motorist-lawyer/	STALE-generic
Myrtle Beach	1431182324973398445	REJECTED	2026-07-30	LEARN_MORE	https://rodenlaw.com/blog/hipaa-violation-lawsuit-worth/	ok
Myrtle Beach	5724398051232505233	LIVE	2026-07-28	LEARN_MORE	https://rodenlaw.com/es/blog/n-lake-drive-us-17-business-best-car-accident-lawyer/	ok
Myrtle Beach	9109277943266089248	LIVE	2026-07-25	LEARN_MORE	https://rodenlaw.com/blog/n-lake-drive-us-17-business-best-car-accident-lawyer/	ok
Myrtle Beach	6152876079795023967	REJECTED	2026-07-20	LEARN_MORE	https://rodenlaw.com/es/blog/murrells-inlet-jet-ski-accident-lawyer/	STALE-generic
Myrtle Beach	5306217452317816745	REJECTED	2026-07-17	LEARN_MORE	https://rodenlaw.com/blog/murrells-inlet-jet-ski-accident-lawyer/	STALE-generic
Myrtle Beach	5925382150988013071	REJECTED	2026-07-14	LEARN_MORE	https://rodenlaw.com/es/blog/litchfield-pawleys-island-golf-cart-accident-lawyer-georgetown-county/	STALE-generic
Myrtle Beach	6028948374444163343	REJECTED	2026-07-11	LEARN_MORE	https://rodenlaw.com/es/blog/dick-pond-road-sc-544-truck-accident-lawyer-surfside-beach/	STALE-generic
Myrtle Beach	5562414833961899260	LIVE	2026-07-09	LEARN_MORE	https://rodenlaw.com/blog/dick-pond-road-sc-544-truck-accident-lawyer-surfside-beach/	STALE-generic
Myrtle Beach	780241067103528945	REJECTED	2026-07-07	LEARN_MORE	https://rodenlaw.com/es/locations/south-carolina/myrtle-beach/?utm_source=gbp&utm_medium=organic&utm_campaign=es_launch_myrtle_beach	ok
Myrtle Beach	8418488406988460161	LIVE	2026-07-07	LEARN_MORE	https://rodenlaw.com/blog/litchfield-pawleys-island-golf-cart-accident-lawyer-georgetown-county/	ok
Myrtle Beach	6828119039262613955	LIVE	2026-06-23	LEARN_MORE	https://rodenlaw.com/blog/socastee-holmestown-road-underinsured-motorist-lawyer/	STALE-generic
Myrtle Beach	8375764831516098222	LIVE	2026-06-16	LEARN_MORE	https://rodenlaw.com/blog/bucksport-marina-waccamaw-intracoastal-boating-accident-lawyer/	STALE-generic
Myrtle Beach	5122622083500985771	LIVE	2026-06-10	LEARN_MORE	https://rodenlaw.com/blog/south-kings-highway-us-17-business-underinsured-motorist-lawyer/	ok
Myrtle Beach	8014115702803343190	LIVE	2026-06-05	LEARN_MORE	https://rodenlaw.com/blog/surfside-beach-golf-colony-golf-cart-accident-lawyer/	ok
Myrtle Beach	2348374814001818982	LIVE	2026-06-04	LEARN_MORE	https://rodenlaw.com/blog/litchfield-beach-pawleys-island-us-17-car-accident-georgetown-county/	ok
Myrtle Beach	1732509689180578597	LIVE	2026-05-18	LEARN_MORE	https://rodenlaw.com/blog/dog-bite-surfside-beach-29575/	ok
Myrtle Beach	1065211107780889306	LIVE	2026-05-18	LEARN_MORE	https://rodenlaw.com/blog/drunk-driver-crash-south-kings-highway-us-17-business-surfside-beach-29575/	ok
Myrtle Beach	687128600450228481	LIVE	2026-05-17	LEARN_MORE	https://rodenlaw.com/blog/dog-bite-surfside-beach-29575/	ok
Myrtle Beach	7682105696873269376	LIVE	2026-05-12	CALL		no-link
Myrtle Beach	3251643122087582664	LIVE	2026-05-08			no-link
Myrtle Beach	6083939216838663588	LIVE	2026-05-05	CALL		no-link
Myrtle Beach	1173440387421562941	LIVE	2026-05-01	CALL		no-link
Myrtle Beach	2921654473587562177	LIVE	2026-04-28	CALL		no-link
Myrtle Beach	7434005613644766451	LIVE	2026-04-24	CALL		no-link
Myrtle Beach	1315864292293786777	LIVE	2026-04-21	CALL		no-link
Myrtle Beach	2434698647416611975	LIVE	2026-04-17	CALL		no-link
Myrtle Beach	1028604236342343405	LIVE	2026-04-14	CALL		no-link
Myrtle Beach	8956241370523990651	LIVE	2025-12-16	LEARN_MORE	https://rodenlaw.com/blog/amazon-fedex-delivery-crashes/	redirected-to-related
Myrtle Beach	6996385898869406377	LIVE	2025-12-12	LEARN_MORE	https://rodenlaw.com/blog/myrtle-beach-golf-cart-laws/	redirected-to-related
North Charleston	2018594472520731390	REJECTED	2026-09-05	LEARN_MORE	https://rodenlaw.com/es/blog/wando-gardens-faber-place-drive-best-car-accident-lawyer-north-charleston/	STALE-generic
North Charleston	6344011749275074825	REJECTED	2026-09-02	LEARN_MORE	https://rodenlaw.com/blog/wando-gardens-faber-place-drive-best-car-accident-lawyer-north-charleston/	STALE-generic
North Charleston	4217293046667478792	REJECTED	2026-08-11	LEARN_MORE	https://rodenlaw.com/es/blog/tenmile-i-26-best-car-accident-lawyer-north-charleston/	STALE-generic
North Charleston	4532996015326024186	REJECTED	2026-08-08	LEARN_MORE	https://rodenlaw.com/blog/tenmile-i-26-best-car-accident-lawyer-north-charleston/	STALE-generic
North Charleston	7189482568978076320	REJECTED	2026-07-20	LEARN_MORE	https://rodenlaw.com/es/blog/rivers-avenue-northwoods-bus-accident-lawyer-north-charleston/	STALE-generic
North Charleston	8820306395221551996	REJECTED	2026-07-17	LEARN_MORE	https://rodenlaw.com/blog/rivers-avenue-northwoods-bus-accident-lawyer-north-charleston/	STALE-generic
North Charleston	2406914056412026701	REJECTED	2026-07-14	LEARN_MORE	https://rodenlaw.com/es/blog/summerville-i-26-18-wheeler-accident-lawyer-dorchester-county/	STALE-generic
North Charleston	4968259000398815587	LIVE	2026-07-09	LEARN_MORE	https://rodenlaw.com/blog/chicora-cherokee-carner-avenue-us-52-car-accident-attorney-north-charleston/	STALE-generic
North Charleston	6970091508452751610	LIVE	2026-07-02	LEARN_MORE	https://rodenlaw.com/blog/summerville-i-26-18-wheeler-accident-lawyer-dorchester-county/	STALE-generic
North Charleston	6541526838965238877	LIVE	2026-06-23	LEARN_MORE	https://rodenlaw.com/blog/park-circle-east-montague-drunk-driving-accident-lawyer-north-charleston/	STALE-generic
North Charleston	5146307820367038403	LIVE	2026-06-16	LEARN_MORE	https://rodenlaw.com/blog/hanahan-murray-avenue-highland-park-bicycle-accident-lawyer/	ok
North Charleston	6079975418074382830	LIVE	2026-06-08	LEARN_MORE	https://rodenlaw.com/blog/best-car-accident-lawyer-ashley-river-road-greenwood-park-west-ashley/	STALE-generic
North Charleston	7422112740058689319	LIVE	2026-06-07	LEARN_MORE	https://rodenlaw.com/blog/international-boulevard-airport-rideshare-uber-lyft-crash-north-charleston/	ok
North Charleston	8834262439835039117	LIVE	2026-06-02	LEARN_MORE	https://rodenlaw.com/blog/north-rhett-avenue-truck-accident-hanahan-berkeley-county/	ok
North Charleston	3706208825444388142	LIVE	2026-05-21	LEARN_MORE	https://rodenlaw.com/blog/hit-and-run-drunk-driver-crashes-ashley-river-road-sc-61-west-ashley-greenwood-park/	ok
North Charleston	329917272307167359	LIVE	2026-05-19	LEARN_MORE	https://rodenlaw.com/blog/pedestrian-accident-dorchester-road-school-zone-29418-north-charleston/	ok
North Charleston	9201614363048252225	LIVE	2026-05-17	LEARN_MORE	https://rodenlaw.com/blog/rideshare-accident-i-26-tenmile-north-charleston/	ok
North Charleston	3554114370911114127	LIVE	2026-05-12	CALL		no-link
North Charleston	7476843845425879090	LIVE	2026-05-08	CALL		no-link
North Charleston	4182738367327023175	LIVE	2026-05-05	CALL		no-link
North Charleston	1375271280416835026	LIVE	2026-05-01	CALL		no-link
North Charleston	7221442259579619840	LIVE	2026-04-28	CALL		no-link
North Charleston	5687998386668475254	LIVE	2026-04-24	CALL		no-link
North Charleston	2173567907575860939	LIVE	2026-04-21	CALL		no-link
North Charleston	7374060970054992535	LIVE	2026-04-17	CALL		no-link
North Charleston	1787062464529913954	LIVE	2026-04-14	CALL		no-link
Darien	5255232070060154979	REJECTED	2026-07-28	LEARN_MORE	https://rodenlaw.com/blog/can-you-sue-hipaa-violation/	ok
Darien	6380900053318935131	REJECTED	2026-07-26	LEARN_MORE	https://rodenlaw.com/es/blog/boys-estate-glynn-county-best-car-accident-lawyer/	ok
Darien	1369062207096017838	REJECTED	2026-07-23	LEARN_MORE	https://rodenlaw.com/blog/boys-estate-glynn-county-best-car-accident-lawyer/	ok
Darien	6793970899314479600	REJECTED	2026-07-20	LEARN_MORE	https://rodenlaw.com/es/blog/st-simons-island-kings-way-motorcycle-accident-lawyer/	STALE-generic
Darien	3384735194883975083	REJECTED	2026-07-17	LEARN_MORE	https://rodenlaw.com/blog/st-simons-island-kings-way-motorcycle-accident-lawyer/	STALE-generic
Darien	1849411457016421981	REJECTED	2026-07-14	LEARN_MORE	https://rodenlaw.com/es/blog/eulonia-us-17-ocean-highway-rideshare-uber-accident-lawyer-mcintosh-county/	ok
Darien	761200931559004564	REJECTED	2026-07-11	LEARN_MORE	https://rodenlaw.com/es/blog/brunswick-ocean-highway-us-17-underinsured-motorist-lawyer-glynn-county/	STALE-generic
Darien	8360590390090035013	REJECTED	2026-07-07	LEARN_MORE	https://rodenlaw.com/es/locations/georgia/darien/?utm_source=gbp&utm_medium=organic&utm_campaign=es_launch_darien	ok
Darien	3791554825354128376	LIVE	2026-07-09	LEARN_MORE	https://rodenlaw.com/blog/brunswick-ocean-highway-us-17-underinsured-motorist-lawyer-glynn-county/	STALE-generic
Darien	7307278299399959315	LIVE	2026-06-30	LEARN_MORE	https://rodenlaw.com/blog/eulonia-us-17-ocean-highway-rideshare-uber-accident-lawyer-mcintosh-county/	ok
Darien	9050599104197799403	LIVE	2026-06-24	LEARN_MORE	https://rodenlaw.com/blog/darien-i-95-truck-accident-lawyer/	STALE-generic
Darien	7600741204388175335	LIVE	2026-06-17	LEARN_MORE	https://rodenlaw.com/blog/darien-river-boating-accident-lawyer/	ok
Darien	770106874240019704	LIVE	2026-06-09	LEARN_MORE	https://rodenlaw.com/blog/mcintosh-county-drunk-driver-accident-lawyer/	ok
Darien	2234158148955887953	LIVE	2026-06-07	LEARN_MORE	https://rodenlaw.com/blog/brunswick-i-95-truck-accident-lawyer/	STALE-generic
Darien	2927363031358287100	LIVE	2026-06-04	LEARN_MORE	https://rodenlaw.com/blog/us-17-i-95-darien-wrongful-death-mcintosh-county/	ok
Darien	2755828120348445493	LIVE	2026-05-20	LEARN_MORE	https://rodenlaw.com/blog/us-17-truck-accident-broadfield-glynn-county/	ok
Darien	278203612284371965	LIVE	2026-05-20	LEARN_MORE	https://rodenlaw.com/blog/motorcycle-accident-i-95-glynn-county-brunswick-darien/	ok
Darien	8050130082599689204	LIVE	2026-05-17	LEARN_MORE	https://rodenlaw.com/blog/us-17-truck-accident-broadfield-glynn-county/	ok
Darien	247129659704159836	LIVE	2026-05-12	CALL		no-link
Darien	7118924894191978706	LIVE	2026-05-08	CALL		no-link
Darien	3566948820070724690	LIVE	2026-05-05	CALL		no-link
Darien	7474893190939659649	LIVE	2026-05-01	CALL		no-link
Darien	1135067301322532166	LIVE	2026-04-28	CALL		no-link
Darien	1629247794781371135	LIVE	2026-04-28	CALL		no-link
Darien	3398191619881188944	LIVE	2026-04-24	CALL		no-link
Darien	2601011834669070384	LIVE	2026-04-21	CALL		no-link
Darien	1917785833125344050	LIVE	2026-04-17	CALL		no-link
Darien	174550104100472625	LIVE	2026-04-14	CALL		no-link
Columbia	1739207559975103779	PROCESSING	2026-07-20	LEARN_MORE	https://rodenlaw.com/es/blog/cayce-12th-street-uninsured-motorist-lawyer/	STALE-generic
Columbia	437258484358265041	PROCESSING	2026-07-17	LEARN_MORE	https://rodenlaw.com/blog/cayce-12th-street-uninsured-motorist-lawyer/	ok
Columbia	5464233663105510809	PROCESSING	2026-07-14	LEARN_MORE	https://rodenlaw.com/es/blog/st-andrews-road-widewater-18-wheeler-accident-lawyer-richland-county/	STALE-generic
Columbia	5247010417818558749	PROCESSING	2026-07-11	LEARN_MORE	https://rodenlaw.com/es/blog/i-20-bush-river-road-motorcycle-accident-lawyer-columbia/	STALE-generic
Columbia	7041677248609982900	PROCESSING	2026-07-09	LEARN_MORE	https://rodenlaw.com/blog/i-20-bush-river-road-motorcycle-accident-lawyer-columbia/	STALE-generic
Columbia	3582339872700150295	PROCESSING	2026-07-07	LEARN_MORE	https://rodenlaw.com/es/locations/south-carolina/columbia/?utm_source=gbp&utm_medium=organic&utm_campaign=es_launch_columbia	ok
Columbia	7107153887239134078	PROCESSING	2026-07-06	LEARN_MORE	https://rodenlaw.com/blog/st-andrews-road-widewater-18-wheeler-accident-lawyer-richland-county/	ok
Columbia	6866497722018659040	PROCESSING	2026-06-25	LEARN_MORE	https://rodenlaw.com/blog/edmund-highway-lexington-county-car-accident-lawyer/	STALE-generic
Columbia	5079926589194833633	PROCESSING	2026-06-16	LEARN_MORE	https://rodenlaw.com/blog/five-points-columbia-uber-accident-lawyer/	STALE-generic
Columbia	8805659514619905442	PROCESSING	2026-06-08	LEARN_MORE	https://rodenlaw.com/blog/sunset-boulevard-west-columbia-drunk-driver-accident-lawyer/	STALE-generic
Columbia	2916035505567671844	PROCESSING	2026-06-05	LEARN_MORE	https://rodenlaw.com/blog/broad-river-road-pedestrian-accident-lawyer-harbison-columbia/	STALE-generic
Columbia	864331185277725427	PROCESSING	2026-06-03	LEARN_MORE	https://rodenlaw.com/blog/columbia-airport-expressway-us-378-truck-accident-springdale-lexington-county/	ok
Columbia	5285064242356742510	PROCESSING	2026-05-18	LEARN_MORE	https://rodenlaw.com/blog/sunset-boulevard-us-378-lexington-medical-center-accident/	ok
Columbia	3093066089350673174	PROCESSING	2026-05-18	LEARN_MORE	https://rodenlaw.com/blog/i-77-truck-accident-northeast-columbia-richland-county/	ok
Columbia	3113228116142000128	PROCESSING	2026-05-17	LEARN_MORE	https://rodenlaw.com/blog/sunset-boulevard-us-378-lexington-medical-center-accident/	ok
Columbia	856936374506804577	PROCESSING	2026-05-12	CALL		no-link
Columbia	2060630226791332676	PROCESSING	2026-05-08	CALL		no-link
Columbia	8408736995525163895	PROCESSING	2026-05-05	CALL		no-link
Columbia	3636215388311395884	PROCESSING	2026-05-01	CALL		no-link
Columbia	4211479788090195335	PROCESSING	2026-04-28	CALL		no-link
Columbia	1659696609846512169	PROCESSING	2026-04-24	CALL		no-link
Columbia	8281236853145688088	PROCESSING	2026-04-21	CALL		no-link
Columbia	3383594272768859404	PROCESSING	2026-04-17	CALL		no-link
Columbia	6606303528472352435	PROCESSING	2026-04-14	CALL		no-link
