https://rodenlaw.com/a-pedestrians-guide-to-claiming-lost-wages-in-charleston/	301	https://rodenlaw.com/blog/a-pedestrians-guide-to-claiming-lost-wages-in-charleston/	200 https://rodenlaw.com/blog/a-pedestrians-guide-to-claiming-lost-wages-in-charleston/
https://rodenlaw.com/blog/a-charleston-residents-guide-to-tourist-car-accidents-2/	301	https://rodenlaw.com/blog/proving-a-tourist-was-at-fault-in-your-charleston-accident/	200 https://rodenlaw.com/blog/proving-a-tourist-was-at-fault-in-your-charleston-accident/
https://rodenlaw.com/blog/accepting-a-cash-offer-after-savannah-car-crash/	200		
https://rodenlaw.com/blog/amazon-fedex-delivery-crashes/	301	https://rodenlaw.com/car-accident-lawyers/delivery-vehicle-accident/	200 https://rodenlaw.com/car-accident-lawyers/delivery-vehicle-accident/
https://rodenlaw.com/blog/are-red-light-runners-always-liable-if-they-crash/	200		
https://rodenlaw.com/blog/ashley-phosphate-i-26-south-carolinas-deadliest-intersection/	200		
https://rodenlaw.com/blog/atlantic-coastal-highway-us-17-rideshare-uber-lyft-crash-savannah-intermodal-transit-center/	200		
https://rodenlaw.com/blog/best-car-accident-lawyer-ashley-river-road-greenwood-park-west-ashley/	301	https://rodenlaw.com/practice-areas/car-accident-lawyers/	200 https://rodenlaw.com/practice-areas/car-accident-lawyers/
https://rodenlaw.com/blog/blunt-force-trauma-after-savannah-car-crash/	301	https://rodenlaw.com/blog/blunt-force-trauma-from-a-crash-what-you-need-to-know/	200 https://rodenlaw.com/blog/blunt-force-trauma-from-a-crash-what-you-need-to-know/
https://rodenlaw.com/blog/boys-estate-glynn-county-best-car-accident-lawyer/	200		
https://rodenlaw.com/blog/broad-river-road-pedestrian-accident-lawyer-harbison-columbia/	301	https://rodenlaw.com/practice-areas/pedestrian-accident-lawyers/	200 https://rodenlaw.com/practice-areas/pedestrian-accident-lawyers/
https://rodenlaw.com/blog/brunswick-i-95-truck-accident-lawyer/	301	https://rodenlaw.com/practice-areas/truck-accident-lawyers/	200 https://rodenlaw.com/practice-areas/truck-accident-lawyers/
https://rodenlaw.com/blog/brunswick-ocean-highway-us-17-underinsured-motorist-lawyer-glynn-county/	301	https://rodenlaw.com/practice-areas/car-accident-lawyers/	200 https://rodenlaw.com/practice-areas/car-accident-lawyers/
https://rodenlaw.com/blog/bucksport-marina-waccamaw-intracoastal-boating-accident-lawyer/	301	https://rodenlaw.com/practice-areas/boating-accident-lawyers/	200 https://rodenlaw.com/practice-areas/boating-accident-lawyers/
https://rodenlaw.com/blog/can-passengers-be-at-fault-for-a-savannah-crash/%20	301	https://rodenlaw.com/blog/can-passengers-be-at-fault-for-a-savannah-crash/	200 https://rodenlaw.com/practice-areas/car-accident-lawyers/
https://rodenlaw.com/blog/can-you-sue-hipaa-violation/	200		
https://rodenlaw.com/blog/can-you-sue-hospital-negligence/	200		
https://rodenlaw.com/blog/car-accident-attorney-near-me-west-ashley-citadel-mall/	301	https://rodenlaw.com/practice-areas/car-accident-lawyers/	200 https://rodenlaw.com/practice-areas/car-accident-lawyers/
https://rodenlaw.com/blog/cayce-12th-street-uninsured-motorist-lawyer/	200		
https://rodenlaw.com/blog/charlestons-crash-hotspots-to-avoid-in-2025/	301	https://rodenlaw.com/resources/dangerous-roads-north-charleston/	200 https://rodenlaw.com/resources/dangerous-roads-north-charleston/
https://rodenlaw.com/blog/chicora-cherokee-carner-avenue-us-52-car-accident-attorney-north-charleston/	301	https://rodenlaw.com/practice-areas/car-accident-lawyers/	200 https://rodenlaw.com/practice-areas/car-accident-lawyers/
https://rodenlaw.com/blog/columbia-airport-expressway-us-378-truck-accident-springdale-lexington-county/	200		
https://rodenlaw.com/blog/credit-one-stadium-event-day-crashes-daniel-island-beekman-street/	200		
https://rodenlaw.com/blog/dangers-of-emotional-driving-in-savannah-ga	301	https://rodenlaw.com/blog/dangers-of-emotional-driving-in-savannah-ga/	200 https://rodenlaw.com/blog/dangers-of-emotional-driving-in-savannah-ga/
https://rodenlaw.com/blog/daniel-island-i-526-wando-bridge-truck-accident-berkeley-county/	200		
https://rodenlaw.com/blog/darien-i-95-truck-accident-lawyer/	301	https://rodenlaw.com/practice-areas/truck-accident-lawyers/	200 https://rodenlaw.com/practice-areas/truck-accident-lawyers/
https://rodenlaw.com/blog/darien-river-boating-accident-lawyer/	200		
https://rodenlaw.com/blog/dick-pond-road-sc-544-truck-accident-lawyer-surfside-beach/	301	https://rodenlaw.com/practice-areas/truck-accident-lawyers/	200 https://rodenlaw.com/practice-areas/truck-accident-lawyers/
https://rodenlaw.com/blog/dog-bite-surfside-beach-29575/	200		
https://rodenlaw.com/blog/drunk-driver-crash-south-kings-highway-us-17-business-surfside-beach-29575/	200		
https://rodenlaw.com/blog/east-bay-street-savannah-pedestrian-accident-lawyer/	200		
https://rodenlaw.com/blog/eastern-wharf-harbor-street-electric-scooter-accident-lawyer/	200		
https://rodenlaw.com/blog/eastern-wharf-savannah-pedestrian-bike-accidents/	200		
https://rodenlaw.com/blog/edmund-highway-lexington-county-car-accident-lawyer/	301	https://rodenlaw.com/practice-areas/car-accident-lawyers/	200 https://rodenlaw.com/practice-areas/car-accident-lawyers/
https://rodenlaw.com/blog/eulonia-us-17-ocean-highway-rideshare-uber-accident-lawyer-mcintosh-county/	200		
https://rodenlaw.com/blog/five-points-columbia-uber-accident-lawyer/	301	https://rodenlaw.com/practice-areas/car-accident-lawyers/	200 https://rodenlaw.com/practice-areas/car-accident-lawyers/
https://rodenlaw.com/blog/garden-city-dean-forest-road-truck-accident-lawyer/	301	https://rodenlaw.com/practice-areas/truck-accident-lawyers/	200 https://rodenlaw.com/practice-areas/truck-accident-lawyers/
https://rodenlaw.com/blog/garden-city-eden-loop-truck-accident-lawyer/	200		
https://rodenlaw.com/blog/garden-city-ga-21-augusta-road-car-accident-lawyer/	200		
https://rodenlaw.com/blog/golf-colony-south-reindeer-road-underinsured-motorist-lawyer/	301	https://rodenlaw.com/practice-areas/car-accident-lawyers/	200 https://rodenlaw.com/practice-areas/car-accident-lawyers/
https://rodenlaw.com/blog/green-grove-dorchester-road-atv-accident-lawyer-north-charleston/	301	https://rodenlaw.com/practice-areas/atv-side-by-side-accident-lawyers/	200 https://rodenlaw.com/practice-areas/atv-side-by-side-accident-lawyers/
https://rodenlaw.com/blog/green-grove-mark-clark-expressway-uninsured-motorist-lawyer-north-charleston/	301	https://rodenlaw.com/practice-areas/car-accident-lawyers/	200 https://rodenlaw.com/practice-areas/car-accident-lawyers/
https://rodenlaw.com/blog/hanahan-murray-avenue-highland-park-bicycle-accident-lawyer/	200		
https://rodenlaw.com/blog/highway-hypnosis-what-it-is-why-it-is-a-crash-risk/	301	https://rodenlaw.com/practice-areas/car-accident-lawyers/	200 https://rodenlaw.com/practice-areas/car-accident-lawyers/
https://rodenlaw.com/blog/hipaa-violation-lawsuit-worth/	200		
https://rodenlaw.com/blog/hipaa-violation-lawyer/	200		
https://rodenlaw.com/blog/hit-and-run-drunk-driver-crashes-ashley-river-road-sc-61-west-ashley-greenwood-park/	200		
https://rodenlaw.com/blog/how-to-get-your-charleston-police-accident-report/	301	https://rodenlaw.com/practice-areas/car-accident-lawyers/	200 https://rodenlaw.com/practice-areas/car-accident-lawyers/
https://rodenlaw.com/blog/how-to-spot-distracted-drivers-ten-signs-savannah-ga/	200		
https://rodenlaw.com/blog/i-16-port-freight-truck-accident-garden-city-savannah/	200		
https://rodenlaw.com/blog/i-20-bush-river-road-motorcycle-accident-lawyer-columbia/	301	https://rodenlaw.com/practice-areas/motorcycle-accident-lawyers/	200 https://rodenlaw.com/practice-areas/motorcycle-accident-lawyers/
https://rodenlaw.com/blog/i-526-mount-pleasant-wando-bridge-accident/	200		
https://rodenlaw.com/blog/i-77-truck-accident-northeast-columbia-richland-county/	200		
https://rodenlaw.com/blog/international-boulevard-airport-rideshare-uber-lyft-crash-north-charleston/	200		
https://rodenlaw.com/blog/islands-expressway-whitemarsh-island-motorcycle-accident-chatham-county/	301	https://rodenlaw.com/practice-areas/motorcycle-accident-lawyers/	200 https://rodenlaw.com/practice-areas/motorcycle-accident-lawyers/
https://rodenlaw.com/blog/kemira-plant-drive-savannah-fatal-truck-accident-lawyer/	301	https://rodenlaw.com/practice-areas/truck-accident-lawyers/	200 https://rodenlaw.com/practice-areas/truck-accident-lawyers/
https://rodenlaw.com/blog/legal-rights-after-memory-loss-savannah-crash/	200		
https://rodenlaw.com/blog/liability-for-crashes-caused-by-not-using-turn-signal/	200		
https://rodenlaw.com/blog/liability-in-head-on-collisions-savannah-ga/	200		
https://rodenlaw.com/blog/litchfield-beach-pawleys-island-us-17-car-accident-georgetown-county/	200		
https://rodenlaw.com/blog/litchfield-pawleys-island-golf-cart-accident-lawyer-georgetown-county/	200		
https://rodenlaw.com/blog/lower-king-street-pedestrian-safety/	200		
https://rodenlaw.com/blog/mark-clark-expressway-i-526-18-wheeler-accident-lawyer-north-charleston/	301	https://rodenlaw.com/practice-areas/truck-accident-lawyers/	200 https://rodenlaw.com/practice-areas/truck-accident-lawyers/
https://rodenlaw.com/blog/mcintosh-county-drunk-driver-accident-lawyer/	200		
https://rodenlaw.com/blog/motorcycle-accident-i-95-glynn-county-brunswick-darien/	200		
https://rodenlaw.com/blog/motorcycle-accidents-dorchester-road-data/	200		
https://rodenlaw.com/blog/mount-pleasant-johnnie-dodds-us-17-uninsured-motorist-lawyer/	200		
https://rodenlaw.com/blog/mount-pleasant-johnnie-dodds-us-17-wrongful-death-car-accident-lawyer/	200		
https://rodenlaw.com/blog/mount-pleasant-mark-clark-expressway-i-526-motorcycle-accident-lawyer/	200		
https://rodenlaw.com/blog/murrells-inlet-jet-ski-accident-lawyer/	301	https://rodenlaw.com/practice-areas/boating-accident-lawyers/	200 https://rodenlaw.com/practice-areas/boating-accident-lawyers/
https://rodenlaw.com/blog/myrtle-beach-golf-cart-laws/	301	https://rodenlaw.com/resources/south-carolina-golf-cart-laws/	200 https://rodenlaw.com/resources/south-carolina-golf-cart-laws/
https://rodenlaw.com/blog/n-lake-drive-dick-pond-road-sc-544-underinsured-motorist-lawyer/	301	https://rodenlaw.com/practice-areas/car-accident-lawyers/	200 https://rodenlaw.com/practice-areas/car-accident-lawyers/
https://rodenlaw.com/blog/n-lake-drive-us-17-business-best-car-accident-lawyer/	200		
https://rodenlaw.com/blog/north-charleston-crime-rate-hit-and-run/	200		
https://rodenlaw.com/blog/north-rhett-avenue-truck-accident-hanahan-berkeley-county/	200		
https://rodenlaw.com/blog/old-fort-jackson-savannah-fatal-truck-accident-lawyer/	200		
https://rodenlaw.com/blog/park-circle-east-montague-drunk-driving-accident-lawyer-north-charleston/	301	https://rodenlaw.com/practice-areas/car-accident-lawyers/	200 https://rodenlaw.com/practice-areas/car-accident-lawyers/
https://rodenlaw.com/blog/pedestrian-accident-dorchester-road-school-zone-29418-north-charleston/	200		
https://rodenlaw.com/blog/pedestrian-safety-park-circle-north-charleston/	200		
https://rodenlaw.com/blog/port-truck-accidents-charleston-liability/	200		
https://rodenlaw.com/blog/proving-back-pain-after-savannah-car-crash/	200		
https://rodenlaw.com/blog/rideshare-accident-i-26-tenmile-north-charleston/	200		
https://rodenlaw.com/blog/rifle-range-road-mount-pleasant-car-accident-heritage-park-west/	200		
https://rodenlaw.com/blog/rivers-avenue-northwoods-bus-accident-lawyer-north-charleston/	301	https://rodenlaw.com/practice-areas/car-accident-lawyers/	200 https://rodenlaw.com/practice-areas/car-accident-lawyers/
https://rodenlaw.com/blog/rollover-crashes-and-what-they-do-to-your-body/	200		
https://rodenlaw.com/blog/savannah-veterans-parkway-car-accident-lawyer/	200		
https://rodenlaw.com/blog/socastee-holmestown-road-underinsured-motorist-lawyer/	301	https://rodenlaw.com/practice-areas/car-accident-lawyers/	200 https://rodenlaw.com/practice-areas/car-accident-lawyers/
https://rodenlaw.com/blog/south-carolina-statute-of-limitations-personal-injury/	200		
https://rodenlaw.com/blog/south-kings-highway-us-17-business-underinsured-motorist-lawyer/	200		
https://rodenlaw.com/blog/southover-mills-b-lane-motorcycle-accident-lawyer/	301	https://rodenlaw.com/practice-areas/motorcycle-accident-lawyers/	200 https://rodenlaw.com/practice-areas/motorcycle-accident-lawyers/
https://rodenlaw.com/blog/st-andrews-road-widewater-18-wheeler-accident-lawyer-richland-county/	200		
https://rodenlaw.com/blog/st-simons-island-kings-way-motorcycle-accident-lawyer/	301	https://rodenlaw.com/practice-areas/motorcycle-accident-lawyers/	200 https://rodenlaw.com/practice-areas/motorcycle-accident-lawyers/
https://rodenlaw.com/blog/summerville-i-26-18-wheeler-accident-lawyer-dorchester-county/	301	https://rodenlaw.com/practice-areas/truck-accident-lawyers/	200 https://rodenlaw.com/practice-areas/truck-accident-lawyers/
https://rodenlaw.com/blog/sunset-boulevard-us-378-lexington-medical-center-accident/	200		
https://rodenlaw.com/blog/sunset-boulevard-west-columbia-drunk-driver-accident-lawyer/	301	https://rodenlaw.com/practice-areas/car-accident-lawyers/	200 https://rodenlaw.com/practice-areas/car-accident-lawyers/
https://rodenlaw.com/blog/surfside-beach-golf-colony-golf-cart-accident-lawyer/	200		
https://rodenlaw.com/blog/tenmile-i-26-best-car-accident-lawyer-north-charleston/	301	https://rodenlaw.com/practice-areas/car-accident-lawyers/	200 https://rodenlaw.com/practice-areas/car-accident-lawyers/
https://rodenlaw.com/blog/us-17-i-95-darien-wrongful-death-mcintosh-county/	200		
https://rodenlaw.com/blog/us-17-truck-accident-broadfield-glynn-county/	200		
https://rodenlaw.com/blog/wando-gardens-faber-place-drive-best-car-accident-lawyer-north-charleston/	301	https://rodenlaw.com/practice-areas/car-accident-lawyers/	200 https://rodenlaw.com/practice-areas/car-accident-lawyers/
https://rodenlaw.com/blog/west-ashley-sam-rittenberg-boulevard-motorcycle-accident-lawyer/	301	https://rodenlaw.com/practice-areas/motorcycle-accident-lawyers/	200 https://rodenlaw.com/practice-areas/motorcycle-accident-lawyers/
https://rodenlaw.com/blog/what-to-do-if-your-georgia-police-report-is-wrong-or-has-mistakes/	200		
https://rodenlaw.com/blog/what-to-know-about-chest-pain-after-a-savannah-car-crash/	200		
https://rodenlaw.com/blog/who-is-at-fault-in-a-charleston-merge-accident-2/	301	https://rodenlaw.com/blog/lane-change-accident-liability/	200 https://rodenlaw.com/blog/lane-change-accident-liability/
https://rodenlaw.com/blog/why-federal-rules-matter-in-your-port-of-charleston-truck-accident/	301	https://rodenlaw.com/blog/fmcsa-violations-truck-accident-claims/	200 https://rodenlaw.com/blog/fmcsa-violations-truck-accident-claims/
https://rodenlaw.com/blog/yamacraw-village-pedestrian-accident-lawyer/	200		
https://rodenlaw.com/charlestons-crash-hotspots-to-avoid-in-2025-2/	404		
https://rodenlaw.com/es/blog/boys-estate-glynn-county-best-car-accident-lawyer/	200		
https://rodenlaw.com/es/blog/brunswick-ocean-highway-us-17-underinsured-motorist-lawyer-glynn-county/	301	https://rodenlaw.com/es/practice-areas/car-accident-lawyers/	200 https://rodenlaw.com/es/practice-areas/car-accident-lawyers/
https://rodenlaw.com/es/blog/car-accident-attorney-near-me-west-ashley-citadel-mall/	301	https://rodenlaw.com/es/practice-areas/car-accident-lawyers/	200 https://rodenlaw.com/es/practice-areas/car-accident-lawyers/
https://rodenlaw.com/es/blog/cayce-12th-street-uninsured-motorist-lawyer/	301	https://rodenlaw.com/es/practice-areas/car-accident-lawyers/	200 https://rodenlaw.com/es/practice-areas/car-accident-lawyers/
https://rodenlaw.com/es/blog/dick-pond-road-sc-544-truck-accident-lawyer-surfside-beach/	301	https://rodenlaw.com/es/practice-areas/truck-accident-lawyers/	200 https://rodenlaw.com/es/practice-areas/truck-accident-lawyers/
https://rodenlaw.com/es/blog/east-bay-street-savannah-pedestrian-accident-lawyer/	301	https://rodenlaw.com/es/practice-areas/pedestrian-accident-lawyers/	200 https://rodenlaw.com/es/practice-areas/pedestrian-accident-lawyers/
https://rodenlaw.com/es/blog/eastern-wharf-harbor-street-electric-scooter-accident-lawyer/	200		
https://rodenlaw.com/es/blog/eulonia-us-17-ocean-highway-rideshare-uber-accident-lawyer-mcintosh-county/	200		
https://rodenlaw.com/es/blog/garden-city-ga-21-augusta-road-car-accident-lawyer/	301	https://rodenlaw.com/es/practice-areas/car-accident-lawyers/	200 https://rodenlaw.com/es/practice-areas/car-accident-lawyers/
https://rodenlaw.com/es/blog/green-grove-dorchester-road-atv-accident-lawyer-north-charleston/	301	https://rodenlaw.com/es/practice-areas/atv-side-by-side-accident-lawyers/	200 https://rodenlaw.com/es/practice-areas/atv-side-by-side-accident-lawyers/
https://rodenlaw.com/es/blog/green-grove-mark-clark-expressway-uninsured-motorist-lawyer-north-charleston/	301	https://rodenlaw.com/es/practice-areas/car-accident-lawyers/	200 https://rodenlaw.com/es/practice-areas/car-accident-lawyers/
https://rodenlaw.com/es/blog/i-20-bush-river-road-motorcycle-accident-lawyer-columbia/	301	https://rodenlaw.com/es/practice-areas/motorcycle-accident-lawyers/	200 https://rodenlaw.com/es/practice-areas/motorcycle-accident-lawyers/
https://rodenlaw.com/es/blog/kemira-plant-drive-savannah-fatal-truck-accident-lawyer/	301	https://rodenlaw.com/es/practice-areas/truck-accident-lawyers/	200 https://rodenlaw.com/es/practice-areas/truck-accident-lawyers/
https://rodenlaw.com/es/blog/litchfield-pawleys-island-golf-cart-accident-lawyer-georgetown-county/	301	https://rodenlaw.com/es/practice-areas/golf-cart-accident-lawyers/	200 https://rodenlaw.com/es/practice-areas/golf-cart-accident-lawyers/
https://rodenlaw.com/es/blog/mount-pleasant-johnnie-dodds-us-17-uninsured-motorist-lawyer/	301	https://rodenlaw.com/es/practice-areas/car-accident-lawyers/	200 https://rodenlaw.com/es/practice-areas/car-accident-lawyers/
https://rodenlaw.com/es/blog/mount-pleasant-mark-clark-expressway-i-526-motorcycle-accident-lawyer/	301	https://rodenlaw.com/es/practice-areas/motorcycle-accident-lawyers/	200 https://rodenlaw.com/es/practice-areas/motorcycle-accident-lawyers/
https://rodenlaw.com/es/blog/murrells-inlet-jet-ski-accident-lawyer/	301	https://rodenlaw.com/es/practice-areas/boating-accident-lawyers/	200 https://rodenlaw.com/es/practice-areas/boating-accident-lawyers/
https://rodenlaw.com/es/blog/n-lake-drive-dick-pond-road-sc-544-underinsured-motorist-lawyer/	301	https://rodenlaw.com/es/practice-areas/car-accident-lawyers/	200 https://rodenlaw.com/es/practice-areas/car-accident-lawyers/
https://rodenlaw.com/es/blog/n-lake-drive-us-17-business-best-car-accident-lawyer/	200		
https://rodenlaw.com/es/blog/old-fort-jackson-savannah-fatal-truck-accident-lawyer/	200		
https://rodenlaw.com/es/blog/rivers-avenue-northwoods-bus-accident-lawyer-north-charleston/	301	https://rodenlaw.com/es/practice-areas/car-accident-lawyers/	200 https://rodenlaw.com/es/practice-areas/car-accident-lawyers/
https://rodenlaw.com/es/blog/southover-mills-b-lane-motorcycle-accident-lawyer/	301	https://rodenlaw.com/es/practice-areas/motorcycle-accident-lawyers/	200 https://rodenlaw.com/es/practice-areas/motorcycle-accident-lawyers/
https://rodenlaw.com/es/blog/st-andrews-road-widewater-18-wheeler-accident-lawyer-richland-county/	301	https://rodenlaw.com/es/practice-areas/truck-accident-lawyers/	200 https://rodenlaw.com/es/practice-areas/truck-accident-lawyers/
https://rodenlaw.com/es/blog/st-simons-island-kings-way-motorcycle-accident-lawyer/	301	https://rodenlaw.com/es/practice-areas/motorcycle-accident-lawyers/	200 https://rodenlaw.com/es/practice-areas/motorcycle-accident-lawyers/
https://rodenlaw.com/es/blog/summerville-i-26-18-wheeler-accident-lawyer-dorchester-county/	301	https://rodenlaw.com/es/practice-areas/truck-accident-lawyers/	200 https://rodenlaw.com/es/practice-areas/truck-accident-lawyers/
https://rodenlaw.com/es/blog/tenmile-i-26-best-car-accident-lawyer-north-charleston/	301	https://rodenlaw.com/es/practice-areas/car-accident-lawyers/	200 https://rodenlaw.com/es/practice-areas/car-accident-lawyers/
https://rodenlaw.com/es/blog/wando-gardens-faber-place-drive-best-car-accident-lawyer-north-charleston/	301	https://rodenlaw.com/es/practice-areas/car-accident-lawyers/	200 https://rodenlaw.com/es/practice-areas/car-accident-lawyers/
https://rodenlaw.com/es/locations/georgia/darien/?utm_source=gbp&utm_medium=organic&utm_campaign=es_launch_darien	200		
https://rodenlaw.com/es/locations/georgia/savannah/?utm_source=gbp&utm_medium=organic&utm_campaign=es_launch_savannah	200		
https://rodenlaw.com/es/locations/south-carolina/charleston/?utm_source=gbp&utm_medium=organic&utm_campaign=es_launch_charleston	200		
https://rodenlaw.com/es/locations/south-carolina/columbia/?utm_source=gbp&utm_medium=organic&utm_campaign=es_launch_columbia	200		
https://rodenlaw.com/es/locations/south-carolina/myrtle-beach/?utm_source=gbp&utm_medium=organic&utm_campaign=es_launch_myrtle_beach	200		
https://rodenlaw.com/locations/south-carolina/park-circle/	404		
https://rodenlaw.com/practice-areas/charleston/car-accident-lawyers/	301	https://rodenlaw.com/practice-areas/car-accident-lawyers/	200 https://rodenlaw.com/practice-areas/car-accident-lawyers/
https://www.rodenlaw.com/blog/answering-insurance-questions-after-crash/	301	https://rodenlaw.com/blog/answering-insurance-questions-after-crash/	200 https://rodenlaw.com/blog/answering-insurance-questions-after-crash/
https://www.rodenlaw.com/blog/leg-pain-and-leg-injuries-from-crash/	301	https://rodenlaw.com/blog/leg-pain-and-leg-injuries-from-crash/	200 https://rodenlaw.com/blog/leg-pain-and-leg-injuries-from-crash/
https://www.rodenlaw.com/blog/liability-for-epilepsy-related-car-accidents/	301	https://rodenlaw.com/blog/liability-for-epilepsy-related-car-accidents/	200 https://rodenlaw.com/blog/liability-for-epilepsy-related-car-accidents/
https://www.rodenlaw.com/blog/value-of-pain-and-suffering/	301	https://rodenlaw.com/blog/value-of-pain-and-suffering/	200 https://rodenlaw.com/blog/value-of-pain-and-suffering/
https://www.rodenlaw.com/blog/why-mitigate-damages-after-a-car-crash/	301	https://rodenlaw.com/blog/why-mitigate-damages-after-a-car-crash/	200 https://rodenlaw.com/blog/why-mitigate-damages-after-a-car-crash/
