Top pages,Clicks,Impressions,CTR,Position
https://rodenlaw.com/,2108,444133,0.47%,14.7
https://rodenlaw.com/blog/can-an-insurance-company-go-against-a-police-report/,1669,142999,1.17%,7.91
https://rodenlaw.com/blog/value-of-pain-and-suffering/,1109,113967,0.97%,22.05
https://rodenlaw.com/blog/compensatory-damages-vs-punitive-damages/,857,349782,0.25%,9.13
https://rodenlaw.com/blog/are-red-light-runners-always-liable-if-they-crash/,770,43047,1.79%,10.54
https://rodenlaw.com/blog/insurance-company-ignoring-demand-letter/,702,45390,1.55%,12.6
https://rodenlaw.com/blog/claims-against-at-fault-drivers-who-died/,677,54362,1.25%,13.32
https://rodenlaw.com/blog/liability-for-epilepsy-related-car-accidents/,641,46753,1.37%,10.44
https://rodenlaw.com/blog/rollover-crashes-and-what-they-do-to-your-body/,508,127416,0.4%,11.94
https://rodenlaw.com/blog/what-happens-if-i-resign-while-on-workers-compensation/,357,29501,1.21%,10.78
https://rodenlaw.com/who-we-are/attorneys/eric-roden/,309,16773,1.84%,5.79
https://rodenlaw.com/blog/when-does-a-sprained-ankle-become-a-work-injury/,298,39687,0.75%,12.9
https://rodenlaw.com/blog/gym-injury-liability/,294,34374,0.86%,16.82
https://rodenlaw.com/blog/impact-of-surgery-recommendation/,268,24768,1.08%,14.15
https://rodenlaw.com/blog/fault-vs-no-fault-car-insurance/,266,130738,0.2%,16.5
https://rodenlaw.com/blog/burn-injury-workers-compensation/,239,26748,0.89%,19.6
https://rodenlaw.com/blog/liability-for-crash-due-to-tire-blowout-in-savannah/,232,18938,1.23%,13.49
https://rodenlaw.com/attorneys/,222,7625,2.91%,12.97
https://rodenlaw.com/who-we-are/attorneys/,216,19658,1.1%,9.5
https://rodenlaw.com/blog/using-uninsured-underinsured-motorist-coverage-in-georgia/,211,38142,0.55%,18.31
https://rodenlaw.com/blog/determining-liability-for-crash-at-four-way-stop-sign/,200,24488,0.82%,8.31
https://rodenlaw.com/blog/answering-insurance-questions-after-crash/,194,31948,0.61%,11.34
https://rodenlaw.com/class-action/troubled-teen-industry-abuse/,190,23772,0.8%,14
https://rodenlaw.com/attorneys/joshua-dorminy/,187,1295,14.44%,4.34
https://rodenlaw.com/who-we-are/attorneys/joshua-dorminy/,175,1929,9.07%,17.22
https://rodenlaw.com/blog/calculating-compensation-for-whiplash-injuries/,174,106206,0.16%,22.07
https://rodenlaw.com/blog/independent-medical-exams/,171,29592,0.58%,10.15
https://rodenlaw.com/attorneys/eric-roden/,162,4051,4%,4.81
https://rodenlaw.com/blog/blunt-force-trauma-after-savannah-car-crash/,161,100809,0.16%,10.97
https://rodenlaw.com/blog/negligence-vs-gross-negligence/,161,24012,0.67%,15.32
https://rodenlaw.com/blog/medical-malpractice-limits-south-carolina/,148,12995,1.14%,10.72
https://rodenlaw.com/blog/why-mitigate-damages-after-a-car-crash/,142,14827,0.96%,10.3
https://rodenlaw.com/who-we-are/attorneys/tyler-love/,142,7967,1.78%,15.68
https://rodenlaw.com/resources/south-carolina-car-seat-laws/,138,18639,0.74%,8.46
https://rodenlaw.com/blog/how-car-insurers-use-private-investigators/,137,30328,0.45%,16.36
https://rodenlaw.com/blog/what-to-do-if-your-georgia-police-report-is-wrong-or-has-mistakes/,137,14431,0.95%,18.37
https://rodenlaw.com/blog/liability-for-sudden-emergency-accidents/,136,19421,0.7%,8.2
https://rodenlaw.com/blog/benefits-for-workplace-violence/,136,16590,0.82%,14.49
https://rodenlaw.com/who-we-are/attorneys/graeham-c-gillin/,133,2447,5.44%,14.74
https://rodenlaw.com/blog/supporting-a-whiplash-claim/,125,57506,0.22%,34.63
https://rodenlaw.com/locations/south-carolina/charleston/?utm_campaign=gmb_charleston,119,175543,0.07%,3.61
https://rodenlaw.com/blog/myrtle-beach-golf-cart-laws/,116,13544,0.86%,6.54
https://rodenlaw.com/blog/a-cyclists-guide-after-a-ravenel-bridge-accident/,112,4666,2.4%,10.18
https://rodenlaw.com/blog/liability-for-accidents-with-borrowed-vehicles/,111,18012,0.62%,20.59
https://rodenlaw.com/resources/i-95-widening-construction-zone-ga-sc/,109,10375,1.05%,7.19
https://rodenlaw.com/blog/maximum-medical-improvement-in-an-injury-claim/,104,15789,0.66%,8.13
https://rodenlaw.com/practice-areas/charleston/car-accident-lawyers/?utm_campaign=gmb,101,20702,0.49%,11.72
https://rodenlaw.com/blog/wearing-headphones-while-driving-in-charleston/,100,18745,0.53%,11.19
https://rodenlaw.com/attorneys/tyler-love/,100,1744,5.73%,8.97
https://rodenlaw.com/blog/certification-of-permanent-injury/,95,14442,0.66%,7.5
https://rodenlaw.com/blog/dangerous-tools-garage/,94,16579,0.57%,8.86
https://rodenlaw.com/blog/uturn-crash-liability-in-charleston/,88,19070,0.46%,14.5
https://rodenlaw.com/blog/does-worker-compensation-cover-employee-negligence/,88,16455,0.53%,9.14
https://rodenlaw.com/locations/georgia/savannah/?utm_campaign=gmb_savannah,84,22377,0.38%,8.58
https://rodenlaw.com/blog/releasing-medical-records/,84,17629,0.48%,21.54
https://rodenlaw.com/who-we-are/attorneys/ivy-montano/,82,2106,3.89%,20.43
https://rodenlaw.com/blog/is-workers-compensation-an-employee-benefit/,80,14374,0.56%,16.45
https://rodenlaw.com/class-action-lawyers/troubled-teen-industry-abuse/,80,12785,0.63%,10.82
https://rodenlaw.com/blog/litchfield-beach-pawleys-island-us-17-car-accident-georgetown-county/,80,2540,3.15%,5.76
https://rodenlaw.com/blog/south-carolina-golf-cart-laws/,78,17873,0.44%,8.53
https://rodenlaw.com/attorneys/graeham-c-gillin/,78,1059,7.37%,12.31
https://rodenlaw.com/blog/average-personal-injury-settlement-amounts/,77,16562,0.46%,13.82
https://rodenlaw.com/blog/liability-for-crashes-caused-by-not-using-turn-signal/,77,14311,0.54%,9.25
https://rodenlaw.com/blog/south-carolina-statute-of-limitations-personal-injury/,76,9718,0.78%,10.37
https://rodenlaw.com/blog/liability-waivers-and-injury-lawsuits/,72,17509,0.41%,13.36
https://rodenlaw.com/who-we-are/attorneys/zach-stohr/,69,1398,4.94%,20.68
https://rodenlaw.com/blog/liens-and-your-personal-injury-claims/,68,10738,0.63%,20.27
https://rodenlaw.com/blog/what-happens-to-workers-comp-if-employer-bankrupts/,68,5256,1.29%,8.5
https://rodenlaw.com/blog/leg-pain-and-leg-injuries-from-crash/,65,18515,0.35%,13.72
https://rodenlaw.com/blog/letters-of-protection-for-injury-victims/,65,17353,0.37%,17.4
https://rodenlaw.com/blog/rear-end-collision-liability/,65,17210,0.38%,30.32
https://rodenlaw.com/blog/recovering-damages-with-pre-existing-injuries/,65,12959,0.5%,16.42
https://rodenlaw.com/blog/switching-lawyers-during-a-case/,64,19679,0.33%,11.81
https://rodenlaw.com/blog/shem-creek-boating-dock-injuries-mount-pleasant/,63,3814,1.65%,8.63
https://rodenlaw.com/blog/motorcycle-accident-i-95-glynn-county-brunswick-darien/,61,1784,3.42%,10.93
https://rodenlaw.com/blog/myrtle-beach-dangerous-roads-intersections/,60,19308,0.31%,8.35
https://rodenlaw.com/blog/filing-a-claim-for-an-injured-minor/,60,10535,0.57%,17.27
https://rodenlaw.com/blog/hearing-loss-after-charleston-car-accident/,60,9802,0.61%,17.61
https://rodenlaw.com/contact-us/,59,14475,0.41%,7.24
https://rodenlaw.com/blog/georgia-super-speeder-law/,58,63120,0.09%,29.62
https://rodenlaw.com/blog/does-workers-compensation-cover-prescriptions/,57,23946,0.24%,23.22
https://rodenlaw.com/blog/how-to-get-your-charleston-police-accident-report/,55,9193,0.6%,9.7
https://rodenlaw.com/practice-areas/charleston/personal-injury-lawyer/,54,137479,0.04%,34.14
https://rodenlaw.com/blog/georgia-law-on-steps-after-car-accident/,54,19361,0.28%,16.06
https://rodenlaw.com/blog/diminished-value-claims-after-car-accident/,53,43957,0.12%,26.39
https://rodenlaw.com/blog/contingency-fee-system/,51,33940,0.15%,14.66
https://rodenlaw.com/blog/resolving-claims-through-arbitration/,51,16070,0.32%,19.94
https://rodenlaw.com/blog/medical-malpractice-limits-georgia/,51,12309,0.41%,9.67
https://rodenlaw.com/blog/accident-claims-with-an-expired-license/,50,16376,0.31%,11.55
https://rodenlaw.com/blog/feeling-fatigued-after-charleston-car-accident/,50,13194,0.38%,6.84
https://rodenlaw.com/who-we-are/attorneys/kiley-reidy/,50,2261,2.21%,32.38
https://rodenlaw.com/attorneys/ivy-s-montano/,49,474,10.34%,8.33
https://rodenlaw.com/blog/impaired-driving-caused-by-prescription-medications/,48,36941,0.13%,8.69
https://rodenlaw.com/blog/traffic-tickets-and-car-accident-claims/,47,10051,0.47%,12.94
https://rodenlaw.com/blog/informed-consent/,46,15059,0.31%,11.5
https://rodenlaw.com/blog/liability-in-a-driverless-car-crash/,46,12309,0.37%,20.86
https://rodenlaw.com/blog/when-do-injury-claims-go-to-court/,46,9197,0.5%,18.73
https://rodenlaw.com/blog/highway-hypnosis-what-it-is-why-it-is-a-crash-risk/,45,32187,0.14%,11.15
https://rodenlaw.com/blog/options-for-recovering-more-than-policy-limits/,45,11086,0.41%,11.34
https://rodenlaw.com/who-we-are/attorneys/jeff-fitzpatrick-jr/,44,1355,3.25%,25.05
https://rodenlaw.com/blog/what-to-do-after-car-accident-south-carolina/,42,10251,0.41%,12
https://rodenlaw.com/who-we-are/attorneys/ja-moore/,42,4268,0.98%,9.42
https://rodenlaw.com/blog/refusing-opioid-prescription-in-workers-comp-claim/,41,5496,0.75%,19.02
https://rodenlaw.com/blog/third-party-fault-for-work-injuries/,41,5481,0.75%,14.64
https://rodenlaw.com/blog/changing-workers-comp-doctors-in-georgia/,41,4182,0.98%,14.4
https://rodenlaw.com/staff/logan-sudholz/,41,321,12.77%,11.5
https://rodenlaw.com/blog/options-for-denied-injury-claims/,39,14922,0.26%,14.09
https://rodenlaw.com/blog/rear-end-accident-injuries/,39,9952,0.39%,12.82
https://rodenlaw.com/blog/south-carolina-car-accident-settlement-amounts/,39,3814,1.02%,6.15
https://rodenlaw.com/blog/damage-coverage-for-stolen-car/,38,17926,0.21%,22.15
https://rodenlaw.com/blog/2017-safest-college-campuses-in-georgia/,38,10388,0.37%,6.81
https://rodenlaw.com/blog/dangers-of-emotional-driving-in-savannah-ga/,37,20351,0.18%,7.98
https://rodenlaw.com/blog/car-insurance-add-ons/,37,19347,0.19%,12.79
https://rodenlaw.com/testimonials/,37,3106,1.19%,9.82
https://rodenlaw.com/blog/georgia-statute-of-limitations/,36,32771,0.11%,11.04
https://rodenlaw.com/blog/understanding-vicarious-liability/,36,15017,0.24%,23.46
https://rodenlaw.com/practice-areas/dog-bite-lawyers/dog-on-dog-attack/,36,3454,1.04%,11.38
https://rodenlaw.com/blog/taxes-on-car-crash-settlement-in-georgia/,34,7557,0.45%,13.29
https://rodenlaw.com/blog/dangerous-savannah-intersections/,34,3961,0.86%,13.96
https://rodenlaw.com/blog/workers-comp-benefits-georgia-taxable/,33,13078,0.25%,31.93
https://rodenlaw.com/blog/columbia-dangerous-intersections-roads/,33,3759,0.88%,8.09
https://rodenlaw.com/resources/south-carolina-workers-comp-body-part-values/,33,1676,1.97%,9.9
https://rodenlaw.com/blog/drunk-pedestrian-injury-claims/,32,4709,0.68%,9.61
https://rodenlaw.com/blog/how-to-handle-calls-from-insurance-companies/,31,10596,0.29%,13.12
https://rodenlaw.com/blog-compensatory-damages-vs-punitive-damages/,30,10583,0.28%,9.94
https://rodenlaw.com/blog/qualifications-for-car-accident-witnesses/,30,8764,0.34%,14.17
https://rodenlaw.com/blog/us-17-truck-accident-broadfield-glynn-county/,30,1322,2.27%,10.78
https://rodenlaw.com/blog/steps-after-hit-and-run-accident/,29,13541,0.21%,33.17
https://rodenlaw.com/practice-areas/savannah/medical-malpractice-attorneys/dental-negligence/,29,10077,0.29%,44.62
https://rodenlaw.com/blog/compensation-for-chronic-pain-after-a-car-crash-in-charleston/,29,6496,0.45%,32.11
https://rodenlaw.com/blog/demand-letters-in-personal-injury-cases/,28,20456,0.14%,29.11
https://rodenlaw.com/blog/how-long-can-a-person-stay-on-workers-compensation/,28,6157,0.45%,17.66
https://rodenlaw.com/practice-areas/nursing-home-abuse-lawyers/financial-exploitation-seniors/,28,2818,0.99%,9.91
https://rodenlaw.com/blog/the-role-of-vocational-rehabilitation-in-workers-compensation-cases/,27,9446,0.29%,21.55
https://rodenlaw.com/blog/liability-for-crashes-caused-by-teen-drivers/,27,6017,0.45%,10.5
https://rodenlaw.com/blog/how-pain-and-suffering-is-calculated-after-an-accident-in-georgia/,26,3723,0.7%,6.77
https://rodenlaw.com/blog/dog-bite-laws-south-carolina-charleston/,26,2803,0.93%,21.63
https://rodenlaw.com/blog/folly-road-car-accidents-james-island-charleston/,26,2376,1.09%,8.9
https://rodenlaw.com/resources/south-carolina-car-accident-settlement-value/,26,1572,1.65%,12.64
https://rodenlaw.com/staff/zoe-link/,26,835,3.11%,6.45
https://rodenlaw.com/blog/animal-accident-insurance-coverage/,25,16435,0.15%,23.84
https://rodenlaw.com/blog/filing-medication-error-lawsuit/,25,12410,0.2%,32.19
https://rodenlaw.com/blog/south-carolina-pedestrian-right-of-way-laws/,25,8295,0.3%,8.91
https://rodenlaw.com/resources/blythewood-i-77-truck-accidents/,25,3974,0.63%,9.43
https://rodenlaw.com/blog/workers-comp-for-skin-cancer/,25,3200,0.78%,31.58
https://rodenlaw.com/blog-understanding-eye-injuries-after-a-savannah-car-accident/,24,9832,0.24%,16.56
https://rodenlaw.com/blog/compensation-while-not-wearing-seat-belt/,24,3675,0.65%,17.93
https://rodenlaw.com/blog/savannah-dangerous-highways-i16-i95-abercorn/,24,2570,0.93%,8.69
https://rodenlaw.com/blog/i-16-port-freight-truck-accident-garden-city-savannah/,24,1435,1.67%,7.15
https://rodenlaw.com/blog/nerve-damage-after-charleston-car-crash/,23,10349,0.22%,16.2
https://rodenlaw.com/determining-liability-for-crash-at-four-way-stop-sign/,23,2595,0.89%,14.76
https://rodenlaw.com/resources/us-52-truck-train-accidents-goose-creek/,23,1234,1.86%,8.06
https://rodenlaw.com/attorneys/zach-stohr/,23,156,14.74%,9.12
https://rodenlaw.com/practice-areas/personal-injury-lawyers/,22,25773,0.09%,28.72
https://rodenlaw.com/blog/claims-for-lost-wages/,22,22215,0.1%,16.03
https://rodenlaw.com/blog/georgia-pedestrian-right-of-way-laws/,22,9576,0.23%,7.48
https://rodenlaw.com/blog/ashley-phosphate-road-i-26-dangerous-intersection-charleston/,22,3591,0.61%,9.01
https://rodenlaw.com/blog/can-witnesses-be-forced-to-testify-in-car-crash-case/,22,2233,0.99%,14.99
https://rodenlaw.com/practice-areas/burn-injury-lawyers/,21,80408,0.03%,29.9
https://rodenlaw.com/locations/georgia/darien/woodbine/,21,2227,0.94%,9.77
https://rodenlaw.com/blog/carriage-tour-accidents-downtown-charleston-liability/,21,1531,1.37%,8.79
https://rodenlaw.com/blog/us-17-i-95-darien-wrongful-death-mcintosh-county/,21,1195,1.76%,9.36
https://rodenlaw.com/resources/south-carolina-um-uim-stacking/,21,715,2.94%,6.91
https://rodenlaw.com/blog/workers-comp-for-carpal-tunnel-syndrome/,20,10662,0.19%,49.62
https://rodenlaw.com/about/,20,5522,0.36%,6.84
https://rodenlaw.com/blog/legal-rights-if-hit-by-driver-in-company-car-charleston/,20,4769,0.42%,17.3
https://rodenlaw.com/blog/drunk-driver-crash-south-kings-highway-us-17-business-surfside-beach-29575/,20,456,4.39%,7.17
https://rodenlaw.com/class-action-lawyers/defective-medical-devices/stryker-hip-implant-lawsuit/,19,12752,0.15%,40.06
https://rodenlaw.com/blog/steps-after-work-injury/,19,11664,0.16%,25.02
https://rodenlaw.com/blog/continuing-post-accident-medical-treatment/,19,6646,0.29%,15.05
https://rodenlaw.com/contact/,19,4980,0.38%,9.01
https://rodenlaw.com/blog/liability-for-backing-up-crashes-in-charleston/,19,4606,0.41%,29.7
https://rodenlaw.com/blog/darien-brunswick-dangerous-roads-i95-us17/,19,3611,0.53%,8.99
https://rodenlaw.com/blog/ashley-phosphate-i-26-south-carolinas-deadliest-intersection/,19,1476,1.29%,7.38
https://rodenlaw.com/resources/bay-street-truck-accidents-savannah-historic-district/,19,479,3.97%,7.31
https://rodenlaw.com/blog/what-to-do-when-you-are-in-a-car-accident/,18,20485,0.09%,36.42
https://rodenlaw.com/class-action/afff-firefighting-foam-lawsuits/,18,11170,0.16%,50.71
https://rodenlaw.com/blog/major-injuries-from-minor-car-accidents/,18,11105,0.16%,27.53
https://rodenlaw.com/class-action-lawyers/dangerous-drugs/truvada-lawsuit/,18,9535,0.19%,21.12
https://rodenlaw.com/who-we-are/,18,8593,0.21%,5.3
https://rodenlaw.com/blog/can-someone-sue-me-for-a-car-accident/,18,7406,0.24%,12.93
https://rodenlaw.com/blog/what-if-i-suspect-medical-malpractice/,18,4793,0.38%,18.4
https://rodenlaw.com/blog/reasons-for-workers-comp-claim-denial/,18,4677,0.38%,32.76
https://rodenlaw.com/blog/what-to-do-after-a-hit-and-run-in-downtown-charleston/,18,2625,0.69%,14.83
https://rodenlaw.com/blog/lower-king-street-pedestrian-safety/,18,2381,0.76%,9.29
https://rodenlaw.com/resources/dangerous-roads-north-charleston/,18,1694,1.06%,6.77
https://rodenlaw.com/blog/hipaa-violation-lawyer/,18,916,1.97%,17.79
https://rodenlaw.com/practice-areas/savannah/workers-compensation-lawyers/,17,84834,0.02%,12.2
https://rodenlaw.com/blog/financial-abuse-at-nursing-homes/,17,5619,0.3%,14.55
https://rodenlaw.com/blog/liability-for-school-bus-crash/,17,5333,0.32%,42.02
https://rodenlaw.com/practice-areas/savannah/wrongful-death-lawyers/georgia-punitive-damages-lawyer/,17,3544,0.48%,19.84
https://rodenlaw.com/blog/charlestons-crash-hotspots-to-avoid-in-2025/,17,2142,0.79%,8
https://rodenlaw.com/blog/hipaa-violation-lawsuit-worth/,17,821,2.07%,8.42
https://rodenlaw.com/staff/stephanie-aguirre/,17,815,2.09%,12.14
https://rodenlaw.com/attorneys/kiley-reidy/,17,141,12.06%,6.04
https://rodenlaw.com/blog/when-to-call-charleston-personal-injury-lawyer/,16,10289,0.16%,29.46
https://rodenlaw.com/blog/blind-spot-accidents/,16,9554,0.17%,13.86
https://rodenlaw.com/blog/car-insurance-claim-denial-tactics/,16,6175,0.26%,15.43
https://rodenlaw.com/blog/benefit-of-a-personal-injury-pain-diary/,16,4397,0.36%,9.79
https://rodenlaw.com/blog/choking-at-nursing-homes/,16,3982,0.4%,21.61
https://rodenlaw.com/blog-what-happens-if-i-resign-while-on-workers-compensation/,16,2245,0.71%,22.28
https://rodenlaw.com/practice-areas/savannah/medical-malpractice-attorneys/,15,70498,0.02%,11.5
https://rodenlaw.com/blog/driving-tips-around-trucks/,15,17800,0.08%,12.66
https://rodenlaw.com/blog/pedestrian-liability-for-car-accidents/,15,7917,0.19%,24.05
https://rodenlaw.com/blog/how-loud-music-increases-crash-risk-charleston/,15,6988,0.21%,14.56
https://rodenlaw.com/blog/returning-to-work-too-soon-charleston-crash/,15,3093,0.48%,10.66
https://rodenlaw.com/blog/how-to-maximize-your-car-accident-compensation-in-georgia/,15,2025,0.74%,11.62
https://rodenlaw.com/blog/i-77-truck-accident-northeast-columbia-richland-county/,15,1252,1.2%,8.38
https://rodenlaw.com/practice-areas/charleston/car-accident-lawyers/,14,203091,0.01%,21.61
https://rodenlaw.com/blog/blunt-force-trauma-from-a-crash-what-you-need-to-know/,14,20571,0.07%,14.7
https://rodenlaw.com/blog/much-worth-ga-worker-compared-states/,14,19218,0.07%,33.08
https://rodenlaw.com/blog/truck-accident-injuries/,14,16414,0.09%,28.93
https://rodenlaw.com/practice-areas/savannah/dog-bite-lawyers/,14,16082,0.09%,22.78
https://rodenlaw.com/blog/what-to-do-after-car-accident-georgia/,14,14564,0.1%,13.57
https://rodenlaw.com/practice-areas/savannah/maritime-lawyers/,14,8957,0.16%,21.28
https://rodenlaw.com/blog/first-steps-in-a-medical-malpractice-case/,14,7721,0.18%,35.41
https://rodenlaw.com/blog/5-most-common-types-of-medical-malpractice-in-2023/,14,4389,0.32%,30.84
https://rodenlaw.com/blog/charleston-parking-lot-car-accident-liability/,14,4318,0.32%,27.31
https://rodenlaw.com/blog/why-injury-claims-may-be-delayed/,14,3452,0.41%,19.33
https://rodenlaw.com/blog/tactics-insurers-use-to-deny-crash-claims-charleston/,14,3379,0.41%,27.19
https://rodenlaw.com/locations/south-carolina/charleston/downtown-charleston/,14,2874,0.49%,21.14
https://rodenlaw.com/blog-liability-waivers-and-injury-lawsuits/,14,2398,0.58%,20.81
https://rodenlaw.com/blog/sunset-boulevard-us-378-lexington-medical-center-accident/,14,862,1.62%,7.27
https://rodenlaw.com/staff/maddie-dowling/,14,419,3.34%,9.45
https://rodenlaw.com/blog/steps-of-a-burn-injury-case/,13,11507,0.11%,24.69
https://rodenlaw.com/blog/personal-injury-calculating-loss-of-earning-capacity/,13,7273,0.18%,29.69
https://rodenlaw.com/class-action-lawyers/stryker-hip-replacement/,13,7218,0.18%,24.14
https://rodenlaw.com/case-results/,13,6827,0.19%,23.26
https://rodenlaw.com/blog/driving-record-and-injury-claim/,13,5404,0.24%,24.09
https://rodenlaw.com/practice-areas/savannah/medical-malpractice-attorneys/cosmetic-surgery/,13,4944,0.26%,58.81
https://rodenlaw.com/blog/car-accidents-on-i-26-in-north-charleston/,13,4899,0.27%,34.21
https://rodenlaw.com/class-action-lawyers/hair-relaxer-cancer-lawsuits/,13,4061,0.32%,19.71
https://rodenlaw.com/blog/accepting-a-cash-offer-after-savannah-car-crash/,13,3950,0.33%,17.59
https://rodenlaw.com/blog/18-wheeler-wrecks-on-the-arthur-ravenel-jr-bridge-us-17/,13,2730,0.48%,10.31
https://rodenlaw.com/blog/personal-injury-claim-charleston-berkeley-dorchester-county/,13,1942,0.67%,11.52
https://rodenlaw.com/blog/what-to-do-after-a-bike-crash-on-charlestons-ravenel-bridge/,13,1557,0.83%,12.09
https://rodenlaw.com/blog/safest-hospitals-georgia/,13,850,1.53%,20.09
https://rodenlaw.com/staff/megan-socha/,13,368,3.53%,8.96
https://rodenlaw.com/practice-areas/savannah/car-accident-lawyers/,12,292971,0%,12.77
https://rodenlaw.com/locations/georgia/savannah/,12,25358,0.05%,30.63
https://rodenlaw.com/locations/south-carolina/charleston/,12,9256,0.13%,29.91
https://rodenlaw.com/practice-areas/savannah/medical-malpractice-attorneys/hospital-negligence/,12,9125,0.13%,22.9
https://rodenlaw.com/locations/south-carolina/north-charleston/,12,7900,0.15%,12.86
https://rodenlaw.com/blog/discovery-process-in-personal-injury-cases/,12,5794,0.21%,22.73
https://rodenlaw.com/blog/ptsd-after-car-accident-compensation/,12,4594,0.26%,24.67
https://rodenlaw.com/blog/follow-doctors-orders-after-accident/,12,3287,0.37%,8.86
https://rodenlaw.com/blog/accident-my-fault-can-i-receive-workers-comp/,12,2688,0.45%,15.37
https://rodenlaw.com/south-carolina-pedestrian-right-of-way-laws/,12,2050,0.59%,7.55
https://rodenlaw.com/blog/military-base-accidents-joint-base-charleston-rights/,12,1679,0.71%,9.71
https://rodenlaw.com/blog-maximum-medical-improvement-in-an-injury-claim/,12,890,1.35%,23.41
https://rodenlaw.com/staff/marina-baldwin/,12,700,1.71%,30.22
https://rodenlaw.com/blog/hit-and-run-drunk-driver-crashes-ashley-river-road-sc-61-west-ashley-greenwood-park/,12,415,2.89%,7.13
https://rodenlaw.com/blog/deposition-in-a-personal-injury-claim/,11,5586,0.2%,29.4
https://rodenlaw.com/locations/,11,4430,0.25%,5.09
https://rodenlaw.com/practice-areas/savannah/medical-malpractice-attorneys/psychiatric-negligence/,11,4328,0.25%,35.91
https://rodenlaw.com/blog/hospital-liability-for-medical-malpractice/,11,4305,0.26%,36.42
https://rodenlaw.com/blog/charleston-medical-malpractice-hospital-claim-south-carolina/,11,3718,0.3%,36.19
https://rodenlaw.com/blog/roadway-hazard-auto-accident/,11,3459,0.32%,15.46
https://rodenlaw.com/blog/charleston-parking-lot-parking-garage-accident/,11,3196,0.34%,19.1
https://rodenlaw.com/blog/blog-filing-soft-tissue-injury-claims-in-charleston/,11,3058,0.36%,49.3
https://rodenlaw.com/blog/turkey-fryer-injury-claims/,11,1763,0.62%,14.97
https://rodenlaw.com/blog/drowsy-driving-epidemic-georgia/,11,1690,0.65%,16.44
https://rodenlaw.com/blog/ben-sawyer-boulevard-bridge-accidents-sullivans-island/,11,1482,0.74%,7.96
https://rodenlaw.com/blog/aggressive-driving-in-georgia/,11,1465,0.75%,12.41
https://rodenlaw.com/blog/punitive-damages-in-drunk-driving-accident/,11,1394,0.79%,16.48
https://rodenlaw.com/attorney/who-we-are-attorneys-eric-roden/,11,1312,0.84%,8.38
https://rodenlaw.com/resources/georgia-car-accident-settlement-value/,11,739,1.49%,10.06
https://rodenlaw.com/blog/motorcycle-accidents-dorchester-road-data/,11,598,1.84%,7.86
https://rodenlaw.com/resources/south-carolina-slip-and-fall-settlement-value/,11,388,2.84%,6.78
https://rodenlaw.com/blog/four-common-construction-accidents/,10,20739,0.05%,38.7
https://rodenlaw.com/practice-areas/brunswick/personal-injury-lawyer/,10,19244,0.05%,29.11
https://rodenlaw.com/practice-areas/maritime-lawyers/,10,6691,0.15%,42.82
https://rodenlaw.com/locations/south-carolina/,10,3914,0.26%,13.06
https://rodenlaw.com/blog/road-hazard-car-accident-liability/,10,2584,0.39%,30.52
https://rodenlaw.com/blog/liability-for-brake-checking-crashes-charleston/,10,2033,0.49%,18.59
https://rodenlaw.com/blog/filing-an-emotional-distress-claim-after-a-ravenel-bridge-accident/,10,1831,0.55%,13.09
https://rodenlaw.com/blog/north-charleston-crime-rate-hit-and-run/,10,1659,0.6%,8.58
https://rodenlaw.com/resources/pedestrian-bicycle-safety-north-charleston/,10,1254,0.8%,8.42
https://rodenlaw.com/blog/car-accidents-on-coleman-boulevard-in-mount-pleasant/,10,1149,0.87%,24.24
https://rodenlaw.com/blog/charleston-historic-sidewalk-slip-fall-city-liable/,10,1118,0.89%,7.88
https://rodenlaw.com/locations/south-carolina/charleston/downtown-charleston/king-street-district/,10,681,1.47%,10.61
https://rodenlaw.com/who-we-are/attorneys/nolan-alexander/,10,503,1.99%,18.61
https://rodenlaw.com/testimonial/rebecca-harris/,10,434,2.3%,13.26
https://rodenlaw.com/blog/can-you-sue-hipaa-violation/,10,265,3.77%,7.32
https://rodenlaw.com/staff/dyanna-velez/,10,165,6.06%,9.85
https://rodenlaw.com/locations/south-carolina/myrtle-beach/?utm_campaign=gmb_mb,9,15506,0.06%,3.85
https://rodenlaw.com/practice-areas/savannah/wrongful-death-lawyers/statute-of-limitations/,9,9969,0.09%,23.56
https://rodenlaw.com/blog/college-campus-safety-tips-every-student-should-know/,9,4695,0.19%,26.65
https://rodenlaw.com/practice-areas/medical-malpractice-lawyers/,9,1486,0.61%,53.53
https://rodenlaw.com/who-we-are/attorneys/leah-crane/,9,1135,0.79%,21.91
https://rodenlaw.com/dog-bite-lawyers/landlord-liability-dog-attack/,9,984,0.91%,8.82
https://rodenlaw.com/locations/south-carolina/north-charleston/goose-creek/liberty-hall-plantation/,9,706,1.27%,12.79
https://rodenlaw.com/blog-claims-against-at-fault-drivers-who-died/,9,653,1.38%,15.6
https://rodenlaw.com/blog/north-rhett-avenue-truck-accident-hanahan-berkeley-county/,9,495,1.82%,7.88
https://rodenlaw.com/testimonial/dante-williams-dante/,9,273,3.3%,14.51
https://rodenlaw.com/class-action-lawyers/defective-products/roundup-lawsuit/,8,12023,0.07%,57.46
https://rodenlaw.com/blog/advantages-of-a-medical-malpractice-attorney/,8,10160,0.08%,54.05
https://rodenlaw.com/blog/settle-workers-comp-case/,8,5832,0.14%,46.63
https://rodenlaw.com/blog/value-of-car-crash-claim-if-permanent-injuries/,8,5633,0.14%,32.38
https://rodenlaw.com/blog/beginning-motorcycle-biker-risks/,8,4061,0.2%,8.75
https://rodenlaw.com/blog/car-accidents-and-daylight-savings-time/,8,3931,0.2%,16.2
https://rodenlaw.com/blog/liability-for-roundabout-crashes-in-charleston/,8,3280,0.24%,22.19
https://rodenlaw.com/blog/commercial-truck-accidents-who-is-at-fault/,8,2700,0.3%,18.26
https://rodenlaw.com/premises-liability-lawyers/elevator-escalator-accident/,8,2686,0.3%,21.85
https://rodenlaw.com/blog/i-26-i-526-truck-accidents-what-to-do-whos-liable/,8,2066,0.39%,20.19
https://rodenlaw.com/blog/dangerous-rural-crashes-in-charleston/,8,1713,0.47%,24.67
https://rodenlaw.com/resources/i-20-truck-accidents-columbia/,8,1703,0.47%,8.87
https://rodenlaw.com/blog/how-long-personal-injury-case-charleston-sc/,8,1639,0.49%,12.92
https://rodenlaw.com/blog/jones-act-claims-south-carolina-maritime-worker-rights/,8,1428,0.56%,11.58
https://rodenlaw.com/blog/maybank-highway-car-accidents-johns-island/,8,956,0.84%,9.37
https://rodenlaw.com/resources/georgetown-county-us-17-truck-accidents/,8,728,1.1%,8.77
https://rodenlaw.com/blog/pedestrian-accident-dorchester-road-school-zone-29418-north-charleston/,8,559,1.43%,7.29
https://rodenlaw.com/resources/south-carolina-wrongful-death-settlement-value/,8,153,5.23%,7.65
https://rodenlaw.com/practice-areas/charleston/workers-compensation-lawyer/,7,97241,0.01%,20.99
https://rodenlaw.com/practice-areas/workers-compensation-lawyers/savannah-ga/,7,47650,0.01%,9.79
https://rodenlaw.com/locations/south-carolina/columbia/,7,16908,0.04%,32.24
https://rodenlaw.com/blog/longshoreman-injury-claims/,7,10906,0.06%,55.2
https://rodenlaw.com/practice-areas/macon/maritime-lawyers/,7,6764,0.1%,56.93
https://rodenlaw.com/class-action-lawyers/afff-firefighting-foam-lawsuits/,7,5261,0.13%,13.45
https://rodenlaw.com/locations/georgia/darien/,7,4818,0.15%,17.28
https://rodenlaw.com/blog/atm-attack-liability/,7,3015,0.23%,17.22
https://rodenlaw.com/practice-areas/car-accident-lawyers/government-vehicle-accident/,7,2576,0.27%,9.12
https://rodenlaw.com/blog/safe-bike-riding-georgias-roadways/,7,1909,0.37%,23.37
https://rodenlaw.com/blog/georgia-law-on-tailgating-accident-liability/,7,1841,0.38%,18.22
https://rodenlaw.com/locations/georgia/savannah/downtown-savannah/,7,1340,0.52%,25.66
https://rodenlaw.com/columbia-dangerous-intersections-roads/,7,1191,0.59%,7.67
https://rodenlaw.com/resources/bush-river-road-i-26-truck-accidents-columbia/,7,1040,0.67%,9.04
https://rodenlaw.com/darien-brunswick-dangerous-roads-i95-us17/,7,642,1.09%,8.26
https://rodenlaw.com/resources/dean-forest-road-truck-accidents-pooler/,7,586,1.19%,7.1
https://rodenlaw.com/practice-areas/golf-cart-accident-lawyers/golf-course-cart-accident/,7,444,1.58%,15.21
https://rodenlaw.com/resources/port-of-savannah-truck-routes/,7,392,1.79%,7.9
https://rodenlaw.com/blog/accidents-near-musc-and-calhoun-street/,7,334,2.1%,13.86
https://rodenlaw.com/resources/south-carolina-truck-accident-settlement-value/,7,323,2.17%,11.44
https://rodenlaw.com/car-accident-lawyers/charleston-sc/,6,85485,0.01%,19.82
https://rodenlaw.com/practice-areas/savannah/slip-and-fall-attorneys/,6,56086,0.01%,11.98
https://rodenlaw.com/practice-areas/savannah/truck-accident-lawyers/,6,32657,0.02%,18.47
https://rodenlaw.com/medical-malpractice-lawyers/savannah-ga/,6,30479,0.02%,16.34
https://rodenlaw.com/class-action/hair-relaxer-cancer-lawsuits/,6,12716,0.05%,57.6
https://rodenlaw.com/blog/georgia-car-seat-law-overview/,6,9244,0.06%,26.91
https://rodenlaw.com/practice-areas/savannah/medical-malpractice-attorneys/orthopedic-injury/,6,9242,0.06%,37.93
https://rodenlaw.com/blog/benefits-of-hiring-personal-injury-lawyer/,6,7865,0.08%,26.43
https://rodenlaw.com/blog/knee-injuries-after-georgia-car-crash/,6,7723,0.08%,35.54
https://rodenlaw.com/blog/charleston-car-crash-brain-injuries/,6,4043,0.15%,39.27
https://rodenlaw.com/blog/using-dashcams-as-evidence-of-fault-in-a-car-accident/,6,3835,0.16%,22.41
https://rodenlaw.com/blog/why-car-crashes-happen-close-to-home-charleston/,6,3309,0.18%,28.26
https://rodenlaw.com/blog/paying-medical-bills-during-a-claim/,6,2298,0.26%,26.31
https://rodenlaw.com/blog/third-party-liability-for-work-injury/,6,2262,0.27%,27.87
https://rodenlaw.com/blog/why-wont-a-personal-lawyer-take-my-case/,6,2090,0.29%,10.82
https://rodenlaw.com/attorney/who-we-are-attorneys-tyler-love/,6,1856,0.32%,16.19
https://rodenlaw.com/blog/work-zone-car-accident-liability/,6,1756,0.34%,36.01
https://rodenlaw.com/pedestrian-accident-lawyers/backing-up-parking-lot-accident/,6,1701,0.35%,10.32
https://rodenlaw.com/class-action-lawyers/talcum-powder/,6,1559,0.38%,15
https://rodenlaw.com/blog/fault-for-car-accident/,6,1548,0.39%,32.35
https://rodenlaw.com/blog/south-carolina-comparative-fault-partially-at-fault/,6,1261,0.48%,14.66
https://rodenlaw.com/blog/jet-ski-personal-watercraft-accidents-charleston/,6,1218,0.49%,8.13
https://rodenlaw.com/locations/georgia/darien/folkston/,6,1218,0.49%,14.27
https://rodenlaw.com/blog/amazon-fedex-delivery-crashes/,6,1209,0.5%,9.3
https://rodenlaw.com/blog/a-guide-to-car-wrecks-on-aviation-avenue-near-charleston-airport/,6,1148,0.52%,23.85
https://rodenlaw.com/dog-bite-lawyers/loose-unleashed-dog-attack/,6,1083,0.55%,11
https://rodenlaw.com/resources/two-notch-road-truck-accidents-columbia/,6,972,0.62%,9.21
https://rodenlaw.com/blog/i-526-mount-pleasant-wando-bridge-accident/,6,870,0.69%,8.19
https://rodenlaw.com/blog/rifle-range-road-mount-pleasant-car-accident-heritage-park-west/,6,658,0.91%,9.4
https://rodenlaw.com/locations/south-carolina/charleston/west-ashley/grand-oaks-plantation/,6,610,0.98%,11.3
https://rodenlaw.com/resources/broad-river-road-truck-accidents-columbia/,6,607,0.99%,11.23
https://rodenlaw.com/attorneys/nolan-alexander/,6,582,1.03%,8.62
https://rodenlaw.com/resources/georgia-truck-accident-settlement-value/,6,247,2.43%,7.44
https://rodenlaw.com/car-accident-lawyers/columbia-sc/,5,45260,0.01%,18.92
https://rodenlaw.com/practice-areas/savannah/car-accident-lawyers/hit-and-run-accidents/,5,16291,0.03%,47.89
https://rodenlaw.com/practice-areas/,5,7731,0.06%,11.36
https://rodenlaw.com/blog/duty-of-care-personal-injury-claim/,5,7223,0.07%,33.88
https://rodenlaw.com/blog/charleston-car-crash-facial-injuries/,5,6993,0.07%,39.89
https://rodenlaw.com/practice-areas/savannah/medical-malpractice-attorneys/medication-errors/,5,6618,0.08%,46.2
https://rodenlaw.com/resources/columbia-i-26-i-20-i-77-interchange-truck-accidents/,5,5745,0.09%,6.99
https://rodenlaw.com/blog/is-there-a-limit-for-medical-negligence-claims/,5,5492,0.09%,30.26
https://rodenlaw.com/practice-areas/savannah/nursing-home-abuse-attorneys/malnutrition-and-dehydration/,5,5317,0.09%,29.38
https://rodenlaw.com/blog/determining-fault-in-multi-vehicle-accidents/,5,5147,0.1%,24.9
https://rodenlaw.com/class-action/camp-lejeune-lawsuits/,5,4170,0.12%,44.5
https://rodenlaw.com/blog/documents-for-personal-injury-claim/,5,3658,0.14%,22.65
https://rodenlaw.com/blog/how-to-spot-distracted-drivers-ten-signs-savannah-ga/,5,3102,0.16%,15.19
https://rodenlaw.com/blog/common-workplace-injuries-georgia/,5,3084,0.16%,29.22
https://rodenlaw.com/blog/what-to-do-after-a-car-crash-on-savannah-highway/,5,2362,0.21%,11.67
https://rodenlaw.com/blog/safety-tips-driving-work-zones-georgia/,5,1734,0.29%,28.35
https://rodenlaw.com/product-liability-lawyers/dangerous-pharmaceutical-drug/,5,1727,0.29%,16.05
https://rodenlaw.com/blog/workers-compensation-car-accident/,5,1574,0.32%,35.77
https://rodenlaw.com/blog/car-accidents-on-coleman-boulevard/,5,1485,0.34%,47.06
https://rodenlaw.com/blog/can-passengers-be-at-fault-for-a-savannah-crash/,5,1401,0.36%,13.91
https://rodenlaw.com/workers-compensation-lawyers/repetitive-stress-injury/,5,1158,0.43%,52.2
https://rodenlaw.com/blog/how-pain-and-suffering-is-calculated-after-an-accident-in-south-carolina/,5,1140,0.44%,12.12
https://rodenlaw.com/blog/emergency-room-errors-charleston-misdiagnosis-malpractice/,5,1131,0.44%,11.84
https://rodenlaw.com/locations/south-carolina/charleston/west-ashley/,5,1119,0.45%,7.87
https://rodenlaw.com/blog/what-are-the-benefits-of-workers-compensation-claims/,5,944,0.53%,28
https://rodenlaw.com/nursing-home-abuse-lawyers/assisted-living-abuse/,5,635,0.79%,13.13
https://rodenlaw.com/blog/rivers-avenue-pedestrian-deaths-north-charleston/,5,507,0.99%,11.01
https://rodenlaw.com/boating-accident-lawyers/pontoon-boat-accident/,5,505,0.99%,15.43
https://rodenlaw.com/resources/i-95-truck-accidents-savannah-brunswick/,5,413,1.21%,9.74
https://rodenlaw.com/blog/pedestrian-accidents-musc-charleston-medical-district/,5,413,1.21%,11.51
https://rodenlaw.com/blog-liability-for-epilepsy-related-car-accidents/,5,360,1.39%,17.22
https://rodenlaw.com/resources/i-526-construction-zone-truck-accidents-charleston/,5,240,2.08%,7.97
https://rodenlaw.com/attorney/kiley-reidy/,5,111,4.5%,26.76
https://rodenlaw.com/testimonials/rebecca-harris/,5,106,4.72%,10.48
https://rodenlaw.com/attorney/graeham-c-gillin/,5,34,14.71%,3.59
https://rodenlaw.com/practice-areas/dog-bite-lawyers/,4,24378,0.02%,47.34
https://rodenlaw.com/practice-areas/workers-compensation-lawyers/charleston-sc/,4,24282,0.02%,11.04
https://rodenlaw.com/practice-areas/motorcycle-accident-lawyers/,4,21775,0.02%,46.75
https://rodenlaw.com/blog/georgia-comparative-negligence-law/,4,19235,0.02%,8.32
https://rodenlaw.com/practice-areas/savannah/nursing-home-abuse-attorneys/,4,17108,0.02%,15.62
https://rodenlaw.com/practice-areas/product-liability-lawyers/,4,16774,0.02%,59.64
https://rodenlaw.com/blog/steps-take-slip-fall-accident-georgia/,4,10832,0.04%,48.03
https://rodenlaw.com/blog/truck-accident-reconstruction/,4,9915,0.04%,37.83
https://rodenlaw.com/workers-compensation-lawyers/myrtle-beach-sc/,4,8849,0.05%,16.55
https://rodenlaw.com/class-action-lawyers/,4,7957,0.05%,28.87
https://rodenlaw.com/blog/legal-rights-after-memory-loss-savannah-crash/,4,6393,0.06%,17.39
https://rodenlaw.com/blog/hip-pain-after-car-accident-in-savannah/,4,6083,0.07%,27.49
https://rodenlaw.com/maritime-injury-lawyers/longshore-harbor-worker/,4,5117,0.08%,34.34
https://rodenlaw.com/blog/valid-premises-liability-claim-georgia/,4,4728,0.08%,24.22
https://rodenlaw.com/practice-areas/savannah/medical-malpractice-attorneys/ob-gyn-negligence/,4,4610,0.09%,42.85
https://rodenlaw.com/blog/how-much-is-my-car-accident-claim-worth/,4,4389,0.09%,27.14
https://rodenlaw.com/blog/how-spinal-cord-injuries-affect-you/,4,3648,0.11%,38.79
https://rodenlaw.com/blog/importance-of-eyewitness-testimony/,4,3488,0.11%,14.36
https://rodenlaw.com/electric-scooter-accident-lawyers/escooter-vehicle-collision/,4,3394,0.12%,31.5
https://rodenlaw.com/blog/slip-and-fall-negligence-elements/,4,2740,0.15%,37.16
https://rodenlaw.com/blog/liability-for-crashes-in-heavy-rainfall/,4,2706,0.15%,13.76
https://rodenlaw.com/medical-malpractice-lawyers/myrtle-beach-sc/,4,2536,0.16%,17.08
https://rodenlaw.com/class-action-lawyers/truvada/,4,2364,0.17%,18.37
https://rodenlaw.com/practice-areas/atv-side-by-side-accident-lawyers/side-by-side-utv-accident/,4,2102,0.19%,10.94
https://rodenlaw.com/locations/georgia/darien/st-simons-island/,4,1727,0.23%,8.32
https://rodenlaw.com/blog/stomach-pain-after-a-car-accident-in-charleston/,4,1558,0.26%,29.84
https://rodenlaw.com/locations/georgia/,4,1545,0.26%,15.36
https://rodenlaw.com/blog/valuing-compensation-for-a-personal-injury/,4,1523,0.26%,17.96
https://rodenlaw.com/blog-independent-medical-exams/,4,1503,0.27%,36.67
https://rodenlaw.com/practice-areas/wrongful-death-lawyers/drowning-swimming-pool-death/,4,1417,0.28%,15.18
https://rodenlaw.com/blog/category/car-accident/,4,1377,0.29%,33.4
https://rodenlaw.com/locations/georgia/darien/waycross/,4,1358,0.29%,9.73
https://rodenlaw.com/locations/south-carolina/charleston/west-ashley/ashley-river-road/,4,1326,0.3%,10.21
https://rodenlaw.com/atv-side-by-side-accident-lawyers/child-atv-injury/,4,1294,0.31%,18.55
https://rodenlaw.com/blog/your-step-by-step-guide-after-a-car-accident-in-columbia-sc/,4,1198,0.33%,13.96
https://rodenlaw.com/blog/determining-fault-in-a-charleston-golf-cart-accident/,4,1169,0.34%,16.92
https://rodenlaw.com/blog/sapelo-island-ferry-dock-collapse-causing-fatality-and-serious-injuries/,4,1109,0.36%,15.51
https://rodenlaw.com/blog/risk-of-refusing-medical-care-after-car-crash-charleston/,4,890,0.45%,14.98
https://rodenlaw.com/blog/blog-the-role-of-vocational-rehabilitation-in-workers-compensation-cases/,4,645,0.62%,8.18
https://rodenlaw.com/medical-malpractice-lawyers/birth-injury/,4,629,0.64%,32.86
https://rodenlaw.com/golf-cart-accident-lawyers/golf-cart-passenger-ejection/,4,613,0.65%,17.98
https://rodenlaw.com/practice-areas/burn-injury-lawyers/house-apartment-fire-burn/,4,593,0.67%,11.65
https://rodenlaw.com/car-accident-lawyers/government-vehicle-accident/,4,590,0.68%,10.83
https://rodenlaw.com/practice-areas/electric-scooter-accident-lawyers/escooter-pedestrian-accident/,4,507,0.79%,13.68
https://rodenlaw.com/blog/i-was-in-a-car-accident-should-i-pursue-a-personal-injury-claim/,4,456,0.88%,12.61
https://rodenlaw.com/resources/south-carolina-workers-comp-impairment-rating-mmi/,4,423,0.95%,11.28
https://rodenlaw.com/who-is-at-fault-in-a-charleston-merge-accident/,4,404,0.99%,15.61
https://rodenlaw.com/locations/south-carolina/north-charleston/summerville/historic-district/,4,358,1.12%,25.12
https://rodenlaw.com/savannah-dangerous-highways-i16-i95-abercorn/,4,262,1.53%,6.74
https://rodenlaw.com/blog/highway-41-accidents-mount-pleasant-development/,4,259,1.54%,10.54
https://rodenlaw.com/resources/dorchester-road-truck-accidents-north-charleston/,4,217,1.84%,9.53
https://rodenlaw.com/practice-areas/atv-side-by-side-accident-lawyers/child-atv-injury/,4,189,2.12%,9.26
https://rodenlaw.com/staff/kelli-threm/,4,114,3.51%,12.53
https://rodenlaw.com/who-we-are/attorneys/hillary-burris/,4,36,11.11%,6.22
https://rodenlaw.com/es/resources/south-carolina-car-accident-settlement-value/,4,29,13.79%,4.83
https://rodenlaw.com/car-accident-lawyers/savannah-ga/,3,72236,0%,20.05
https://rodenlaw.com/practice-areas/charleston/truck-accident-lawyers/,3,56359,0.01%,16.05
https://rodenlaw.com/practice-areas/charleston/dog-bite-lawyers/,3,50940,0.01%,23.23
https://rodenlaw.com/class-action/ozempic-lawsuits/,3,30405,0.01%,49.93
https://rodenlaw.com/practice-areas/charleston/medical-malpractice-attorney/,3,26174,0.01%,48.43
https://rodenlaw.com/medical-malpractice-lawyers/charleston-sc/,3,17447,0.02%,24.88
https://rodenlaw.com/class-action/paraquat-lawsuits/,3,17230,0.02%,46.72
https://rodenlaw.com/practice-areas/savannah/slip-and-fall-attorneys/premises-liability/,3,17169,0.02%,13.48
https://rodenlaw.com/practice-areas/savannah/nursing-home-abuse-attorneys/bedsores/,3,14339,0.02%,42.33
https://rodenlaw.com/practice-areas/savannah/medical-malpractice-attorneys/surgical-errors/,3,12956,0.02%,15.22
https://rodenlaw.com/product-liability-lawyers/columbia-sc/,3,10782,0.03%,23.6
https://rodenlaw.com/practice-areas/savannah/construction-accident-lawyers/,3,10713,0.03%,22.91
https://rodenlaw.com/practice-areas/car-accident-lawyers/columbia-sc/,3,6769,0.04%,30.66
https://rodenlaw.com/blog/after-boat-accident-guide/,3,6128,0.05%,35.4
https://rodenlaw.com/practice-areas/brunswick/medical-malpractice-attorney/,3,5667,0.05%,23.37
https://rodenlaw.com/blog/proving-back-pain-after-savannah-car-crash/,3,5594,0.05%,40.1
https://rodenlaw.com/class-action-lawyers/dangerous-drugs/uloric-lawsuit/,3,5576,0.05%,11.46
https://rodenlaw.com/practice-areas/brunswick/workers-compensation-attorney/,3,5531,0.05%,14.29
https://rodenlaw.com/blog/highway-road-shoulder-accidents-in-charleston/,3,3548,0.08%,12.51
https://rodenlaw.com/spinal-cord-injury-lawyers/cauda-equina-syndrome/,3,3367,0.09%,21.36
https://rodenlaw.com/?utm_campaign=gmb,3,3242,0.09%,9.99
https://rodenlaw.com/blog/legal-help-shoulder-injuries-after-charleston-car-crash/,3,3242,0.09%,39.54
https://rodenlaw.com/practice-areas/wrongful-death-lawyers/,3,2896,0.1%,39.13
https://rodenlaw.com/blog-calculating-compensation-for-whiplash-injuries/,3,2825,0.11%,57.94
https://rodenlaw.com/blog/avoiding-motorcycle-crash-injuries/,3,2753,0.11%,22.3
https://rodenlaw.com/contact-us/?utm_source=GMB&utm_medium=local&utm_campaign=CharlestonSCGMB,3,2672,0.11%,11.92
https://rodenlaw.com/locations/georgia/darien/nahunta/,3,2595,0.12%,7.03
https://rodenlaw.com/locations/georgia/darien/brunswick/,3,2554,0.12%,12.39
https://rodenlaw.com/practice-area/car-accident-lawyer/,3,2514,0.12%,37.79
https://rodenlaw.com/blog/police-report-as-proof-of-liability/,3,2413,0.12%,10.45
https://rodenlaw.com/blog/workers-comp-medical-coverage/,3,2399,0.13%,23.95
https://rodenlaw.com/blog/child-passenger-automobile-safety-georgia/,3,2319,0.13%,14.2
https://rodenlaw.com/practice-areas/spinal-cord-injury-lawyers/cauda-equina-syndrome/,3,2286,0.13%,25.95
https://rodenlaw.com/electric-scooter-accident-lawyers/escooter-pedestrian-accident/,3,2097,0.14%,25.89
https://rodenlaw.com/blog/a-step-by-step-guide-for-folly-road-car-accidents/,3,1716,0.17%,9.54
https://rodenlaw.com/practice-areas/premises-liability-lawyers/north-charleston-sc/,3,1446,0.21%,38.79
https://rodenlaw.com/blog/the-most-common-causes-of-truck-accidents/,3,1336,0.22%,44.58
https://rodenlaw.com/golf-cart-accident-lawyers/golf-cart-vehicle-collision/,3,1137,0.26%,13.12
https://rodenlaw.com/blog-value-of-pain-and-suffering/,3,980,0.31%,38.94
https://rodenlaw.com/practice-areas/product-liability-lawyers/dangerous-pharmaceutical-drug/,3,929,0.32%,21.23
https://rodenlaw.com/es/locations/south-carolina/columbia/,3,909,0.33%,27.48
https://rodenlaw.com/practice-areas/burn-injury-lawyers/scalding-hot-liquid-burn/,3,881,0.34%,10.73
https://rodenlaw.com/blog-recovering-damages-with-pre-existing-injuries/,3,881,0.34%,25.93
https://rodenlaw.com/product-liability-lawyers/defective-industrial-equipment/,3,786,0.38%,33.11
https://rodenlaw.com/golf-cart-accident-lawyers/golf-course-cart-accident/,3,779,0.39%,33.48
https://rodenlaw.com/boating-accident-lawyers/dock-marina-injury/,3,778,0.39%,15.94
https://rodenlaw.com/blog/,3,757,0.4%,26.04
https://rodenlaw.com/blog/a-pedestrians-guide-to-proving-negligence-in-charleston-parking-lots/,3,749,0.4%,18.94
https://rodenlaw.com/blog-negligence-vs-gross-negligence/,3,739,0.41%,12.29
https://rodenlaw.com/blog/car-accidents-ladson-i-26-exit-203-danger-zone/,3,725,0.41%,8.25
https://rodenlaw.com/locations/south-carolina/charleston/mount-pleasant/,3,713,0.42%,19.28
https://rodenlaw.com/resources/logging-truck-accidents-us-17-mcintosh-glynn/,3,681,0.44%,9.56
https://rodenlaw.com/blog/pedestrian-safety-park-circle-north-charleston/,3,673,0.45%,8.12
https://rodenlaw.com/locations/south-carolina/columbia/forest-acres/,3,667,0.45%,9.05
https://rodenlaw.com/blog/georgia-worker-injury-statistics-prevention/,3,659,0.46%,21.24
https://rodenlaw.com/blog/protect-child-dog-bite-injury/,3,635,0.47%,16.84
https://rodenlaw.com/blog/savannah-highway-truck-accidents-west-ashley-us-17/,3,613,0.49%,7.94
https://rodenlaw.com/car-accident-lawyers/dorchester-road-accident/,3,608,0.49%,14.25
https://rodenlaw.com/blog-after-boat-accident-guide/,3,602,0.5%,21.76
https://rodenlaw.com/resources/highway-22-truck-accidents-conway-bypass/,3,599,0.5%,10.47
https://rodenlaw.com/blog/daniel-island-i-526-wando-bridge-truck-accident-berkeley-county/,3,574,0.52%,6.84
https://rodenlaw.com/brunswick/practice-areas/,3,566,0.53%,52.41
https://rodenlaw.com/practice-areas/pedestrian-accident-lawyers/hit-and-run-pedestrian-accident/,3,536,0.56%,21.58
https://rodenlaw.com/resources/pooler-warehouse-district-truck-accidents/,3,515,0.58%,8.06
https://rodenlaw.com/practice-areas/maritime-injury-lawyers/maintenance-and-cure/,3,491,0.61%,10.37
https://rodenlaw.com/blog/when-does-workers-compensation-stop-paying/,3,449,0.67%,39.75
https://rodenlaw.com/product-liability-lawyers/defective-home-appliance/,3,417,0.72%,13.15
https://rodenlaw.com/wearing-headphones-while-driving-in-charleston/,3,379,0.79%,16.8
https://rodenlaw.com/resources/spruill-avenue-port-trucks-north-charleston/,3,368,0.82%,7.9
https://rodenlaw.com/locations/south-carolina/north-charleston/summerville/,3,364,0.82%,26.03
https://rodenlaw.com/blog/i-526-expansion-construction-zone-accidents-charleston/,3,339,0.88%,14.09
https://rodenlaw.com/resources/port-access-road-truck-accidents-leatherman-terminal/,3,338,0.89%,7.56
https://rodenlaw.com/blog/credit-one-stadium-event-day-crashes-daniel-island-beekman-street/,3,322,0.93%,8.48
https://rodenlaw.com/resources/i-16-i-95-construction-zone-truck-accidents/,3,306,0.98%,11
https://rodenlaw.com/burn-injury-lawyers/house-apartment-fire-burn/,3,305,0.98%,16.9
https://rodenlaw.com/resources/aviation-avenue-i-26-truck-accidents/,3,230,1.3%,9.64
https://rodenlaw.com/blog/a-guide-to-car-accident-claims-at-columbias-toughest-intersections/,3,186,1.61%,6.93
https://rodenlaw.com/blog/mount-pleasant-johnnie-dodds-us-17-wrongful-death-car-accident-lawyer/,3,169,1.78%,10.63
https://rodenlaw.com/staff/logan-wiggins/,3,167,1.8%,10.89
https://rodenlaw.com/blog/summer-dui-accidents-charleston-memorial-day-labor-day/,3,143,2.1%,14.99
https://rodenlaw.com/locations/south-carolina/north-charleston/olde-north-charleston/,3,141,2.13%,11.21
https://rodenlaw.com/locations/south-carolina/north-charleston/goose-creek/crowfield-plantation/,3,137,2.19%,14.61
https://rodenlaw.com/blog-releasing-medical-records/,3,104,2.88%,11.5
https://rodenlaw.com/es/resources/how-much-does-south-carolina-workers-comp-pay/,3,61,4.92%,5.11
https://rodenlaw.com/es/resources/georgia-car-accident-settlement-value/,3,28,10.71%,2.54
https://rodenlaw.com/practice-areas/savannah/personal-injury-lawyers/,2,50500,0%,30.88
https://rodenlaw.com/workers-compensation-lawyers/charleston-sc/,2,28168,0.01%,19.22
https://rodenlaw.com/practice-areas/charleston/product-liability-lawyers/,2,26284,0.01%,18.11
https://rodenlaw.com/car-accident-lawyers/darien-ga/,2,15708,0.01%,54.15
https://rodenlaw.com/locations/south-carolina/north-charleston/goose-creek/,2,13248,0.02%,12.92
https://rodenlaw.com/practice-areas/macon/truck-accident-lawyers/,2,13127,0.02%,33.26
https://rodenlaw.com/blog/fault-vs-no-fault-car-insurance/#fault-vs-no-fault,2,11203,0.02%,5.56
https://rodenlaw.com/practice-areas/maritime-injury-lawyers/,2,10705,0.02%,40.52
https://rodenlaw.com/blog/dealing-with-uber-lyft-accident/,2,7441,0.03%,37.34
https://rodenlaw.com/practice-areas/albany/truck-accident-lawyers/,2,6145,0.03%,36.62
https://rodenlaw.com/practice-areas/medical-malpractice-lawyers/misdiagnosis-delayed-diagnosis/,2,6112,0.03%,17.22
https://rodenlaw.com/dog-bite-lawyers/columbia-sc/,2,5689,0.04%,16.7
https://rodenlaw.com/class-action-lawyers/defective-medical-devices/ivc-blood-clot-filter-lawsuit/,2,5360,0.04%,54.13
https://rodenlaw.com/blog/safe-driving-in-construction-zones/,2,5074,0.04%,11.78
https://rodenlaw.com/practice-areas/medical-malpractice-attorneys/,2,4668,0.04%,46.61
https://rodenlaw.com/practice-areas/savannah/car-accident-lawyers/georgia-pip-insurance/,2,4519,0.04%,34.02
https://rodenlaw.com/practice-areas/albany/workers-compensation-lawyer/,2,4034,0.05%,28.27
https://rodenlaw.com/practice-areas/burn-injury-lawyers/chemical-burn-injury/,2,3878,0.05%,19.98
https://rodenlaw.com/blog/common-driver-distractions/,2,3824,0.05%,24.96
https://rodenlaw.com/blog/georgia-wrongful-death-lawsuit/,2,3736,0.05%,47.43
https://rodenlaw.com/premises-liability-lawyers/savannah-ga/,2,3698,0.05%,12.05
https://rodenlaw.com/medical-malpractice-lawyers/columbia-sc/,2,3467,0.06%,18.24
https://rodenlaw.com/practice-areas/workers-compensation-lawyers/,2,3394,0.06%,51.54
https://rodenlaw.com/blog/fmcsa-violations-truck-accident-claims/,2,3080,0.06%,6.22
https://rodenlaw.com/blog/workers-compensation-claim-process-georgia/,2,2986,0.07%,41.42
https://rodenlaw.com/blog/overview-georgia-distracted-driving-laws/,2,2551,0.08%,31.44
https://rodenlaw.com/blog-steps-of-a-burn-injury-case/,2,2036,0.1%,27.82
https://rodenlaw.com/blog/why-get-black-box-data-after-truck-crash-savannah/,2,1895,0.11%,36.55
https://rodenlaw.com/blog/why-driving-while-hungover-is-a-dangerous-savannah-crash-risk/,2,1867,0.11%,13.66
https://rodenlaw.com/resources/i-77-truck-accidents-columbia-rock-hill/,2,1727,0.12%,7.89
https://rodenlaw.com/practice-areas/nursing-home-abuse-lawyers/bedsore-pressure-ulcer/,2,1643,0.12%,31.95
https://rodenlaw.com/practice-areas/nursing-home-abuse-lawyers/savannah-ga/,2,1631,0.12%,15.62
https://rodenlaw.com/practice-areas/pedestrian-accident-lawyers/columbia-sc/,2,1607,0.12%,20.48
https://rodenlaw.com/practice-areas/charleston/,2,1601,0.12%,7.37
https://rodenlaw.com/product-liability-lawyers/defective-medical-device/,2,1570,0.13%,36.27
https://rodenlaw.com/locations/georgia/darien/kingsland/,2,1521,0.13%,11.98
https://rodenlaw.com/should-i-worry-if-i-have-stomach-pain-after-a-car-accident-in-charleston/,2,1505,0.13%,28.15
https://rodenlaw.com/premises-liability-lawyers/inadequate-security/,2,1318,0.15%,15.37
https://rodenlaw.com/practice-areas/product-liability-lawyers/defective-medical-device/,2,1307,0.15%,22.53
https://rodenlaw.com/blog/who-pays-for-damages-from-t-bone-crashes-in-savannah/,2,1282,0.16%,41.6
https://rodenlaw.com/blog/when-to-consider-settling-a-claim/,2,1150,0.17%,14.09
https://rodenlaw.com/construction-accident-lawyers/electrocution-construction-site/,2,1039,0.19%,12.78
https://rodenlaw.com/practice-areas/electric-scooter-accident-lawyers/scooter-malfunction-defect/,2,1027,0.19%,15.75
https://rodenlaw.com/practice-areas/golf-cart-accident-lawyers/golf-cart-dui/,2,913,0.22%,20.98
https://rodenlaw.com/blog/charleston-rideshare-brake-failure-accident/,2,902,0.22%,40.4
https://rodenlaw.com/practice-areas/maritime-injury-lawyers/cruise-ship-injury/,2,835,0.24%,15.4
https://rodenlaw.com/maritime-injury-lawyers/myrtle-beach-sc/,2,803,0.25%,39.69
https://rodenlaw.com/class-action-lawyers/paraquat-lawsuit/,2,785,0.25%,14.03
https://rodenlaw.com/practice-areas/brain-injury-lawyers/second-impact-syndrome/,2,783,0.26%,12.86
https://rodenlaw.com/locations/south-carolina/columbia/elgin/,2,779,0.26%,24.21
https://rodenlaw.com/maritime-injury-lawyers/cruise-ship-injury/,2,723,0.28%,16.03
https://rodenlaw.com/blog/calculating-pain-and-suffering-after-a-charleston-pedestrian-accident/,2,687,0.29%,25.68
https://rodenlaw.com/practice-areas/construction-accident-lawyers/defective-construction-equipment/,2,686,0.29%,13.89
https://rodenlaw.com/blog/the-importance-of-gathering-evidence-after-a-motorcycle-accident/,2,684,0.29%,10.6
https://rodenlaw.com/blog/a-drivers-guide-to-wildlife-accidents-near-charleston/,2,679,0.29%,9.7
https://rodenlaw.com/blog/boating-accidents-charleston-harbor-legal-rights/,2,644,0.31%,21.02
https://rodenlaw.com/practice-areas/maritime-injury-lawyers/longshore-harbor-worker/,2,643,0.31%,29.21
https://rodenlaw.com/locations/south-carolina/myrtle-beach/surfside-beach/,2,641,0.31%,11.72
https://rodenlaw.com/practice-areas/brunswick/burn-injury-lawyers/,2,565,0.35%,32.71
https://rodenlaw.com/practice-areas/wrongful-death-lawyers/fatal-car-accident/,2,564,0.35%,25.09
https://rodenlaw.com/resources/carolina-crossroads-construction-zone-truck-accidents/,2,544,0.37%,7.55
https://rodenlaw.com/practice-areas/maritime-injury-lawyers/unseaworthiness-claim/,2,541,0.37%,9.42
https://rodenlaw.com/workers-compensation-lawyers/third-party-workplace-injury/,2,541,0.37%,11.34
https://rodenlaw.com/blog/liability-and-causes-for-backing-up-crashes-in-charleston/,2,537,0.37%,15.78
https://rodenlaw.com/locations/south-carolina/charleston/mount-pleasant/sullivans-island/,2,524,0.38%,17.67
https://rodenlaw.com/testimonial/ricky-h/,2,515,0.39%,11.84
https://rodenlaw.com/resources/north-charleston-truck-accident-guide/,2,514,0.39%,11.5
https://rodenlaw.com/premises-liability-lawyers/amusement-park-recreational-injury/,2,510,0.39%,10.35
https://rodenlaw.com/locations/georgia/savannah/rincon/town-center/,2,506,0.4%,12.67
https://rodenlaw.com/locations/south-carolina/charleston/downtown-charleston/the-crosstown/,2,470,0.43%,11.5
https://rodenlaw.com/practice-areas/golf-cart-accident-lawyers/golf-cart-vehicle-collision/,2,465,0.43%,19.29
https://rodenlaw.com/nerve-damage-after-charleston-car-crash/,2,450,0.44%,46.93
https://rodenlaw.com/practice-areas/bicycle-accident-lawyers/drunk-driver-bicycle-accident/,2,437,0.46%,12.86
https://rodenlaw.com/blog/king-calhoun-intersection-car-collisions/,2,418,0.48%,26.26
https://rodenlaw.com/practice-areas/service-areas/,2,397,0.5%,8.8
https://rodenlaw.com/resources/south-carolina-statute-of-limitations/,2,367,0.54%,17.09
https://rodenlaw.com/locations/georgia/darien/jekyll-island/,2,355,0.56%,12.46
https://rodenlaw.com/burn-injury-lawyers/vehicle-fire-burn/,2,347,0.58%,13.37
https://rodenlaw.com/resources/abercorn-street-truck-accidents-savannah/,2,345,0.58%,7.94
https://rodenlaw.com/practice-areas/product-liability-lawyers/food-contamination/,2,325,0.62%,8.62
https://rodenlaw.com/returning-to-work-too-soon-charleston-crash/,2,306,0.65%,14.59
https://rodenlaw.com/locations/south-carolina/charleston/mount-pleasant/shem-creek/,2,305,0.66%,19.66
https://rodenlaw.com/resources/south-carolina-workers-comp-claim-denied/,2,292,0.68%,9.35
https://rodenlaw.com/blog/johns-island-accidents-no-hospital-emergency-room/,2,282,0.71%,12.47
https://rodenlaw.com/blog/trucking-regulations-and-accident-cases/,2,276,0.72%,22.81
https://rodenlaw.com/blog/is-hipaa-violation-medical-malpractice/,2,263,0.76%,14.46
https://rodenlaw.com/locations/south-carolina/charleston/mount-pleasant/rivertowne/,2,261,0.77%,28.53
https://rodenlaw.com/resources/us-17-sc-544-truck-accidents-surfside-beach/,2,249,0.8%,7.61
https://rodenlaw.com/locations/south-carolina/north-charleston/oak-terrace-preserve/,2,241,0.83%,9.05
https://rodenlaw.com/feeling-fatigued-after-charleston-car-accident/,2,239,0.84%,6.95
https://rodenlaw.com/practice-areas/premises-liability-lawyers/elevator-escalator-accident/,2,198,1.01%,13.71
https://rodenlaw.com/savannah/medical-malpractice-attorneys/psychiatric-negligence/,2,194,1.03%,40.4
https://rodenlaw.com/blog/surfside-beach-golf-colony-golf-cart-accident-lawyer/,2,187,1.07%,10.79
https://rodenlaw.com/premises-liability-lawyers/darien-ga/,2,186,1.08%,21.16
https://rodenlaw.com/legal-rights-if-hit-by-driver-in-company-car-charleston/,2,181,1.1%,23.42
https://rodenlaw.com/locations/south-carolina/myrtle-beach/carolina-forest/,2,179,1.12%,12.03
https://rodenlaw.com/testimonial/nicole-barber/,2,173,1.16%,17.35
https://rodenlaw.com/case-result/350000-settlement-auto-accident/,2,167,1.2%,7.64
https://rodenlaw.com/blog-liability-and-causes-for-backing-up-crashes-in-charleston/,2,151,1.32%,27.28
https://rodenlaw.com/compensation-for-chronic-pain-after-a-car-crash-in-charleston/,2,139,1.44%,55.03
https://rodenlaw.com/case-result/900000-mva-settlement-truck-accidents/,2,110,1.82%,10.29
https://rodenlaw.com/blog/litchfield-pawleys-island-golf-cart-accident-lawyer-georgetown-county/,2,105,1.9%,12.7
https://rodenlaw.com/blog/category/personal-injury/page/7/,2,98,2.04%,11.23
https://rodenlaw.com/case-result/125000-settlement-auto-accident-2/,2,80,2.5%,6.72
https://rodenlaw.com/testimonial/ben-young/,2,68,2.94%,13.43
https://rodenlaw.com/locations/georgia/darien/sea-island/,2,63,3.17%,8.78
https://rodenlaw.com/resources/south-carolina-premises-liability-settlement-value/,2,51,3.92%,10.31
https://rodenlaw.com/es/resources/south-carolina-statute-of-limitations/,2,46,4.35%,5.46
https://rodenlaw.com/testimonial/rachel-fraser/,2,44,4.55%,19.07
https://rodenlaw.com/who-we-are/attorneys/caroline-shaw/,2,32,6.25%,6.81
https://rodenlaw.com/case-results/350000-settlement-auto-accident/,2,17,11.76%,19.47
https://rodenlaw.com/who-we-are/attorneys/christina-butkus/,2,11,18.18%,9.55
https://rodenlaw.com/blog/category/personal-injury/,1,186102,0%,74.94
https://rodenlaw.com/practice-areas/boating-accident-lawyers/,1,52377,0%,58.83
https://rodenlaw.com/practice-areas/albany/personal-injury-lawyers/,1,29470,0%,44.28
https://rodenlaw.com/practice-areas/pedestrian-accident-lawyers/,1,28386,0%,48.39
https://rodenlaw.com/practice-areas/savannah/car-accident-lawyers/pedestrian-accidents/,1,22654,0%,18.07
https://rodenlaw.com/practice-areas/macon/personal-injury-lawyers/,1,19849,0.01%,56.31
https://rodenlaw.com/practice-areas/savannah/car-accident-lawyers/bike-accidents/,1,16893,0.01%,12.53
https://rodenlaw.com/practice-areas/brunswick/car-accident-lawyer/,1,15740,0.01%,24.65
https://rodenlaw.com/slip-and-fall-lawyers/savannah-ga/,1,14790,0.01%,17.46
https://rodenlaw.com/dog-bite-lawyers/charleston-sc/,1,13549,0.01%,18.7
https://rodenlaw.com/motorcycle-accident-lawyers/columbia-sc/,1,9123,0.01%,25.05
https://rodenlaw.com/practice-areas/motorcycle-accident-lawyers/savannah-ga/,1,8885,0.01%,9.81
https://rodenlaw.com/practice-areas/brunswick/motorcycle-accident-lawyers/,1,8404,0.01%,41.92
https://rodenlaw.com/boating-accident-lawyers/columbia-sc/,1,8188,0.01%,21.11
https://rodenlaw.com/practice-areas/savannah/burn-injury-lawyers/,1,7748,0.01%,30.54
https://rodenlaw.com/truck-accident-lawyers/columbia-sc/,1,7314,0.01%,22.01
https://rodenlaw.com/practice-areas/macon/spinal-cord-injury-lawyers/,1,7306,0.01%,13.75
https://rodenlaw.com/blog/passenger-car-accident-claim/,1,7184,0.01%,53.21
https://rodenlaw.com/blog/fault-vs-no-fault-car-insurance/#how-fault-states-work,1,6987,0.01%,5.69
https://rodenlaw.com/practice-areas/premises-liability-lawyers/columbia-sc/,1,6975,0.01%,12.84
https://rodenlaw.com/pedestrian-accident-lawyers/columbia-sc/,1,6768,0.01%,39.9
https://rodenlaw.com/practice-areas/spinal-cord-injury-lawyers/,1,6198,0.02%,50.03
https://rodenlaw.com/blog/compensatory-damages-vs-punitive-damages/#what-are-compensatory-damages,1,6178,0.02%,5
https://rodenlaw.com/class-action-lawyers/dangerous-drugs/onglyza-lawsuit/,1,6173,0.02%,22.85
https://rodenlaw.com/practice-areas/coronavirus-business-claims/,1,6108,0.02%,52.2
https://rodenlaw.com/practice-areas/construction-accident-lawyers/columbia-sc/,1,6017,0.02%,10.83
https://rodenlaw.com/dog-bite-lawyers/savannah-ga/,1,5721,0.02%,16.1
https://rodenlaw.com/practice-areas/construction-accident-lawyers/,1,5264,0.02%,61.93
https://rodenlaw.com/class-action-lawyers/dangerous-drugs/invokana-lawsuit/,1,5117,0.02%,29.56
https://rodenlaw.com/truck-accident-lawyers/savannah-ga/,1,4971,0.02%,17.64
https://rodenlaw.com/dog-bite-lawyers/myrtle-beach-sc/,1,4752,0.02%,12.02
https://rodenlaw.com/es/areas-de-practica/abogados-de-compensacion-de-trabajo/,1,4696,0.02%,53.4
https://rodenlaw.com/practice-areas/macon/dog-bite-lawyers/,1,4493,0.02%,17.44
https://rodenlaw.com/wrongful-death-lawyers/columbia-sc/,1,4308,0.02%,17.43
https://rodenlaw.com/product-liability-lawyers/charleston-sc/,1,4235,0.02%,13.15
https://rodenlaw.com/nursing-home-abuse-lawyers/savannah-ga/,1,4182,0.02%,14.41
https://rodenlaw.com/car-accident-lawyers/company-car-accident/,1,4119,0.02%,21.27
https://rodenlaw.com/slip-and-fall-lawyers/columbia-sc/,1,4094,0.02%,22.68
https://rodenlaw.com/practice-area/spinal-cord-injury-lawyer/,1,3884,0.03%,61.17
https://rodenlaw.com/practice-areas/nursing-home-abuse-attorneys/,1,3829,0.03%,45.66
https://rodenlaw.com/practice-areas/savannah/car-accident-lawyers/bus-accidents/,1,3597,0.03%,13.49
https://rodenlaw.com/blog/summer-driving-safety-tips/,1,3483,0.03%,14.64
https://rodenlaw.com/practice-areas/premises-liability-lawyers/charleston-sc/,1,3430,0.03%,16.5
https://rodenlaw.com/practice-areas/medical-malpractice-lawyers/anesthesia-error/,1,3385,0.03%,28.71
https://rodenlaw.com/practice-areas/atv-side-by-side-accident-lawyers/columbia-sc/,1,3325,0.03%,29.41
https://rodenlaw.com/practice-areas/truck-accident-lawyers/savannah-ga/,1,3193,0.03%,6.43
https://rodenlaw.com/premises-liability-lawyers/swimming-pool-accident/,1,3151,0.03%,24.28
https://rodenlaw.com/blog/uturn-crash-liability-in-charleston/#right,1,3113,0.03%,6.99
https://rodenlaw.com/blog/signs-of-concussion-from-car-crash/,1,3020,0.03%,36.93
https://rodenlaw.com/blog/free-consultation-with-charleston-personal-injury-lawyer/,1,2984,0.03%,17.84
https://rodenlaw.com/blog/wearing-headphones-while-driving-in-charleston/#wearing,1,2922,0.03%,4.81
https://rodenlaw.com/class-action-lawyers/defective-products/talcum-powder-lawsuit/,1,2745,0.04%,67.68
https://rodenlaw.com/practice-areas/macon/construction-accident-lawyers/,1,2651,0.04%,11.49
https://rodenlaw.com/practice-areas/slip-and-fall-lawyers/columbia-sc/,1,2636,0.04%,13.9
https://rodenlaw.com/practice-areas/product-liability-lawyers/columbia-sc/,1,2630,0.04%,16.08
https://rodenlaw.com/es/car-accident-lawyers/north-charleston-sc/,1,2605,0.04%,19.75
https://rodenlaw.com/practice-areas/e-bike-accident-lawyers/,1,2538,0.04%,26.12
https://rodenlaw.com/blog/charleston-reckless-driving-crash/,1,2480,0.04%,40.56
https://rodenlaw.com/practice-areas/albany/medical-malpractice-attorney/,1,2452,0.04%,32.94
https://rodenlaw.com/impaired-driving-caused-by-prescription-medications/,1,2385,0.04%,3.24
https://rodenlaw.com/nursing-home-abuse-lawyers/nursing-home-neglect/,1,2291,0.04%,26.01
https://rodenlaw.com/blog/blog-georgia-statute-of-limitations/,1,2265,0.04%,10.67
https://rodenlaw.com/blog/lawsuit-for-work-injury/,1,2241,0.04%,57.02
https://rodenlaw.com/premises-liability-lawyers/myrtle-beach-sc/,1,2218,0.05%,14.34
https://rodenlaw.com/maritime-injury-lawyers/savannah-ga/,1,2204,0.05%,24.69
https://rodenlaw.com/practice-area/burn-injury-lawyer/,1,2162,0.05%,37.96
https://rodenlaw.com/blog/what-to-do-if-your-workers-compensation-claim-is-denied/,1,2131,0.05%,42.51
https://rodenlaw.com/blog/personal-injury-lawsuit-steps/,1,2081,0.05%,41.26
https://rodenlaw.com/practice-areas/bicycle-accident-lawyers/right-hook-left-cross-collision/,1,1986,0.05%,5.42
https://rodenlaw.com/practice-areas/albany/brain-injury-lawyers/,1,1960,0.05%,26.4
https://rodenlaw.com/nursing-home-abuse-lawyers/myrtle-beach-sc/,1,1866,0.05%,17.18
https://rodenlaw.com/blog/steps-to-secure-fair-compensation-after-a-car-accident/,1,1822,0.05%,15.99
https://rodenlaw.com/locations/south-carolina/myrtle-beach/murrells-inlet/,1,1777,0.06%,17
https://rodenlaw.com/practice-areas/electric-scooter-accident-lawyers/escooter-vehicle-collision/,1,1735,0.06%,28.98
https://rodenlaw.com/practice-areas/albany/dog-bite-lawyers/,1,1696,0.06%,11.11
https://rodenlaw.com/practice-areas/medical-malpractice-lawyers/darien-ga/,1,1557,0.06%,8.39
https://rodenlaw.com/practice-areas/brunswick/wrongful-death-lawyers/,1,1546,0.06%,23.02
https://rodenlaw.com/practice-areas/maritime-injury-lawyers/tugboat-barge-accident/,1,1519,0.07%,17.86
https://rodenlaw.com/locations/south-carolina/myrtle-beach/little-river/,1,1499,0.07%,7.69
https://rodenlaw.com/workers-compensation-lawyers/denied-workers-comp-claim/,1,1491,0.07%,47.42
https://rodenlaw.com/practice-areas/burn-injury-lawyers/electrical-burn-injury/,1,1473,0.07%,23.6
https://rodenlaw.com/blog/blog-what-to-do-if-your-workers-compensation-claim-is-denied/,1,1438,0.07%,9.11
https://rodenlaw.com/practice-areas/dog-bite-lawyers/child-dog-bite/,1,1417,0.07%,25.56
https://rodenlaw.com/protecting-your-rights-after-a-myrtle-beach-car-accident/,1,1371,0.07%,40.99
https://rodenlaw.com/blog/blog-workers-comp-for-carpal-tunnel-syndrome/,1,1356,0.07%,22.33
https://rodenlaw.com/practice-areas/car-accident-lawyers/darien-ga/,1,1349,0.07%,50.66
https://rodenlaw.com/locations/south-carolina/columbia/columbia/,1,1328,0.08%,12.68
https://rodenlaw.com/truck-accident-lawyers/overloaded-improperly-loaded-cargo/,1,1186,0.08%,20.21
https://rodenlaw.com/blog/nursing-home-abuse-warning-signs/,1,1186,0.08%,55.17
https://rodenlaw.com/practice-areas/maritime-injury-lawyers/offshore-platform-injury/,1,1172,0.09%,11.53
https://rodenlaw.com/blog/how-do-i-know-if-i-have-a-personal-injury-case/,1,1170,0.09%,38.24
https://rodenlaw.com/atv-side-by-side-accident-lawyers/side-by-side-utv-accident/,1,1165,0.09%,13.33
https://rodenlaw.com/truck-accident-lawyers/jackknife-accident/,1,1157,0.09%,25.74
https://rodenlaw.com/locations/south-carolina/myrtle-beach/conway/,1,1129,0.09%,11.66
https://rodenlaw.com/construction-accident-lawyers/scaffold-ladder-fall/,1,1126,0.09%,24.06
https://rodenlaw.com/medical-malpractice-lawyers/emergency-room-negligence/,1,1089,0.09%,25.8
https://rodenlaw.com/premises-liability-lawyers/parking-lot-garage-accident/,1,1048,0.1%,19.91
https://rodenlaw.com/practice-areas/brunswick/boating-accident-lawyers/,1,1020,0.1%,51.96
https://rodenlaw.com/practice-areas/savannah/product-liability-lawyers/faq/,1,1018,0.1%,17.23
https://rodenlaw.com/blog/liability-in-head-on-collisions-savannah-ga/,1,992,0.1%,32.01
https://rodenlaw.com/burn-injury-lawyers/charleston-sc/,1,975,0.1%,12.27
https://rodenlaw.com/blog/understanding-eye-injuries-after-a-savannah-car-accident/,1,960,0.1%,11.74
https://rodenlaw.com/resources/georgia-statute-of-limitations/,1,956,0.1%,12.53
https://rodenlaw.com/blog/how-is-pain-and-suffering-calculated-after-an-accident/,1,955,0.1%,14.01
https://rodenlaw.com/locations/georgia/darien/hoboken/,1,948,0.11%,9.37
https://rodenlaw.com/practice-areas/bicycle-accident-lawyers/intersection-bicycle-accident/,1,924,0.11%,10.25
https://rodenlaw.com/resources/how-much-does-south-carolina-workers-comp-pay/,1,912,0.11%,10.83
https://rodenlaw.com/dog-bite-lawyers/child-dog-bite/,1,865,0.12%,26.72
https://rodenlaw.com/nursing-home-abuse-lawyers/medication-error-nursing-home/,1,862,0.12%,18.79
https://rodenlaw.com/blog/negligence-vs-gross-negligence/#what-is-negligence,1,854,0.12%,5.5
https://rodenlaw.com/rollover-crashes-and-what-they-do-to-your-body/,1,837,0.12%,27.7
https://rodenlaw.com/blog/benefits-of-an-accident-reconstructionist/,1,821,0.12%,16.09
https://rodenlaw.com/practice-areas/savannah/,1,806,0.12%,17.63
https://rodenlaw.com/burn-injury-lawyers/explosion-gas-line-burn/,1,778,0.13%,25.42
https://rodenlaw.com/locations/south-carolina/columbia/west-columbia/,1,773,0.13%,10.08
https://rodenlaw.com/practice-areas/wrongful-death-lawyers/nursing-home-wrongful-death/,1,771,0.13%,28.33
https://rodenlaw.com/practice-areas/medical-malpractice-lawyers/informed-consent-failure/,1,770,0.13%,9.65
https://rodenlaw.com/practice-areas/slip-and-fall-lawyers/north-charleston-sc/,1,770,0.13%,37.33
https://rodenlaw.com/locations/georgia/darien/jesup/,1,749,0.13%,10.39
https://rodenlaw.com/practice-areas/nursing-home-abuse-lawyers/sexual-abuse-elderly/,1,730,0.14%,18.32
https://rodenlaw.com/florence-sc-workers-compensation-lawyer/,1,714,0.14%,13.67
https://rodenlaw.com/locations/georgia/darien/kings-bay/,1,712,0.14%,8.16
https://rodenlaw.com/locations/south-carolina/charleston/james-island/,1,693,0.14%,12.16
https://rodenlaw.com/blog/steps-to-take-if-you-are-involved-in-a-bicycle-hit-and-run/,1,692,0.14%,11.49
https://rodenlaw.com/blog/second-opinion-for-charleston-car-crash-injuries/,1,688,0.15%,25.94
https://rodenlaw.com/car-accident-lawyers/bus-accident/,1,679,0.15%,16.72
https://rodenlaw.com/practice-areas/premises-liability-lawyers/amusement-park-recreational-injury/,1,671,0.15%,13.85
https://rodenlaw.com/premises-liability-lawyers/retail-store-shopping-center-injury/,1,662,0.15%,30.05
https://rodenlaw.com/practice-areas/medical-malpractice-lawyers/medication-error/,1,661,0.15%,18.34
https://rodenlaw.com/locations/south-carolina/columbia/batesburg-leesville/,1,661,0.15%,24.56
https://rodenlaw.com/construction-accident-lawyers/highway-construction-zone/,1,658,0.15%,22.43
https://rodenlaw.com/golf-cart-accident-lawyers/myrtle-beach-sc/,1,644,0.16%,13.99
https://rodenlaw.com/practice-areas/slip-and-fall-lawyers/grocery-store-slip-and-fall/,1,624,0.16%,15.4
https://rodenlaw.com/wrongful-death-lawyers/drowning-swimming-pool-death/,1,621,0.16%,24.07
https://rodenlaw.com/practice-areas/burn-injury-lawyers/vehicle-fire-burn/,1,613,0.16%,12.39
https://rodenlaw.com/locations/georgia/darien/alma/,1,608,0.16%,9.5
https://rodenlaw.com/blog/nursing-home-abuse-charleston-signs-families/,1,599,0.17%,10.91
https://rodenlaw.com/atv-side-by-side-accident-lawyers/atv-rollover-accident/,1,592,0.17%,6.71
https://rodenlaw.com/blog/protecting-child-burn-injuries-home/,1,590,0.17%,15.34
https://rodenlaw.com/locations/south-carolina/columbia/lugoff/,1,587,0.17%,8.27
https://rodenlaw.com/locations/georgia/savannah/port-wentworth/,1,586,0.17%,9.75
https://rodenlaw.com/locations/georgia/savannah/statesboro/,1,571,0.18%,11.14
https://rodenlaw.com/locations/georgia/darien/darien/,1,567,0.18%,10.11
https://rodenlaw.com/locations/south-carolina/charleston/west-ashley/citadel-mall-area/,1,564,0.18%,13.6
https://rodenlaw.com/blog/charleston-delivery-truck-pedestrian-cyclist-accidents/,1,562,0.18%,24.08
https://rodenlaw.com/uturn-crash-liability-in-charleston/,1,551,0.18%,33.87
https://rodenlaw.com/blog/golf-cart-accidents-charleston-island-resort-communities/,1,544,0.18%,10.7
https://rodenlaw.com/practice-areas/golf-cart-accident-lawyers/golf-cart-passenger-ejection/,1,537,0.19%,19.11
https://rodenlaw.com/spinal-cord-injury-lawyers/paraplegia/,1,537,0.19%,30.26
https://rodenlaw.com/medical-malpractice-lawyers/surgical-error/,1,537,0.19%,65.48
https://rodenlaw.com/locations/south-carolina/myrtle-beach/georgetown/,1,535,0.19%,13.52
https://rodenlaw.com/car-crash-crush-injuries-in-charleston/,1,532,0.19%,24.66
https://rodenlaw.com/practice-areas/maritime-injury-lawyers/charleston-sc/,1,531,0.19%,40.11
https://rodenlaw.com/practice-areas/albany/car-accident-lawyers/,1,531,0.19%,52.81
https://rodenlaw.com/blog-continuing-post-accident-medical-treatment/,1,525,0.19%,26.26
https://rodenlaw.com/practice-areas/wrongful-death-lawyers/workplace-fatality/,1,525,0.19%,35.73
https://rodenlaw.com/electric-scooter-accident-lawyers/escooter-intersection-crash/,1,524,0.19%,29.69
https://rodenlaw.com/bicycle-accident-lawyers/darien-ga/,1,524,0.19%,37.33
https://rodenlaw.com/class-action-lawyers/uloric/,1,519,0.19%,12.88
https://rodenlaw.com/practice-areas/medical-malpractice-lawyers/emergency-room-negligence/,1,516,0.19%,33
https://rodenlaw.com/blog/steps-after-truck-accident/,1,512,0.2%,30.86
https://rodenlaw.com/blog/boeing-north-charleston-workplace-injuries-workers-comp/,1,511,0.2%,15.69
https://rodenlaw.com/blog-can-someone-sue-me-for-a-car-accident/,1,507,0.2%,12.63
https://rodenlaw.com/practice-areas/electric-scooter-accident-lawyers/myrtle-beach-sc/,1,501,0.2%,33.63
https://rodenlaw.com/practice-areas/albany/nursing-home-abuse-lawyers/,1,499,0.2%,32.57
https://rodenlaw.com/blog/daniel-island-accidents-event-traffic-golf-carts/,1,496,0.2%,15.41
https://rodenlaw.com/locations/south-carolina/columbia/cayce/,1,491,0.2%,9.25
https://rodenlaw.com/blog/west-ashley-vs-downtown-charleston-driving-risks/,1,491,0.2%,11.57
https://rodenlaw.com/dog-bite-lawyers/dangerous-breed-attack/,1,488,0.2%,23.71
https://rodenlaw.com/practice-areas/nursing-home-abuse-lawyers/wrongful-death-nursing-home/,1,483,0.21%,32.15
https://rodenlaw.com/practice-areas/product-liability-lawyers/defective-consumer-product/,1,480,0.21%,11
https://rodenlaw.com/practice-areas/nursing-home-abuse-lawyers/medication-error-nursing-home/,1,478,0.21%,15.67
https://rodenlaw.com/slip-and-fall-lawyers/restaurant-slip-and-fall/,1,477,0.21%,16.64
https://rodenlaw.com/practice-areas/medical-malpractice-lawyers/hospital-acquired-infection/,1,475,0.21%,54.01
https://rodenlaw.com/blog/why-should-i-hire-an-accident-lawyer-after-an-accident/,1,473,0.21%,46.5
https://rodenlaw.com/blog/pedestrian-safety-georgia/,1,462,0.22%,17.44
https://rodenlaw.com/locations/south-carolina/north-charleston/ladson/,1,458,0.22%,13.55
https://rodenlaw.com/locations/south-carolina/french-quarter/,1,455,0.22%,31.25
https://rodenlaw.com/locations/georgia/darien/blackshear/,1,447,0.22%,10.77
https://rodenlaw.com/locations/south-carolina/charleston/downtown-charleston/south-of-broad/,1,445,0.22%,12.96
https://rodenlaw.com/locations/south-carolina/north-charleston/park-circle/,1,443,0.23%,17.09
https://rodenlaw.com/blog/charleston-car-crash-doctor-talk/,1,438,0.23%,26.22
https://rodenlaw.com/practice-areas/slip-and-fall-lawyers/,1,436,0.23%,30.7
https://rodenlaw.com/spinal-cord-injury-lawyers/spinal-cord-injury-car-accident/,1,434,0.23%,17.98
https://rodenlaw.com/car-accident-lawyers/commercial-vehicle-accident/,1,433,0.23%,20.94
https://rodenlaw.com/class-action-lawyers/ivc-filter/,1,427,0.23%,30.76
https://rodenlaw.com/blog/category/truck-accident/,1,419,0.24%,45.54
https://rodenlaw.com/practice-areas/construction-accident-lawyers/highway-road-construction-accident/,1,397,0.25%,13.62
https://rodenlaw.com/overloaded-semi-trucks-accidents-on-charleston-highways/,1,397,0.25%,23.52
https://rodenlaw.com/practice-areas/electric-scooter-accident-lawyers/escooter-intersection-crash/,1,391,0.26%,15.42
https://rodenlaw.com/resources/jimmy-deloach-connector-truck-accidents-savannah/,1,389,0.26%,9.13
https://rodenlaw.com/practice-areas/pedestrian-accident-lawyers/school-zone-pedestrian-accident/,1,381,0.26%,9.7
https://rodenlaw.com/blog/atlantic-coastal-highway-us-17-rideshare-uber-lyft-crash-savannah-intermodal-transit-center/,1,380,0.26%,9.65
https://rodenlaw.com/locations/south-carolina/charleston/west-ashley/byrnes-downs/,1,377,0.27%,20.66
https://rodenlaw.com/blog/rideshare-accident-i-26-tenmile-north-charleston/,1,376,0.27%,9.49
https://rodenlaw.com/blog/when-is-the-right-time-to-hire-a-personal-injury-lawyer/,1,370,0.27%,8.82
https://rodenlaw.com/charleston-parking-lot-car-accident-liability/,1,360,0.28%,30.62
https://rodenlaw.com/practice-areas/slip-and-fall-lawyers/hotel-resort-injury/,1,354,0.28%,14.46
https://rodenlaw.com/practice-areas/slip-and-fall-lawyers/restaurant-slip-and-fall/,1,350,0.29%,10.84
https://rodenlaw.com/practice-areas/nursing-home-abuse-lawyers/physical-abuse-nursing-home/,1,349,0.29%,19.17
https://rodenlaw.com/practice-areas/slip-and-fall-lawyers/stairway-escalator-fall/,1,346,0.29%,16.14
https://rodenlaw.com/blog/steps-after-slip-and-fall-injury/,1,344,0.29%,48.84
https://rodenlaw.com/car-accident-lawyers/i-526-accident/,1,341,0.29%,13.79
https://rodenlaw.com/blog/why-are-highway-road-shoulder-accidents-in-charleston-dangerous/,1,341,0.29%,21.38
https://rodenlaw.com/resources/summerville-truck-accidents-i-26-corridor/,1,339,0.29%,8.89
https://rodenlaw.com/slip-and-fall-lawyers/grocery-store-slip-and-fall/,1,338,0.3%,27.72
https://rodenlaw.com/blog/car-crash-crush-injuries-in-charleston/,1,333,0.3%,20.59
https://rodenlaw.com/boating-accident-lawyers/boating-under-influence/,1,330,0.3%,22.78
https://rodenlaw.com/locations/georgia/savannah/skidaway-island/,1,329,0.3%,15.88
https://rodenlaw.com/brain-injury-lawyers/sports-related-brain-injury/,1,327,0.31%,19.83
https://rodenlaw.com/blog/is-workers-compensation-an-employee-benefit/#what-benefits-are-available,1,322,0.31%,5.79
https://rodenlaw.com/dog-bite-lawyers/dog-attack-jogger-cyclist/,1,322,0.31%,7.38
https://rodenlaw.com/burn-injury-lawyers/electrical-burn-injury/,1,321,0.31%,21.07
https://rodenlaw.com/locations/georgia/savannah/hinesville/,1,320,0.31%,11.49
https://rodenlaw.com/locations/south-carolina/columbia/red-bank/,1,319,0.31%,9.37
https://rodenlaw.com/practice-areas/atv-side-by-side-accident-lawyers/atv-rollover-accident/,1,314,0.32%,9.04
https://rodenlaw.com/resources/ashley-phosphate-i-26-truck-accidents/,1,312,0.32%,8.79
https://rodenlaw.com/?page_id=1894,1,306,0.33%,2.71
https://rodenlaw.com/blog-impact-of-surgery-recommendation/,1,305,0.33%,21.24
https://rodenlaw.com/blog/shoulder-injuries-after-charleston-car-crash/,1,305,0.33%,30.63
https://rodenlaw.com/a-guide-to-car-accident-claims-at-columbias-toughest-intersections/,1,300,0.33%,13.82
https://rodenlaw.com/why-are-highway-road-shoulder-accidents-in-charleston-dangerous/,1,298,0.34%,26.96
https://rodenlaw.com/workers-compensation-lawyers/occupational-disease/,1,295,0.34%,34.96
https://rodenlaw.com/pedestrian-accident-lawyers/school-zone-pedestrian-accident/,1,293,0.34%,11.89
https://rodenlaw.com/construction-accident-lawyers/trench-collapse/,1,292,0.34%,15.4
https://rodenlaw.com/brain-injury-lawyers/concussion-mild-tbi/,1,288,0.35%,36.65
https://rodenlaw.com/testimonial/ashley-b/,1,278,0.36%,10.33
https://rodenlaw.com/practice-areas/atv-side-by-side-accident-lawyers/atv-rental-tour-accident/,1,277,0.36%,7.45
https://rodenlaw.com/testimonial/megan-l/,1,277,0.36%,9.82
https://rodenlaw.com/blog/what-to-know-about-chest-pain-after-a-savannah-car-crash/,1,274,0.36%,61.08
https://rodenlaw.com/dog-bite-lawyers/severe-dog-bite-injury/,1,272,0.37%,21.39
https://rodenlaw.com/resources/personal-injury-claim-charleston-county-court/,1,271,0.37%,12.24
https://rodenlaw.com/myrtle-beach-dangerous-roads-intersections/,1,267,0.37%,8.36
https://rodenlaw.com/locations/south-carolina/north-charleston/goose-creek/devon-forest/,1,255,0.39%,18.78
https://rodenlaw.com/locations/south-carolina/charleston/isle-of-palms/,1,254,0.39%,7.74
https://rodenlaw.com/practice-area/product-liability-lawyers/,1,251,0.4%,54.65
https://rodenlaw.com/practice-areas/dog-bite-lawyers/dangerous-breed-attack/,1,249,0.4%,12.48
https://rodenlaw.com/practice-areas/premises-liability-lawyers/swimming-pool-accident/,1,247,0.4%,40.99
https://rodenlaw.com/blog/page/2/,1,246,0.41%,13.02
https://rodenlaw.com/practice-areas/product-liability-lawyers/defective-home-appliance/,1,245,0.41%,7.9
https://rodenlaw.com/locations/georgia/savannah/port-wentworth/town-center/,1,243,0.41%,9.56
https://rodenlaw.com/resources/i-16-truck-accidents-savannah/,1,242,0.41%,9.97
https://rodenlaw.com/blog/your-guide-to-justice-after-a-charleston-truck-accident/,1,242,0.41%,28.23
https://rodenlaw.com/practice-areas/spinal-cord-injury-lawyers/spinal-fracture/,1,241,0.41%,11.14
https://rodenlaw.com/practice-areas/premises-liability-lawyers/parking-lot-garage-accident/,1,240,0.42%,22.99
https://rodenlaw.com/electric-scooter-accident-lawyers/myrtle-beach-sc/,1,240,0.42%,24.34
https://rodenlaw.com/testimonial/s-miller/,1,236,0.42%,9.75
https://rodenlaw.com/blog/when-should-you-hire-an-attorney-after-being-in-an-accident/,1,235,0.43%,39.34
https://rodenlaw.com/es/south-carolina-truck-accident-lawyers/,1,230,0.43%,31.33
https://rodenlaw.com/locations/georgia/savannah/pooler/,1,227,0.44%,14.07
https://rodenlaw.com/locations/south-carolina/myrtle-beach/myrtle-beach/golden-mile/,1,227,0.44%,31.52
https://rodenlaw.com/car-accident-lawyers/rear-end-collision/,1,223,0.45%,19.15
https://rodenlaw.com/blog-5-benefits-of-hiring-a-truck-accident-attorney-in-2023/,1,221,0.45%,31.93
https://rodenlaw.com/dog-bite-lawyers/postal-delivery-worker-bite/,1,220,0.45%,13.49
https://rodenlaw.com/blog/columbia-airport-expressway-us-378-truck-accident-springdale-lexington-county/,1,219,0.46%,19.34
https://rodenlaw.com/locations/south-carolina/columbia/chapin/,1,216,0.46%,12.08
https://rodenlaw.com/practice-areas/workers-compensation-lawyers/boeing-aerospace-injury/,1,212,0.47%,21.52
https://rodenlaw.com/resources/i-526-truck-accidents-charleston/,1,210,0.48%,9.15
https://rodenlaw.com/case-result/2500000-settlement-auto-accident/,1,209,0.48%,8.08
https://rodenlaw.com/locations/georgia/savannah/effingham-county/springfield/,1,207,0.48%,16.61
https://rodenlaw.com/blog-dangerous-tools-garage/,1,206,0.49%,17.57
https://rodenlaw.com/practice-areas/atv-side-by-side-accident-lawyers/charleston-sc/,1,202,0.5%,16.99
https://rodenlaw.com/practice-areas/car-accident-lawyers/commercial-vehicle-accident/,1,202,0.5%,27.75
https://rodenlaw.com/practice-areas/charleston/rear-end-collision-lawyers/,1,200,0.5%,7.46
https://rodenlaw.com/what-to-do-after-a-truck-accident-on-i-526-in-charleston-2/,1,194,0.52%,12.46
https://rodenlaw.com/locations/georgia/savannah/?ref=gmb_sav,1,192,0.52%,2.4
https://rodenlaw.com/atv-side-by-side-accident-lawyers/atv-road-collision/,1,191,0.52%,14.09
https://rodenlaw.com/blog/overloaded-semi-trucks-accidents-on-charleston-highways/,1,190,0.53%,20.28
https://rodenlaw.com/wrongful-death-lawyers/darien-ga/,1,189,0.53%,23.06
https://rodenlaw.com/locations/south-carolina/myrtle-beach/andrews/,1,188,0.53%,23.25
https://rodenlaw.com/blog/eulonia-us-17-ocean-highway-rideshare-uber-accident-lawyer-mcintosh-county/,1,186,0.54%,7.92
https://rodenlaw.com/locations/south-carolina/columbia/northeast-columbia/,1,186,0.54%,14.01
https://rodenlaw.com/blog/your-guide-to-recovering-lost-wages-after-a-charleston-car-accident/,1,184,0.54%,12.6
https://rodenlaw.com/locations/georgia/darien/harrietts-bluff/,1,182,0.55%,8.85
https://rodenlaw.com/bicycle-accident-lawyers/dooring-accident/,1,178,0.56%,17.19
https://rodenlaw.com/practice-areas/nursing-home-abuse-lawyers/assisted-living-abuse/,1,174,0.57%,14.75
https://rodenlaw.com/locations/georgia/savannah/wilmington-island/town-center/,1,173,0.58%,14.73
https://rodenlaw.com/case-result/27000000-settlement-truck-accidents/,1,171,0.58%,6.5
https://rodenlaw.com/blog/questions-about-filing-a-lawsuit/,1,171,0.58%,17.99
https://rodenlaw.com/practice-areas/motorcycle-accident-lawyers/single-vehicle-motorcycle-crash/,1,170,0.59%,11.5
https://rodenlaw.com/charleston/personal-injury-lawyer/,1,159,0.63%,4.91
https://rodenlaw.com/blog/mcintosh-county-drunk-driver-accident-lawyer/,1,155,0.65%,11.31
https://rodenlaw.com/electric-scooter-accident-lawyers/ride-share-scooter-accident/,1,154,0.65%,20.17
https://rodenlaw.com/blog-am-i-eligible-for-workers-compensation/,1,150,0.67%,16.8
https://rodenlaw.com/car-accident-lawyers/ashley-phosphate-road-accident/,1,144,0.69%,17.88
https://rodenlaw.com/locations/georgia/savannah/bryan-county/,1,141,0.71%,9.62
https://rodenlaw.com/locations/south-carolina/charleston/downtown-charleston/cannonborough-elliotborough/,1,140,0.71%,31.29
https://rodenlaw.com/blog/guide-after-a-car-accident-in-columbia-sc/,1,139,0.72%,13.22
https://rodenlaw.com/maritime-injury-lawyers/darien-ga/,1,138,0.72%,29.85
https://rodenlaw.com/practice-areas/bicycle-accident-lawyers/bicycle-vs-truck-accident/,1,137,0.73%,6.64
https://rodenlaw.com/blog/international-boulevard-airport-rideshare-uber-lyft-crash-north-charleston/,1,136,0.74%,7.71
https://rodenlaw.com/locations/georgia/savannah/pooler/west-pooler/,1,127,0.79%,16.57
https://rodenlaw.com/es/blog/is-hipaa-violation-medical-malpractice/,1,126,0.79%,7.67
https://rodenlaw.com/resources/i-516-truck-accidents-port-savannah/,1,125,0.8%,11.67
https://rodenlaw.com/blog/hanahan-murray-avenue-highland-park-bicycle-accident-lawyer/,1,124,0.81%,10.5
https://rodenlaw.com/blog/proving-your-pain-after-a-charleston-car-accident/,1,122,0.82%,19.11
https://rodenlaw.com/resources/rivers-avenue-truck-accidents-north-charleston/,1,120,0.83%,10.09
https://rodenlaw.com/blog/category/motorcycle-accident/,1,119,0.84%,8.29
https://rodenlaw.com/locations/georgia/savannah/whitemarsh-island/,1,116,0.86%,10.65
https://rodenlaw.com/blog/port-truck-accidents-charleston-liability/,1,115,0.87%,11.09
https://rodenlaw.com/category/truck-accident/,1,115,0.87%,38.89
https://rodenlaw.com/locations/south-carolina/charleston/west-ashley/avondale/,1,110,0.91%,27.62
https://rodenlaw.com/dog-bite-laws-south-carolina-charleston/,1,104,0.96%,22.27
https://rodenlaw.com/es/workers-compensation-lawyers/savannah-ga/,1,102,0.98%,14.32
https://rodenlaw.com/locations/south-carolina/charleston/mount-pleasant/belle-hall/,1,97,1.03%,41.69
https://rodenlaw.com/blog/social-media-personal-injury-claim/,1,96,1.04%,13.32
https://rodenlaw.com/slip-and-fall-lawyers/stairway-escalator-fall/,1,94,1.06%,23.73
https://rodenlaw.com/category/legal-guidance/,1,92,1.09%,8.17
https://rodenlaw.com/locations/south-carolina/north-charleston/summerville/sangaree/,1,92,1.09%,22.41
https://rodenlaw.com/practice-areas/car-accident-lawyers/rear-end-collision/,1,87,1.15%,32.36
https://rodenlaw.com/practice-areas/pedestrian-accident-lawyers/backing-up-parking-lot-accident/,1,85,1.18%,7.96
https://rodenlaw.com/locations/south-carolina/charleston/mount-pleasant/old-village/,1,85,1.18%,14.87
https://rodenlaw.com/how-poor-truck-maintenance-causes-charleston-accidents/,1,82,1.22%,16.11
https://rodenlaw.com/blog/st-andrews-road-widewater-18-wheeler-accident-lawyer-richland-county/,1,80,1.25%,11.53
https://rodenlaw.com/blog/mount-pleasant-johnnie-dodds-us-17-uninsured-motorist-lawyer/,1,79,1.27%,9.18
https://rodenlaw.com/locations/south-carolina/north-charleston/goose-creek/carnes-crossroads/,1,79,1.27%,13.66
https://rodenlaw.com/blog-negligence-and-18-wheeler-accidents/,1,79,1.27%,45.71
https://rodenlaw.com/blog/category/car-accident/page/6/,1,77,1.3%,9.69
https://rodenlaw.com/wp-content/uploads/2024/03/RL-large-graphic-fnl.jpg,1,77,1.3%,12.57
https://rodenlaw.com/locations/south-carolina/north-charleston/wescott-plantation/,1,77,1.3%,12.81
https://rodenlaw.com/testimonials/dante-williams-dante/,1,75,1.33%,14.19
https://rodenlaw.com/testimonials,1,75,1.33%,24.73
https://rodenlaw.com/blog/can-passengers-be-at-fault-for-a-crash/,1,71,1.41%,16.97
https://rodenlaw.com/locations/georgia/savannah/midtown-savannah/ardsley-park-chatham-crescent/,1,69,1.45%,20.45
https://rodenlaw.com/locations/south-carolina/north-charleston/charleston-heights/,1,66,1.52%,16.71
https://rodenlaw.com/case-result/130000-settlement-auto-accident/,1,64,1.56%,5.02
https://rodenlaw.com/blog/yamacraw-village-pedestrian-accident-lawyer/,1,64,1.56%,14.06
https://rodenlaw.com/blog/help-teen-safer-driver/,1,63,1.59%,24.06
https://rodenlaw.com/blog/mount-pleasant-mark-clark-expressway-i-526-motorcycle-accident-lawyer/,1,61,1.64%,8.95
https://rodenlaw.com/locations/south-carolina/murrells-inlet/,1,60,1.67%,16.5
https://rodenlaw.com/practice-areas/golf-cart-accident-lawyers/golf-cart-pedestrian-accident/,1,55,1.82%,20.56
https://rodenlaw.com/locations/south-carolina/charleston/downtown-charleston/ansonborough/,1,54,1.85%,17.22
https://rodenlaw.com/blog/charlestons-crash-hotspots-to-avoid-in-2025-2/,1,53,1.89%,9.26
https://rodenlaw.com/workers-compensation-lawyers/savannah-port-worker-injury/,1,41,2.44%,44.76
https://rodenlaw.com/case-result/162500-settlement-truck-accidents/,1,40,2.5%,6.8
https://rodenlaw.com/blog/category/car-accidents/,1,40,2.5%,15.35
https://rodenlaw.com/blog/south-kings-highway-us-17-business-underinsured-motorist-lawyer/,1,39,2.56%,17.31
https://rodenlaw.com/es/workers-compensation-lawyers/columbia-sc/,1,38,2.63%,31.76
https://rodenlaw.com/case-result/3350000-verdict-premises-liability/,1,37,2.7%,6.38
https://rodenlaw.com/charleston-historic-sidewalk-slip-fall-city-liable/,1,36,2.78%,4.22
https://rodenlaw.com/staff/amsi-raudales/,1,36,2.78%,24.42
https://rodenlaw.com/blog/east-bay-street-savannah-pedestrian-accident-lawyer/,1,36,2.78%,49.39
https://rodenlaw.com/case-result/600000-settlement-auto-accident/,1,35,2.86%,10.57
https://rodenlaw.com/practice-areas/maritime-injury-lawyers/darien-ga/,1,35,2.86%,24.14
https://rodenlaw.com/blog/old-fort-jackson-savannah-fatal-truck-accident-lawyer/,1,32,3.12%,13.88
https://rodenlaw.com/testimonials/lizzie-kirkley/,1,29,3.45%,7.59
https://rodenlaw.com/charleston-medical-malpractice-hospital-claim-south-carolina/,1,26,3.85%,9.15