Top queries,Clicks,Impressions,CTR,Position
roden law,930,2960,31.42%,1.72
roden law firm,354,1429,24.77%,1.81
eric roden,224,1632,13.73%,5.21
roden law savannah ga,82,305,26.89%,1
josh dorminy,70,391,17.9%,1.95
roden law firm charleston sc,62,270,22.96%,1.19
is georgia a no fault state,58,7550,0.77%,3.97
compensatory vs punitive damages,44,9942,0.44%,4.21
roden law charleston,43,239,17.99%,1.07
eric roden charleston,40,113,35.4%,1
ค่าทนทุกข์ทรมานจากการบาดเจ็บ คือ,39,108,36.11%,1.56
tyler love,34,684,4.97%,7.12
troubled teen industry,29,4579,0.63%,12.98
josh dorminy attorney,29,79,36.71%,1.03
graeham gillin,27,98,27.55%,1
ค่าทนทุกข์ทรมาน,26,173,15.03%,3.55
compensatory damages,25,10708,0.23%,14.23
what is a rollover crash,22,2601,0.85%,8.47
is georgia a no fault state for car accidents,21,1188,1.77%,2.5
ค่าทนทุกข์ทรมานจากการบาดเจ็บ,20,47,42.55%,1.98
compensatory damages vs punitive damages,19,3628,0.52%,3.85
why is myrtle beach so dangerous,18,13785,0.13%,9.3
ค่าทุกข์ทรมานจากการบาดเจ็บ,18,74,24.32%,2.12
charleston personal injury lawyer,17,15185,0.11%,14.66
punitive damages vs compensatory damages,16,3823,0.42%,3.81
roden law reviews,15,238,6.3%,2.05
logan sudholz,15,77,19.48%,2.34
rhoden law firm,14,89,15.73%,2.79
punitive damages,13,6539,0.2%,19.34
compensatory damages vs punitive,13,833,1.56%,3.36
is workers comp an employee benefit,13,532,2.44%,2.87
law firms in charleston sc,13,210,6.19%,3.72
eric roden attorney,13,49,26.53%,3.29
ค่าทนทุกข์ทรมาน จากการบาดเจ็บ,13,34,38.24%,1.88
roden love llc,13,31,41.94%,1.03
blunt force trauma,12,27171,0.04%,12.21
punitive vs compensatory damages,12,3280,0.37%,3.93
ja moore,12,987,1.22%,8.42
what are punitive damages,11,17943,0.06%,9.08
is ga a no fault state,11,2462,0.45%,4.33
troubled teen industry abuse,11,1089,1.01%,10.16
blunt force trauma car accident,11,851,1.29%,5.78
jordyn butler woodbine ga,11,48,22.92%,6.94
burn injury attorney,10,14593,0.07%,24.73
compensatory and punitive damages,10,1416,0.71%,4.06
roden,10,1199,0.83%,23.48
how much is pain and suffering worth,10,1079,0.93%,10.5
mitigate damages car accident,10,238,4.2%,3.65
motorcycle accident brunswick ga,10,159,6.29%,11.63
what if the person at fault for my accident is deceased,10,143,6.99%,2.56
joshua dorminy,10,43,23.26%,1
rhoden law,10,40,25%,3.52
punitive damages meaning,9,6368,0.14%,9.95
what happens if you get caught driving after a seizure,9,631,1.43%,8.42
zo3 link,9,418,2.15%,4.95
difference between compensatory and punitive damages,8,1555,0.51%,3.61
sprained ankle at work,8,1235,0.65%,26.55
4 way stop accident fault,8,187,4.28%,7.2
zoe link,8,157,5.1%,5.35
jeff fitzpatrick lawyer,8,77,10.39%,8.58
pain and suffering,7,3132,0.22%,29.27
grade 2 whiplash average payout,7,2315,0.3%,11.36
pain and suffering compensation,7,2302,0.3%,30.87
rollover crash,7,1573,0.45%,6.56
kompensasi adalah ganti rugi,7,1060,0.66%,4.17
how much of a $30k settlement will i get,7,897,0.78%,6.21
roden law savannah,7,16,43.75%,1
personal injury lawyer charleston sc,6,4652,0.13%,12.58
what are compensatory damages,6,4325,0.14%,9.36
georgia no fault state,6,1276,0.47%,4.64
is georgia a no fault state for auto insurance,6,1179,0.51%,4.18
whiplash insurance claim,6,895,0.67%,36.95
what happens if you run a red light and caused an accident,6,557,1.08%,6.73
what if the person at fault for my accident is deceased?,6,458,1.31%,2.16
sc adult booster seat law,6,280,2.14%,7.67
kompensasi ganti rugi adalah,6,195,3.08%,5.32
how do insurance companies get police reports,6,189,3.17%,4.86
what happens if insurance company does not respond to demand letter,6,170,3.53%,5.91
is ga a no fault state for car accidents,6,152,3.95%,2.92
odds of surviving a rollover car accident,6,98,6.12%,23.47
compensatory,5,25064,0.02%,9.71
charleston car accident lawyer,5,16638,0.03%,12.51
blunt trauma,5,10455,0.05%,13.78
what to say when claiming whiplash,5,3251,0.15%,10.05
blunt force injuries,5,2589,0.19%,11.9
how is pain and suffering calculated,5,2427,0.21%,27.02
compensatory v punitive damages,5,500,1%,3.55
john roden law office,5,223,2.24%,5.74
punitive damages คือ,5,134,3.73%,3.72
eric rhoden,5,88,5.68%,8.56
how long does compensation fund take to pay out,5,40,12.5%,2.9
what is punitive damages,4,6878,0.06%,8.92
columbia car accident lawyer,4,4448,0.09%,20.57
savannah medical malpractice lawyer,4,2614,0.15%,15.36
2nd degree burns workers compensation,4,2593,0.15%,25.27
pain and suffering damages,4,2189,0.18%,23.96
is georgia a no-fault state,4,1269,0.32%,3.59
if someone runs a red light and you hit them who is at fault,4,1093,0.37%,10.99
hair relaxer lawsuit settlement amounts,4,1028,0.39%,43.91
pain and suffering calculator,4,1004,0.4%,62.64
twisted ankle at work,4,961,0.42%,25.9
dangerous tools,4,825,0.48%,8.47
compensatory damages and punitive damages,4,697,0.57%,4.43
dental malpractice lawyer,4,498,0.8%,32.59
north charleston crime rate,4,495,0.81%,8.02
if you get a ticket in an accident are you at fault,4,372,1.08%,5.81
can a lawyer get my medical records without my consent,4,365,1.1%,6.03
stephanie aguirre,4,355,1.13%,6.3
sc golf cart laws,4,350,1.14%,8.82
georgia at fault state,4,287,1.39%,5.01
is workers comp considered an employee benefit,4,257,1.56%,2.8
what are compensatory and punitive damages,4,239,1.67%,4.22
ค่าเสียหายเชิงลงโทษ,4,152,2.63%,8.66
south carolina adult booster seat law,4,147,2.72%,8.01
road accident fund,4,107,3.74%,3.3
drunk pedestrian hit by car who is at fault,4,106,3.77%,11.68
ค่าเสียหายเชิงลงโทษ คือ,4,86,4.65%,6.22
do insurance companies use private investigators,4,72,5.56%,5.93
what happens when at-fault driver dies,4,55,7.27%,2.65
rodin law firm,4,29,13.79%,5.17
ค่าทนทุกข์ทรมานจากการบาดเจ็บเรียกได้เท่าไหร่,4,6,66.67%,1
car accident lawyer,3,42956,0.01%,7.97
workers comp lawyer,3,8439,0.04%,10.13
car accident lawyer charleston sc,3,4789,0.06%,15.06
grade 1 whiplash average payout,3,2185,0.14%,10.58
whiplash injury settlement,3,2133,0.14%,17.61
is georgia an at fault state,3,1740,0.17%,5.25
punitive vs compensatory,3,1021,0.29%,3.92
how to calculate pain and suffering,3,891,0.34%,14.52
running a red light on accident,3,805,0.37%,6.6
how much can you get for pain and suffering,3,625,0.48%,19.45
troubled teen industry lawsuit,3,579,0.52%,4.04
is it illegal to drive with headphones,3,571,0.53%,16.4
punitive damages lawyer,3,568,0.53%,11.16
do i lose workers' comp if i quit my job,3,431,0.7%,23.23
hit and run charleston sc,3,388,0.77%,11.46
are u turns illegal in south carolina,3,343,0.87%,6.59
talcum powder lawsuit,3,326,0.92%,16.06
is it illegal to drive with headphones in south carolina,3,291,1.03%,3.48
shem creek boat crash,3,275,1.09%,8.92
can i resign while on workers comp,3,264,1.14%,6.32
most dangerous power tools,3,256,1.17%,11.48
do police report accidents to insurance companies,3,242,1.24%,6.94
shem creek boat accident,3,234,1.28%,9.24
how much do you get for pain and suffering,3,227,1.32%,25.81
maximum medical improvement (mmi),3,164,1.83%,6.54
नुकसान भरपाई कायदा,3,159,1.89%,9.62
multiple blunt force injuries car accident,3,155,1.94%,4.52
can you sue for whiplash in a car accident,3,155,1.94%,9.65
north myrtle beach golf cart rules,3,107,2.8%,6.93
jenis malpraktik,3,78,3.85%,8.63
myrtle beach golf cart rules,3,71,4.23%,7.86
how to answer car insurance questions,3,53,5.66%,5.89
can insurance company get police report,3,42,7.14%,2.19
compensation fund,3,39,7.69%,3
raf,3,33,9.09%,3.24
can i claim raf after 20 years,3,10,30%,2.7
car accident lawyer savannah,2,7461,0.03%,16.72
someone ran a red light and hit me,2,3289,0.06%,13.74
injury lawyer near me,2,3088,0.06%,5.22
columbia pedestrian accident lawyer,2,2423,0.08%,23.34
is highway hypnosis dangerous,2,2393,0.08%,8.84
car accident checklist,2,1852,0.11%,44.67
grade 3 whiplash average payout,2,1770,0.11%,12.36
what is compensatory damages,2,1741,0.11%,9.47
workmans comp lawyer,2,1671,0.12%,9.54
injury lawyers,2,1620,0.12%,6.64
medical malpractice attorney charleston sc,2,1569,0.13%,22.98
whiplash compensation,2,1552,0.13%,41.27
o.c.g.a. § 9-3-33,2,1460,0.14%,9.36
compensatory damages meaning,2,1272,0.16%,7.94
compensatory damages definition,2,1155,0.17%,11.75
dental malpractice lawyer near me,2,1077,0.19%,9.62
whiplash payout scale,2,1074,0.19%,44.58
burn injury at work compensation,2,1056,0.19%,42.49
is georgia a no fault car insurance state,2,1019,0.2%,4.69
difference between punitive and compensatory damages,2,889,0.22%,3.56
how far back can an insurance company request medical records,2,882,0.23%,16.66
is georgia no fault state,2,879,0.23%,3.93
pain and suffering settlement,2,809,0.25%,27.12
does police report automatically go to insurance,2,739,0.27%,10.41
punitive and compensatory damages,2,707,0.28%,4.35
what are punitive damages?,2,706,0.28%,7.76
personal injury lawyer brunswick ga,2,696,0.29%,11.16
workers comp sprained ankle,2,685,0.29%,6.47
what is the difference between compensatory and punitive damages,2,680,0.29%,3.53
how much compensation for whiplash and tinnitus,2,643,0.31%,20.57
negligence vs gross negligence,2,624,0.32%,16.07
compensatory damages example,2,534,0.37%,9.82
hearing loss after car accident settlement,2,520,0.38%,9.41
georgia super speeder law,2,502,0.4%,35.88
what happens if your car is stolen and damaged,2,501,0.4%,9.63
what is gross negligence,2,497,0.4%,20.62
punitive damages example,2,496,0.4%,17.4
do i lose workers comp if i quit my job,2,488,0.41%,23.78
pre existing injury settlement,2,475,0.42%,17.33
trouble teen industry,2,447,0.45%,16.88
zoning out while driving,2,445,0.45%,12.19
compensatory vs punitive,2,419,0.48%,4.16
pain and suffering settlement amounts,2,403,0.5%,21.04
when will workers' comp offer a settlement,2,374,0.53%,60.76
ravenel bridge accident,2,355,0.56%,7.84
what's it called when you zone out while driving,2,283,0.71%,6.18
shem creek boating accident,2,282,0.71%,8.02
how much of a 50k settlement will i get,2,279,0.72%,10.41
is georgia an at fault state for car accidents,2,276,0.72%,5.18
punitive damages and compensatory damages,2,247,0.81%,4.06
ime,2,246,0.81%,2.59
vehicle rollover meaning,2,226,0.88%,8.63
what to do after a car accident,2,203,0.99%,48.12
most dangerous tools,2,200,1%,9.4
compensatory and punitive damages meaning,2,184,1.09%,4.31
gross negligence settlement amounts,2,181,1.1%,20.66
how much is a hipaa violation lawsuit worth,2,173,1.16%,6.61
when to send a demand letter to insurance company,2,165,1.21%,11.25
what is rollover crash,2,160,1.25%,8.88
auto insurance add ons,2,155,1.29%,14.11
how are compensatory and punitive damages different,2,153,1.31%,3.38
marina baldwin,2,147,1.36%,2.68
what happens if you quit while on workers comp,2,134,1.49%,7.25
south carolina adult booster seat laws,2,134,1.49%,8.72
ja moore south carolina,2,131,1.53%,8.22
who are punitive damages paid to,2,126,1.59%,7.75
what happens if i quit my job while on workers comp,2,123,1.63%,15.68
is it legal to drive with headphones,2,122,1.64%,9.21
how much pain and suffering should i ask for,2,117,1.71%,13.68
blunt force impact trauma,2,116,1.72%,9.97
how to answer insurance claim questions,2,115,1.74%,5.01
rollover car accident injuries,2,111,1.8%,9.86
jeff fitzpatrick,2,110,1.82%,2.26
claims arbitration,2,110,1.82%,7.12
waycross personal injury lawyer,2,109,1.83%,7.97
south carolina golf cart permit,2,105,1.9%,11.72
workers comp for sprained ankle,2,98,2.04%,3.84
bruise,2,94,2.13%,4.89
at-fault vs no-fault states,2,90,2.22%,12.69
is workers comp considered a benefit,2,87,2.3%,3.43
lawyers savannah ga,2,87,2.3%,22.47
how much does pain and suffering pay,2,86,2.33%,10.45
business litigation attorney near me,2,86,2.33%,10.95
blunt force trauma death,2,85,2.35%,26.81
megan socha,2,80,2.5%,2.11
if you are at fault in a car accident do you get a ticket,2,80,2.5%,8.54
is wearing headphones while driving illegal,2,78,2.56%,14.83
shem creek boat wreck,2,76,2.63%,8.54
is it illegal to drive with airpods,2,76,2.63%,15.72
ime doctor tricks,2,68,2.94%,3.18
kırmızı ışıkta geçip kaza yapmak cezası,2,68,2.94%,6.41
whiplash insurance,2,66,3.03%,13.44
rhoden law group,2,65,3.08%,8.52
following doctors orders,2,61,3.28%,9
sadak per paidal chalne walon ka kya uttardayitv hai,2,58,3.45%,1.98
workers comp taxable,2,56,3.57%,34.23
attorneys savannah ga,2,55,3.64%,36.75
what is pain and suffering in a car accident,2,53,3.77%,46.06
punitive meaning,2,50,4%,2.26
how to answer insurance adjuster questions,2,47,4.26%,4.74
how to claim whiplash after accident,2,37,5.41%,18.54
नुकसान भरपाई दावा,2,36,5.56%,10.61
cause of death blunt force trauma,2,36,5.56%,11.75
charleston attorneys,2,35,5.71%,30.8
perbedaan ganti rugi dan kompensasi,2,34,5.88%,3.88
charleston county accident reports,2,34,5.88%,7.71
workers compensation insurance employee benefits,2,31,6.45%,5.32
list of serious injuries raf,2,29,6.9%,3.52
i ran a red light and caused an accident,2,28,7.14%,5.32
attorneys near me,2,21,9.52%,19
per diem method,2,20,10%,2.85
rebecca harris attorney,2,17,11.76%,6.06
rolled car accident,2,15,13.33%,7.47
check iod claim status online south africa,2,13,15.38%,3
how long does raf second payment take,2,11,18.18%,2.82
payout workers' comp settlement chart,2,10,20%,4.6
iş yerinde ayak burkulması iş kazası mı,2,9,22.22%,3
troubled teen industry controversy,2,7,28.57%,6.71
civil litigation attorney near me,2,7,28.57%,14.43
peter brown attorney,2,6,33.33%,1.83
neck injury settlement without surgery,2,6,33.33%,2.33
rma insurance,2,6,33.33%,2.67
how long does it take for raf to pay out after court,2,6,33.33%,2.83
rand mutual assurance,2,5,40%,3
law firms columbia sc,2,3,66.67%,1
morgan and morgan law firm,2,3,66.67%,3.67
traffic accident examples,2,2,100%,2
4-way stop clockwise or counter clockwise,2,2,100%,3
personal injury lawyer,1,98008,0%,53.93
personal injury attorney,1,35080,0%,65.32
medical malpractice lawyer,1,32248,0%,14.61
slip and fall lawyer,1,28139,0%,52.06
dog bite attorney,1,17866,0.01%,25.94
auto accident attorney,1,11671,0.01%,9.06
pedestrian accident attorney,1,11324,0.01%,32.61
savannah car accident lawyer,1,9666,0.01%,18.13
injury attorney charleston,1,8078,0.01%,8.7
slip and fall attorneys,1,7855,0.01%,45.62
car accident lawyer charleston,1,7647,0.01%,10.33
car accident lawyers,1,6805,0.01%,8.28
medical malpractice lawyers,1,6086,0.02%,9.86
personal injury lawyer near me,1,5991,0.02%,12.04
personal injury lawyer savannah,1,5678,0.02%,19.55
whiplash settlement,1,5269,0.02%,11.76
personal injury attorney charleston,1,5217,0.02%,15.87
savannah personal injury lawyer,1,4888,0.02%,24.53
truck accident lawyer charleston,1,4741,0.02%,10.27
personal injury attorney charleston sc,1,4636,0.02%,12.87
no fault insurance states,1,4623,0.02%,26.89
savannah truck accident lawyer,1,4610,0.02%,19.16
personal injury lawyer savannah ga,1,4585,0.02%,22.56
bicycle accident attorney,1,4171,0.02%,7.78
rolled car,1,3998,0.03%,18.19
charleston personal injury lawyers,1,3846,0.03%,16.74
no fault state,1,3456,0.03%,24.82
punitive damage,1,3149,0.03%,11.45
dog bite law firm,1,2991,0.03%,29.47
product liability attorney,1,2624,0.04%,19.56
punitive damages definition,1,2606,0.04%,13
whiplash lawsuit,1,2479,0.04%,38.96
no fault car insurance states,1,2405,0.04%,21.26
personal injury law firm charleston sc,1,2365,0.04%,25.86
super speeder ga,1,2322,0.04%,43.62
rollover car accident,1,2208,0.05%,24.56
workers compensation lawyer charleston sc,1,2057,0.05%,13.55
whiplash claim,1,2057,0.05%,16.35
is workers comp taxable,1,1986,0.05%,44.16
macon personal injury lawyer,1,1934,0.05%,37.84
lawyers for a car accident,1,1873,0.05%,8.23
car accident lawyers near me,1,1650,0.06%,8.88
personal injury attorneys near me,1,1639,0.06%,5.64
attorneys near me personal injury,1,1632,0.06%,4.12
medical malpractice lawyer near me,1,1618,0.06%,8.17
columbia motorcycle accident lawyer,1,1478,0.07%,16.71
rollover crash meaning,1,1471,0.07%,8.17
personal injury lawyers charleston sc,1,1452,0.07%,14.09
personal injury demand letter,1,1415,0.07%,49.77
can i resign while on workers compensation,1,1401,0.07%,9.77
workers comp lawyer savannah ga,1,1398,0.07%,11.52
medical malpractice attorney savannah ga,1,1296,0.08%,11.1
attorney for car accident,1,1257,0.08%,9.41
truck accident lawyer charleston sc,1,1245,0.08%,7.18
what is the difference between compensatory and punitive damages?,1,1188,0.08%,4.1
columbia truck accident lawyer,1,1169,0.09%,13.83
workers comp lawyers in savannah ga,1,1073,0.09%,11.18
workers comp for burns,1,1036,0.1%,5.22
personal injury lawyer north charleston sc,1,998,0.1%,49.25
pain and suffering settlement examples,1,992,0.1%,41.72
personal injury firms near me,1,986,0.1%,2.84
multiple blunt force injuries,1,984,0.1%,12.14
workers comp lawyer charleston sc,1,978,0.1%,11.08
auto injury lawyer near me,1,960,0.1%,4.19
malpractice lawyer charleston sc,1,934,0.11%,8.93
does workers comp pay for prescriptions,1,918,0.11%,7.8
ga no fault state,1,917,0.11%,4.02
savannah personal injury attorneys,1,886,0.11%,29.87
when to call a lawyer after a car accident,1,736,0.14%,45.14
car insurance add ons,1,732,0.14%,11.85
car wreck attorney savannah ga,1,686,0.15%,12.25
insurance no fault states,1,682,0.15%,19.25
south carolina workers compensation attorney,1,679,0.15%,74.13
rideshare car accident,1,673,0.15%,24.39
rollover car accidents,1,671,0.15%,31.33
pain and suffering lawsuit,1,659,0.15%,16.93
slip and fall attorneys near me,1,658,0.15%,9.17
workers comp lawyer charleston,1,652,0.15%,11.14
permanent injury,1,645,0.16%,10.26
personal injury claim,1,641,0.16%,72.54
punitive damages vs compensatory,1,638,0.16%,4.18
rollover crashes,1,626,0.16%,20.42
what is punitive,1,625,0.16%,11.97
types of medical malpractice,1,623,0.16%,55.02
super speeder georgia,1,604,0.17%,34.52
motor vehicle accident lawyer,1,594,0.17%,2.9
personal injury lawyer savannah georgia,1,589,0.17%,31.28
workers comp attorney savannah ga,1,583,0.17%,16.34
fault state,1,577,0.17%,11.85
malpractice lawyers near me,1,567,0.18%,7.91
letters of protection,1,560,0.18%,13.06
product liability attorney columbia sc,1,553,0.18%,14.44
ocga 9-3-33,1,535,0.19%,9.08
uang ganti rugi disebut,1,524,0.19%,7.86
compensatory damage,1,516,0.19%,10.05
hair relaxer lawsuit lawyer,1,503,0.2%,68.9
personal injury attorney albany,1,496,0.2%,56.98
gross negligence,1,493,0.2%,21.34
blunt force injuries meaning,1,481,0.21%,10.77
whiplash accident settlement,1,475,0.21%,32.12
how do you calculate pain and suffering,1,474,0.21%,14.72
checklist for car accident,1,473,0.21%,34.99
dental malpractice attorney,1,465,0.22%,38.98
what is the difference between punitive and compensatory damages,1,463,0.22%,4.08
what is it called when you zone out while driving,1,457,0.22%,5.07
compensatory damages examples,1,456,0.22%,9.03
what happens when a personal injury claim goes to court,1,456,0.22%,23.04
is workmans comp taxable,1,449,0.22%,56.9
personal injury lawyers in charleston sc,1,439,0.23%,5.59
cantu hair loss lawsuit settlement amounts,1,432,0.23%,5.14
car crash attorney in south carolina,1,417,0.24%,59.7
leg pain after car accident,1,400,0.25%,13.12
"what type of compensatory damages will pay for pain and suffering and 
disfigurement",1,392,0.26%,6.46
what does no fault insurance mean,1,391,0.26%,15.85
victims of the troubled teen industry,1,391,0.26%,19.54
what are blunt force injuries,1,390,0.26%,12.98
does workers comp cover prescriptions,1,385,0.26%,6.76
workers compensation lawyer brunswick ga,1,376,0.27%,9.46
types of damages in civil cases,1,366,0.27%,12.46
what are exemplary damages,1,356,0.28%,13.74
what to do after a hit and run accident,1,346,0.29%,47.89
dental malpractice attorneys,1,345,0.29%,49.91
what does blunt force trauma mean,1,343,0.29%,12.93
do you have to pay a lawyer upfront,1,342,0.29%,16.79
truck accident lawyer macon ga,1,341,0.29%,33.03
savannah ga personal injury attorneys,1,336,0.3%,21.83
can you quit while on workers comp,1,329,0.3%,23.39
is ga an at fault state,1,322,0.31%,5.35
work accident lawyers near me,1,321,0.31%,7.13
cauda equina lawyers,1,320,0.31%,14.18
examples of compensatory damages,1,314,0.32%,10.74
how to claim whiplash,1,312,0.32%,23.68
what are punitive damages in a lawsuit,1,309,0.32%,14.5
common shoulder injuries from car accidents,1,307,0.33%,34.96
emotional driving,1,304,0.33%,9.96
car accident whiplash settlement,1,302,0.33%,20.78
ashley phosphate road,1,301,0.33%,11.99
car insurance epilepsy,1,298,0.34%,14.74
blunt force meaning,1,298,0.34%,21.51
does workers comp still pay if you quit,1,298,0.34%,23.44
compensatory versus punitive damages,1,295,0.34%,4.04
police report insurance,1,295,0.34%,10.25
does blunt force trauma kill instantly,1,295,0.34%,13.14
settlement for pain and suffering,1,289,0.35%,21.98
myrtle beach medical malpractice attorney,1,277,0.36%,46.06
can i sue my gym for injury,1,264,0.38%,14.81
whiplash payout,1,262,0.38%,47.89
at fault driver dies,1,261,0.38%,4.34
red light runner,1,259,0.39%,19.78
"why is columbia, sc so dangerous",1,256,0.39%,7.93
how much for pain and suffering,1,256,0.39%,24.11
pre existing injury,1,252,0.4%,10.48
personal injury attorney brunswick ga,1,252,0.4%,14.33
pain and suffering payout,1,252,0.4%,24.4
minor accident injury,1,251,0.4%,12.25
se le salen los ojos por choque,1,248,0.4%,6.04
truvada lawsuit settlement amounts,1,248,0.4%,16.48
at fault vs no fault states,1,247,0.4%,14.67
whiplash medical what to say,1,238,0.42%,17.82
punitive versus compensatory damages,1,237,0.42%,4
reasons workers comp claim denied,1,233,0.43%,34.3
abusive boarding schools,1,232,0.43%,21.34
compensation for death in car accident,1,231,0.43%,33.65
right leg pain after car accident,1,230,0.43%,12.59
north myrtle beach workers compensation attorney,1,230,0.43%,13.87
the monetary compensation paid for injury or death claim is known as,1,223,0.45%,5.82
medical malpractice lawyer columbia sc,1,217,0.46%,19.48
how much does a whiplash claim payout,1,215,0.47%,25.59
what to do after hit and run accident,1,210,0.48%,29.74
exemplary damages,1,205,0.49%,50.48
stryker hip replacement class action,1,202,0.5%,43.98
can i get workers comp for carpal tunnel,1,199,0.5%,47.98
independent medical examination,1,194,0.52%,19.29
how much money can you sue for pain and suffering,1,193,0.52%,33.25
difference between compensatory damages and punitive damages,1,189,0.53%,3.34
what information must a driver provide when involved in an accident,1,188,0.53%,7.61
nama lain ganti rugi,1,186,0.54%,4.8
abogado de lesiones personales en columbia,1,183,0.55%,24.19
delayed hip pain after car accident,1,182,0.55%,21.63
private investigation insurance,1,179,0.56%,41.15
how long does workers comp last in georgia,1,178,0.56%,45.3
what happens to workers comp if i quit,1,177,0.56%,9.53
what is considered gross negligence,1,176,0.57%,11.03
no-fault states,1,175,0.57%,15.86
what does a no fault state mean for car insurance,1,175,0.57%,16.26
insurance company not responding,1,174,0.57%,14.74
injury attorneys near me,1,172,0.58%,3.49
settlement for whiplash,1,170,0.59%,10
punitive vs actual damages,1,166,0.6%,8.18
do the police report accidents to insurance companies,1,163,0.61%,6.62
do insurance companies get police reports,1,161,0.62%,5.66
what to do in a hit and run accident,1,161,0.62%,39.75
how does a car flip over,1,160,0.62%,13.36
truvada lawsuit attorneys,1,159,0.63%,20.47
is workers comp taxable income,1,159,0.63%,38.55
can someone sue you for a car accident if you have insurance,1,158,0.63%,14.09
highway hypnosis kya hai,1,157,0.64%,10.13
south carolina personal injury lawyers,1,156,0.64%,76.19
roll over crash,1,153,0.65%,10.85
south carolina seizure driving laws,1,152,0.66%,11.03
do insurance companies check police reports,1,151,0.66%,4.97
what is the most dangerous tool,1,151,0.66%,8.6
ocga 9-11-35,1,150,0.67%,4.17
blunt force trauma death painful,1,150,0.67%,7.03
maximum medical improvement,1,150,0.67%,28.16
car accident in parking lot,1,148,0.68%,25.12
best defense attorneys near me,1,148,0.68%,41.73
muffled hearing after car accident,1,147,0.68%,19.23
rollover car crash,1,146,0.68%,9.56
workers' comp settlement chart georgia,1,144,0.69%,23.24
diminished value on a car,1,144,0.69%,41.11
georgia uninsured motorist coverage,1,143,0.7%,17.31
certificate of permanency,1,140,0.71%,5.23
most dangerous tool,1,139,0.72%,9.85
workers comp burn settlements,1,138,0.72%,8.57
at-fault vs no-fault,1,138,0.72%,13.41
medical malpractice limits,1,136,0.74%,45.57
top rated personal injury lawyer,1,135,0.74%,5.99
what does compensatory damages mean,1,132,0.76%,10.32
myrtle beach golf cart laws,1,131,0.76%,6.65
difference between compensation and damages,1,131,0.76%,18.28
illegal u turn,1,130,0.77%,6.37
is georgia a fault state,1,128,0.78%,4.35
car accident caused by medical emergency,1,127,0.79%,20.42
south carolina booster seat laws for adults,1,125,0.8%,10.06
compensatory and exemplary damages,1,124,0.81%,4.48
putative damages,1,123,0.81%,9.98
workman's comp lawyer,1,122,0.82%,5.87
average pay out for whiplash,1,121,0.83%,24.25
does georgia have no fault insurance,1,119,0.84%,5.66
does workers comp cover carpal tunnel,1,119,0.84%,50.64
no upfront costs,1,118,0.85%,12.25
whiplash settlement with physical therapy,1,117,0.85%,8.84
ocga 40-6-93,1,115,0.87%,5.3
truvada lawyers,1,115,0.87%,19.54
burn injury workers compensation,1,113,0.88%,26.35
punitive v compensatory damages,1,111,0.9%,4.2
protection letter,1,108,0.93%,9.78
punitive damages lawsuit,1,107,0.93%,20.24
"if you are physically assaulted at work, you are entitled to",1,107,0.93%,22.91
pain and suffering insurance claim,1,107,0.93%,33.07
law firms charleston sc,1,105,0.95%,11.26
calculate pain and suffering compensation,1,103,0.97%,12.93
georgia diminished value law,1,103,0.97%,17.35
lawsuit pain and suffering,1,103,0.97%,38.98
negligence workers compensation,1,101,0.99%,7.75
pain and suffering lawsuit payout,1,100,1%,14.51
wrongful death attorney brunswick ga,1,99,1.01%,15.86
why is myrtle beach so dangerous today,1,98,1.02%,7.95
does insurance require a police report,1,96,1.04%,9.36
unsafe tools,1,94,1.06%,8.05
south carolina injury attorney,1,93,1.08%,46.54
personal injury lawsuit,1,92,1.09%,6.84
vocational rehab settlement,1,92,1.09%,13.63
hipaa violation lawyer,1,92,1.09%,18.63
running a red light and causing an accident penalty,1,92,1.09%,24.08
minor injuries from car accident,1,91,1.1%,28.64
what to do after car accident,1,91,1.1%,67.38
personal injury attorneys in south carolina,1,91,1.1%,77.35
is it illegal to wear headphones while driving in south carolina,1,90,1.11%,4.78
गाड़ी चोरी होने पर मुआवजा,1,89,1.12%,9.13
blunt force trauma examples,1,89,1.12%,14.8
can you sue for a second-degree burn,1,89,1.12%,17.04
truck accident attorneys near me,1,89,1.12%,18.57
ocga 15-19-14,1,88,1.14%,7.15
do punitive damages go to the plaintiff,1,88,1.14%,7.48
are punitive damages special damages,1,87,1.15%,7.05
police report does not have insurance information,1,86,1.16%,7.42
4 way stop rules,1,85,1.18%,2.78
what are punitive damages vs compensatory damages,1,85,1.18%,3.84
can i settle my case before surgery,1,85,1.18%,7.92
employment lawyers savannah ga,1,85,1.18%,11.46
punitive vs,1,82,1.22%,4.41
maritime attorney,1,82,1.22%,55.26
seizure car accident,1,81,1.23%,9.17
is driving with headphones illegal,1,81,1.23%,12.74
is a police report required for an insurance claim,1,81,1.23%,15.62
what is considered a permanent injury,1,80,1.25%,4.97
nerve damage from car accident,1,77,1.3%,33.36
vicarious liability meaning,1,75,1.33%,24.01
seizure while driving accident,1,74,1.35%,5.12
can insurance companies access police reports,1,73,1.37%,4.77
do police contact insurance companies,1,73,1.37%,7.16
accident on ravenel bridge,1,73,1.37%,8.26
attorney charleston sc,1,71,1.41%,9.31
pain in suffering,1,71,1.41%,12.01
malpractice lawyers in charleston sc,1,70,1.43%,5.36
spinal cord injury law firm,1,70,1.43%,5.84
is park circle charleston safe,1,70,1.43%,8.69
accidental blunt force trauma,1,70,1.43%,9.39
negligence in car accident,1,70,1.43%,9.49
medical malpractice attorneys charleston sc,1,69,1.45%,2.84
what is a letter of protection from an attorney,1,68,1.47%,10.44
jackknife accident attorney,1,68,1.47%,34.32
average personal injury claim for whiplash,1,67,1.49%,13.78
permanent injury compensation,1,65,1.54%,7.25
parking lot accident,1,65,1.54%,26.86
charleston county police reports online,1,64,1.56%,11.72
what is the discovery process in a lawsuit,1,64,1.56%,15.22
two types of damages in civil cases,1,63,1.59%,4.32
do golf carts have titles in south carolina,1,63,1.59%,4.89
emotional drive meaning,1,63,1.59%,5.3
if you have a seizure while driving are you at fault,1,62,1.61%,3.11
yes,1,62,1.61%,3.6
is 65 in a 45 a super speeder in ga,1,62,1.61%,17.58
civil litigation attorney charleston sc,1,61,1.64%,1.34
perbedaan kompensasi dan ganti rugi,1,61,1.64%,2.34
epilepsy and car insurance,1,61,1.64%,8.39
what is considered negligence in a car accident,1,61,1.64%,8.67
folly road,1,61,1.64%,11.31
car insurance no fault states,1,61,1.64%,14.48
extreme fatigue after car accident,1,60,1.67%,20.85
personal injury claim with a pre existing condition,1,60,1.67%,21.77
ravenel bridge crash,1,59,1.69%,6.37
do you have to pay lawyers up front,1,59,1.69%,9.32
is it legal to wear airpods while driving,1,59,1.69%,14.69
premises liability lawyers near me,1,59,1.69%,15.22
how much do i get paid for injury on duty south africa,1,58,1.72%,2.81
malpractice lawyers,1,58,1.72%,4.88
punitive costs,1,58,1.72%,7.02
ocga elder financial abuse,1,58,1.72%,7.84
mount pleasant boat accident,1,58,1.72%,9.34
pre-existing injury,1,58,1.72%,9.66
jeffrey fitzpatrick,1,57,1.75%,2.35
does police report show insurance information,1,56,1.79%,6.54
what is considered punitive damages,1,56,1.79%,11.12
car accident settlement for whiplash,1,55,1.82%,11.64
punitive cost,1,55,1.82%,12.51
lawyers charleston sc,1,55,1.82%,21.75
attorneys in charleston,1,55,1.82%,59.22
workers compensation law georgia,1,55,1.82%,68.47
charleston sc attorneys,1,55,1.82%,72.89
rollover,1,54,1.85%,3.7
chronic whiplash settlement,1,54,1.85%,10.07
hukum mobil ditabrak mobil dari belakang,1,54,1.85%,10.67
"why is brunswick, ga dangerous",1,54,1.85%,12.04
when sharing the road with large trucks other drivers should,1,54,1.85%,14.74
who has right of way at 4 way stop,1,53,1.89%,2.79
how much pain and suffering for whiplash,1,53,1.89%,7.28
punitive damages vs,1,51,1.96%,5.65
will insurance cover accident expired license,1,51,1.96%,10.27
how much do you get for whiplash injury,1,51,1.96%,57.61
is a letter of protection legally binding,1,50,2%,4.34
roden solicitors,1,50,2%,12.42
examples of blunt trauma,1,50,2%,14.22
minor accidents examples,1,50,2%,18.52
punitive damage definition,1,50,2%,18.78
lawyers near me,1,50,2%,19.5
do you have to pay taxes on car accident settlement,1,49,2.04%,17.96
car accident claim,1,49,2.04%,22.73
how much money can you sue for pain and suffering?,1,49,2.04%,23.43
does a police report help with insurance claim,1,48,2.08%,8.08
compensatory relief,1,48,2.08%,11.79
sc golf cart permit,1,47,2.13%,12.26
o.c.g.a. § 9-3-90,1,45,2.22%,5.8
golf cart rules myrtle beach,1,45,2.22%,8.24
injury on duty,1,44,2.27%,3.2
crime rate in north charleston sc,1,44,2.27%,8.52
safest hospitals in georgia,1,44,2.27%,10.84
aggravation of a pre existing condition settlement,1,44,2.27%,56.43
stryker,1,43,2.33%,2.51
what is a rollover crash?,1,43,2.33%,9.07
lawyers in charleston,1,43,2.33%,19.91
lawyer for dog bites,1,43,2.33%,29.84
whiplash and nerve damage compensation,1,43,2.33%,48.67
slip and fall settlement examples,1,43,2.33%,71.28
south carolina medical malpractice statute of limitations,1,42,2.38%,21.38
sapelo island ferry,1,42,2.38%,25.38
lawyers in savannah ga,1,42,2.38%,34.05
ทนทุกข์ทรมาน,1,41,2.44%,7.51
super speeder ocga,1,41,2.44%,8.22
does car insurance cover civil lawsuit,1,41,2.44%,9.05
independent medical evaluation,1,41,2.44%,10
law firm charleston sc,1,41,2.44%,10.02
que es un estado sin culpa,1,40,2.5%,3.08
what's the difference between compensatory damages and punitive damages,1,40,2.5%,4.53
can you sue in a no-fault state,1,40,2.5%,11.47
sudden medical emergency examples,1,40,2.5%,20.68
who goes first at a 4 way stop,1,39,2.56%,4.28
charleston sc law firms,1,39,2.56%,5.08
how to register a golf cart in sc,1,39,2.56%,6.87
signs of hearing damage,1,38,2.63%,1
what is the difference between compensatory damages and punitive damages?,1,38,2.63%,3.68
sc workers' comp body part values,1,38,2.63%,4.32
how much of a 150k settlement will i get,1,38,2.63%,7.39
is it legal to drive with airpods,1,38,2.63%,14.71
failure to yield to pedestrian in crosswalk georgia,1,38,2.63%,16.29
i 95 construction south carolina,1,37,2.7%,10.22
compensatory damages cases,1,37,2.7%,20.19
is it illegal to wear earbuds while driving,1,36,2.78%,11.08
malpractice lawyer near me,1,35,2.86%,5.46
medical emergency while driving,1,35,2.86%,7.49
what happens if you quit your job while on workers comp,1,35,2.86%,7.89
attorney love,1,35,2.86%,12.51
hipaa violation attorneys,1,35,2.86%,37.2
slip and fall settlements with surgery,1,35,2.86%,45.89
school zone speeding ticket georgia pay online,1,34,2.94%,1
ferry to sapelo island,1,34,2.94%,2.29
motorcycle accident dorchester road,1,34,2.94%,3.68
nerve damage compensation calculator,1,33,3.03%,1.09
what are the unique hazards of boating near charleston jetties?,1,33,3.03%,1.97
lambert high school,1,33,3.03%,3.27
offshore platform injury attorney,1,33,3.03%,20.73
truvada lawsuit update,1,33,3.03%,27.85
blunt force injury definition,1,33,3.03%,39.88
monetary damages meaning,1,32,3.12%,14.91
employment law savannah ga,1,32,3.12%,65.72
rollover meaning,1,31,3.23%,2.74
car accident,1,31,3.23%,9.19
demand letter for insurance claim,1,31,3.23%,27.65
raf claims,1,30,3.33%,3.27
uim claim,1,30,3.33%,4.73
gross negligence driving,1,30,3.33%,5.83
pain and suffering policy limits,1,28,3.57%,2.61
is medication error negligence or malpractice,1,28,3.57%,9.07
how is pain and suffering determined,1,28,3.57%,15.93
how to determine pain and suffering multiplier,1,28,3.57%,27.54
what if the police report is wrong,1,28,3.57%,28.86
sue hospital for negligence,1,28,3.57%,35
ime workers comp,1,27,3.7%,2.3
polaris rzr fire lawyer,1,27,3.7%,8.22
crash on ravenel bridge today,1,27,3.7%,9.93
reduced by at-fault liability limits,1,27,3.7%,18.74
do you file taxes on workers comp,1,27,3.7%,22.3
personal injury attorney in south carolina,1,27,3.7%,70
how to answer life insurance questions,1,26,3.85%,1.31
how much is ptsd worth in a car accident,1,26,3.85%,5.96
personal injury savannah ga,1,25,4%,28.56
punitive definition,1,24,4.17%,2.83
can you get compensation for whiplash,1,24,4.17%,8.58
how does a car roll over,1,24,4.17%,8.92
ime doctor,1,24,4.17%,10.46
troubled teen industry lawyers,1,24,4.17%,13.17
law firm near me,1,24,4.17%,22.08
excessive speeding ticket,1,23,4.35%,7.17
ja moore sc,1,23,4.35%,8.43
hospital neglect lawyers,1,23,4.35%,21.96
how to make a claim for whiplash,1,23,4.35%,25.65
what to do in hit and run case,1,23,4.35%,26.09
slip and fall settlements without surgery,1,22,4.55%,2.23
kennesaw state university,1,22,4.55%,3.09
how to get more than policy limits car accident settlement,1,22,4.55%,20.41
elevator accident lawyer myrtle beach,1,22,4.55%,40.45
shem creek boating accident today,1,21,4.76%,8.86
ค่าเสียหาย คือ,1,21,4.76%,8.95
myrtle beach dangerous,1,21,4.76%,9.43
can a car accident cause hearing loss,1,21,4.76%,10.86
longshore law firm,1,21,4.76%,16.71
airbag injuries to legs,1,21,4.76%,47.19
do i need a police report to file a claim,1,20,5%,2.4
golf cart laws south carolina,1,20,5%,9.4
when involved in a collision you are required to,1,20,5%,17.45
is a car accident settlement taxable income,1,20,5%,34.75
sore neck after car accident what to do,1,20,5%,54.25
how are personal injury damages calculated,1,20,5%,62.1
what is a letter of protection in a personal injury case?,1,19,5.26%,4.26
when driving in work zones you should,1,19,5.26%,4.42
sc car seat laws,1,19,5.26%,7.47
georgia informed consent law,1,19,5.26%,8.63
diminished value of georgia,1,19,5.26%,15.58
slip and fall injury settlement amounts,1,19,5.26%,24.37
how much compensation for a burn at work,1,19,5.26%,26.79
what is an independent medical exam,1,19,5.26%,31.16
injury lawyer south carolina,1,19,5.26%,32.68
rolled ankle at work,1,18,5.56%,2.11
ashley phosphate accident,1,18,5.56%,2.72
rhoden,1,18,5.56%,4.33
ตัวอย่างหนังสือค่าทนทุกข์ทรมาน,1,18,5.56%,6.06
who is liable if someone borrows your car,1,18,5.56%,6.89
what to do if tire blows out,1,18,5.56%,7.33
charleston crosstown,1,18,5.56%,7.78
"car accident lawyer charleston, sc",1,18,5.56%,11.22
what is pain and suffering worth in a car accident,1,18,5.56%,19.17
rollover crash injuries,1,17,5.88%,5.12
tort vs no fault,1,17,5.88%,7.71
danger tools,1,17,5.88%,8.12
insurance claim questions and answers,1,17,5.88%,8.71
types of damages civil law,1,17,5.88%,13.59
define punitive damages in law,1,17,5.88%,31.29
lawyer savannah ga,1,17,5.88%,36.18
4 way stop sign rules,1,16,6.25%,2.31
how is the troubled teen industry legal,1,16,6.25%,3.62
georgia comparative negligence statute,1,16,6.25%,10.94
"car accident lawyer columbia, sc",1,16,6.25%,11.38
truvada lawsuit california,1,16,6.25%,12.88
if insurance company denies injury claim,1,16,6.25%,14.19
why am i so tired with a broken arm,1,15,6.67%,1.13
worst school in georgia,1,15,6.67%,2.27
what is a demand letter from an attorney,1,15,6.67%,2.93
lambert high school ga,1,15,6.67%,3.73
uninsured/underinsured motorist (um/uim),1,15,6.67%,4.67
maybank highway accident today,1,15,6.67%,8.6
accident on bohicket road today,1,15,6.67%,10.67
refuse to receive demand letter,1,15,6.67%,11.87
how much is pain and suffering compensation,1,15,6.67%,15.93
law firms in savannah ga,1,15,6.67%,24.47
current gabapentin lawsuit,1,14,7.14%,1
does police report automatically go to insurance in nj,1,14,7.14%,22.79
attorneys in savannah georgia,1,14,7.14%,33.71
rear-end collision settlement examples,1,13,7.69%,2.62
how long does it take to settle a car accident lawsuit,1,13,7.69%,2.92
georgia southern university,1,13,7.69%,4
car insurance add ons are they worth it,1,13,7.69%,14.92
driving with headphones legal,1,13,7.69%,20
damages in contract law,1,12,8.33%,2.25
if i get injured at work do i get paid,1,12,8.33%,2.83
how to report a hit and run,1,12,8.33%,5.42
i16 crash,1,12,8.33%,7.42
underinsured motorist coverage,1,12,8.33%,12.58
i 95 widening south carolina,1,12,8.33%,15.67
how long should you stay out of work after a car accident,1,12,8.33%,20.67
compensation for personal injury,1,12,8.33%,74.75
what happens if a dog bites someone on your property,1,12,8.33%,77.67
what does mitigate your damages mean,1,11,9.09%,2.36
raf claims payouts,1,11,9.09%,3.73
medication errors,1,11,9.09%,5.91
insurance claim going to court,1,11,9.09%,6.45
accident on broad river road today,1,11,9.09%,7.36
whiplash damages,1,11,9.09%,11.27
meaning of blunt trauma,1,11,9.09%,11.45
shem creek accident,1,11,9.09%,11.91
vicarious liable,1,11,9.09%,14.18
summerville sc historic district,1,11,9.09%,16.64
who goes first in a 4 way stop,1,10,10%,2.1
what happens when a car flips over,1,10,10%,2.6
car accident settlement calculator,1,10,10%,3.1
raf whatsapp number,1,10,10%,3.4
car insurance private investigator,1,10,10%,4.6
can injuries make you tired,1,10,10%,9.2
accident settlement taxable,1,10,10%,9.7
is it worth getting an injury lawyer,1,10,10%,10.7
attorneys in charleston south carolina,1,10,10%,12.7
dental lawsuit attorney near me,1,10,10%,16.4
average personal injury settlement car accident,1,10,10%,24.5
non injury accident lawyer,1,10,10%,34.4
4 way stop rules california,1,9,11.11%,2.78
compensation fund login,1,9,11.11%,2.89
department of labour injury on duty,1,9,11.11%,2.89
pain and suffering compensation calculator victoria,1,9,11.11%,2.89
road accident fund contact details,1,9,11.11%,3
where is lambert high school in georgia,1,9,11.11%,3
workcover qld payout examples,1,9,11.11%,3
sc workers comp body part values,1,9,11.11%,4.67
what are punitive costs,1,9,11.11%,6.33
how to respond to insurance claims,1,9,11.11%,7.56
"if someone steals my car and gets in an accident, am i liable",1,9,11.11%,10.33
can you claim carpal tunnel on workers comp,1,9,11.11%,10.78
what is it called when you re driving and zone out,1,9,11.11%,10.89
is a police report needed for insurance claim,1,9,11.11%,13.89
what is the average lawsuit settlement,1,9,11.11%,21.33
accident claim,1,8,12.5%,1.5
contemptuous damages,1,8,12.5%,1.62
statute of limitations on car accident,1,8,12.5%,2.12
realistic settlement calculator,1,8,12.5%,2.62
4 way stop sign who goes first,1,8,12.5%,2.75
how much does raf pay for minor injuries,1,8,12.5%,2.88
auto überschlagen,1,8,12.5%,3
general damages vs special damages,1,8,12.5%,3
litchfield accident yesterday,1,8,12.5%,3.12
hipaa lawyers near me,1,8,12.5%,6.88
horry county golf cart laws,1,8,12.5%,7.75
golf carts in myrtle beach,1,8,12.5%,10.12
injury certificate,1,8,12.5%,12.75
zoning out driving,1,8,12.5%,14.5
getting rear-ended while stopped settlement,1,8,12.5%,16.5
aguirre roden,1,8,12.5%,21
icwa payout figures,1,7,14.29%,2.43
at a 4 way stop who goes first,1,7,14.29%,2.57
raf durban,1,7,14.29%,2.71
what is ime,1,7,14.29%,2.71
average car accident settlement,1,7,14.29%,4.29
if you are involved in an accident where someone is injured,1,7,14.29%,5.71
parking lot accidents who is at fault,1,7,14.29%,6.29
rollover car accident today,1,7,14.29%,8.86
georgia car insurance laws,1,7,14.29%,10.29
car flipped,1,6,16.67%,2.17
how much personal injury claim singapore,1,6,16.67%,2.67
how many payments does raf pay,1,6,16.67%,3
nyse: syk,1,6,16.67%,3
raf claim status check online,1,6,16.67%,3.17
do insurance claims go to court,1,6,16.67%,3.5
i 26 car accident,1,6,16.67%,5.33
uninsured motorist bodily injury how much do i need,1,6,16.67%,5.67
love attorney at law,1,6,16.67%,8.67
se puede conducir con resaca,1,6,16.67%,8.67
kaleb tilley,1,6,16.67%,9.67
illegal to wear headphones while driving,1,6,16.67%,12
12 months of physical therapy settlement,1,6,16.67%,12.33
law firms,1,6,16.67%,13.33
damages in tort,1,6,16.67%,34.83
demand letter car accident,1,6,16.67%,36
what happens after a car accident,1,5,20%,1.4
nys seizure driving law,1,5,20%,1.8
autounfall überschlagen,1,5,20%,2
indemnisation coup du lapin,1,5,20%,2
negligence definition,1,5,20%,2
how much does raf pay for injuries,1,5,20%,3
"a man is dead following a two-vehicle rollover crash - provide a detailed 
summary",1,5,20%,3.2
do you have to pay taxes on injury settlement,1,5,20%,4.8
do you have to pay taxes on a accident settlement,1,5,20%,5.6
do you get taxed on personal injury settlements,1,5,20%,5.8
car accident car flipped over,1,5,20%,7
i95 new law,1,5,20%,7.6
abogados de accidentes de trabajo cerca de mi,1,5,20%,8.2
u-turn yield to right turn,1,5,20%,9
car insurance for people with epilepsy,1,5,20%,9.4
hipaa violation attorney near me,1,5,20%,12
how long does injury claim take,1,5,20%,13.4
at fault car accident lawyer,1,5,20%,14.2
best dental malpractice lawyers near me,1,5,20%,16
workers comp laws in georgia,1,5,20%,18
how much is my claim worth,1,5,20%,24.6
how to dispute an accident report,1,5,20%,26.6
rogan law,1,5,20%,36.8
slip and fall settlement amounts,1,5,20%,69.8
georgia workers comp laws,1,4,25%,1
how old can you be to sue someone,1,4,25%,1
driving,1,4,25%,1.25
oklahoma seizure driving laws,1,4,25%,1.5
ohio seizure driving laws,1,4,25%,2
how does the road accident fund work,1,4,25%,2.5
4 way stops,1,4,25%,2.75
ime doctor disagrees with my doctor,1,4,25%,3
mitigate meaning,1,4,25%,3
raf claim process,1,4,25%,3
compensation fund claims status check online,1,4,25%,3.25
north oconee high school,1,4,25%,4.25
coida payments,1,4,25%,5.25
pain in stomach after car accident,1,4,25%,6
abogado accidente de tránsito,1,4,25%,7
are taxes withheld from workers compensation,1,4,25%,9.25
file a complaint against a hospital,1,4,25%,11
law offices charleston sc,1,4,25%,14.25
what is the average settlement for a car accident,1,4,25%,24
medical malpractice complaint,1,4,25%,37.75
car accident statute of limitations by state,1,4,25%,51.75
ny ime,1,3,33.33%,2
endoproteza biodra stryker opinie,1,3,33.33%,2.33
how a four way stop works,1,3,33.33%,2.33
hit and run police report,1,3,33.33%,2.67
how does iod work in south africa,1,3,33.33%,2.67
injury solicitors near me,1,3,33.33%,2.67
maximum medical improvement workers compensation,1,3,33.33%,2.67
stryker share price,1,3,33.33%,2.67
what is the average settlement for nerve damage,1,3,33.33%,2.67
motor vehicle accident compensation south australia,1,3,33.33%,3
raf contact details,1,3,33.33%,3
usaa pain and suffering settlement,1,3,33.33%,3
victims of crime compensation calculator,1,3,33.33%,3
how does right of way work at a 4 way stop,1,3,33.33%,3.33
iwp pharmacy,1,3,33.33%,3.33
saddle anesthesia,1,3,33.33%,3.33
ashley river road accident,1,3,33.33%,4.33
medical injury lawyer near me,1,3,33.33%,4.33
road accident fund news,1,3,33.33%,4.33
how to write a demand letter for payment,1,3,33.33%,4.67
accident report request,1,3,33.33%,5.33
mpi injury payouts,1,3,33.33%,5.67
no win no fee medical negligence solicitors near me,1,3,33.33%,6
do i get full pay if injured at work uk,1,3,33.33%,6.33
final medical report injury on duty,1,3,33.33%,6.33
raf claim status check,1,3,33.33%,6.33
voltade med bil,1,3,33.33%,6.67
rodin law firm reviews,1,3,33.33%,8.33
grade 2 whiplash average payout alberta,1,3,33.33%,10.33
discrimination lawyers near me,1,3,33.33%,11.67
ประมาทเลินเล่ออย่างร้ายแรง คือ,1,3,33.33%,13.33
can i claim for being a passenger in a car accident,1,3,33.33%,16
auto accident attorney no injury,1,3,33.33%,28.33
what is an independent medical evaluation,1,3,33.33%,31.33
how do i claim pain and suffering from a car accident,1,3,33.33%,47
mn seizure driving law,1,2,50%,1
overturned vehicle today near me,1,2,50%,1
paraquat litigation update,1,2,50%,1
quantum of damages,1,2,50%,1.5
crash compensation calculator,1,2,50%,2
demand letter from attorney,1,2,50%,2
denying letter of demand sample,1,2,50%,2
failing to yield to a pedestrian,1,2,50%,2
georgia southern acceptance rate,1,2,50%,2
jones act,1,2,50%,2
leg damage in accident,1,2,50%,2
letselschade,1,2,50%,2
occupational accident claim,1,2,50%,2
préjudice moral,1,2,50%,2
qui tam lawsuit,1,2,50%,2
suit for damages under cpc,1,2,50%,2
what workers' comp lawyers won t tell you,1,2,50%,2
driving after seizure,1,2,50%,2.5
highway patrol case number,1,2,50%,2.5
industrial injury claim,1,2,50%,2.5
injured at work compensation,1,2,50%,2.5
is it safe to drive right now,1,2,50%,2.5
list of colleges in georgia,1,2,50%,2.5
negligence lawsuit,1,2,50%,2.5
should i work on a sprained ankle,1,2,50%,2.5
what is the average settlement for a pedestrian hit by a car,1,2,50%,2.5
what's the average settlement for a car accident,1,2,50%,2.5
best private schools in georgia,1,2,50%,3
bill of sale for golf cart,1,2,50%,3
can you sue for pain and suffering in small claims court,1,2,50%,3
compensation fund claims,1,2,50%,3
fem insurance,1,2,50%,3
georgia southern university cost,1,2,50%,3
how long does a car accident settlement take,1,2,50%,3
how long does it take for compensation to be paid,1,2,50%,3
how much do lawyers get from raf claims,1,2,50%,3
iowa seizure driving law,1,2,50%,3
lawsuit calculator,1,2,50%,3
medical negligence isle of man,1,2,50%,3
patrimonial and non patrimonial damages,1,2,50%,3
pennsylvania seizure driving laws,1,2,50%,3
sc cell phone law,1,2,50%,3
section 66 workers compensation act,1,2,50%,3
trip and fall lawsuit settlements,1,2,50%,3