page,query,clicks,impressions,position
https://rodenlaw.com/blog/ashley-phosphate-road-i-26-dangerous-intersection-charleston/,ashley phosphate road,1,361,11.28
https://rodenlaw.com/blog/ashley-phosphate-road-i-26-dangerous-intersection-charleston/,ashley phosphate,0,126,14.08
https://rodenlaw.com/blog/ashley-phosphate-road-i-26-dangerous-intersection-charleston/#common-accident-types,ashley phosphate road,0,60,7.43
https://rodenlaw.com/blog/ashley-phosphate-road-i-26-dangerous-intersection-charleston/#why-ashley-phosphate-dangerous,ashley phosphate road,0,60,7.43
https://rodenlaw.com/blog/ashley-phosphate-road-i-26-dangerous-intersection-charleston/#common-accident-types,ashley phosphate,0,45,10.13
https://rodenlaw.com/blog/ashley-phosphate-road-i-26-dangerous-intersection-charleston/#why-ashley-phosphate-dangerous,ashley phosphate,0,45,10.13
https://rodenlaw.com/blog/ashley-phosphate-i-26-south-carolinas-deadliest-intersection/,ashley phosphate,0,37,7.27
https://rodenlaw.com/blog/ashley-phosphate-road-i-26-dangerous-intersection-charleston/#comparative-fault-sc,ashley phosphate,0,37,10.16
https://rodenlaw.com/blog/ashley-phosphate-road-i-26-dangerous-intersection-charleston/#crash-data,ashley phosphate,0,37,10.16
https://rodenlaw.com/blog/ashley-phosphate-road-i-26-dangerous-intersection-charleston/#injuries-from-high-speed,ashley phosphate,0,37,10.16
https://rodenlaw.com/blog/ashley-phosphate-road-i-26-dangerous-intersection-charleston/#who-is-liable,ashley phosphate,0,37,10.16
https://rodenlaw.com/blog/ashley-phosphate-road-i-26-dangerous-intersection-charleston/#comparative-fault-sc,ashley phosphate road,0,36,7.64
https://rodenlaw.com/blog/ashley-phosphate-road-i-26-dangerous-intersection-charleston/#crash-data,ashley phosphate road,0,36,7.64
https://rodenlaw.com/blog/ashley-phosphate-road-i-26-dangerous-intersection-charleston/#injuries-from-high-speed,ashley phosphate road,0,36,7.64
https://rodenlaw.com/blog/ashley-phosphate-road-i-26-dangerous-intersection-charleston/#who-is-liable,ashley phosphate road,0,36,7.64
https://rodenlaw.com/blog/ashley-phosphate-road-i-26-dangerous-intersection-charleston/,accident on ashley phosphate road today,0,27,7.93
https://rodenlaw.com/blog/ashley-phosphate-i-26-south-carolinas-deadliest-intersection/,ashley phosphate road,0,26,29.19
https://rodenlaw.com/blog/ashley-phosphate-road-i-26-dangerous-intersection-charleston/,"""most common crash"" ""city limits"" or urban ""rear end"" or ""rear-end"" driver's ed or north carolina",0,18,5.61
https://rodenlaw.com/blog/ashley-phosphate-road-i-26-dangerous-intersection-charleston/,ashley phosphate accident,0,17,2.82
https://rodenlaw.com/blog/ashley-phosphate-road-i-26-dangerous-intersection-charleston/,ashley phosphate accident today,0,17,8.76
https://rodenlaw.com/car-accident-lawyers/ashley-phosphate-road-accident/,roundabout accident lawyers,0,16,55.69
https://rodenlaw.com/blog/ashley-phosphate-road-i-26-dangerous-intersection-charleston/,ashley phosphate rd,0,14,16.07
https://rodenlaw.com/blog/ashley-phosphate-road-i-26-dangerous-intersection-charleston/,ashley phosphate road north charleston,0,14,14.14
https://rodenlaw.com/blog/ashley-phosphate-road-i-26-dangerous-intersection-charleston/,stopping on an on-ramp will most likely lead to a rear-end collision. a head-on collision. interstate traffic to stop. a side-swipe collision.,0,14,11.14
https://rodenlaw.com/blog/ashley-phosphate-road-i-26-dangerous-intersection-charleston/,"""most common crash"" ""city limits"" or urban ""rear end"" or ""rear-end"" north carolina",0,9,6.78
https://rodenlaw.com/blog/ashley-phosphate-road-i-26-dangerous-intersection-charleston/,ashley phosphate rd charleston sc,0,9,15.89
https://rodenlaw.com/blog/ashley-phosphate-i-26-south-carolinas-deadliest-intersection/,what are common traffic issues on interstate 26?,0,8,5.88
https://rodenlaw.com/blog/ashley-phosphate-road-i-26-dangerous-intersection-charleston/,"""most common crash"" ""city limits"" or urban ""rear end"" driver's ed or north carolina",0,7,8.29
https://rodenlaw.com/blog/ashley-phosphate-road-i-26-dangerous-intersection-charleston/,ashley phosphate road charleston sc,0,7,16.43
https://rodenlaw.com/blog/ashley-phosphate-road-i-26-dangerous-intersection-charleston/,charleston sc weather,0,7,2.86
https://rodenlaw.com/blog/ashley-phosphate-road-i-26-dangerous-intersection-charleston/,is ashley phosphate safe,0,5,6.2
https://rodenlaw.com/blog/ashley-phosphate-road-i-26-dangerous-intersection-charleston/#common-accident-types,ashley phosphate rd,0,4,9.25
https://rodenlaw.com/blog/ashley-phosphate-road-i-26-dangerous-intersection-charleston/#why-ashley-phosphate-dangerous,ashley phosphate rd,0,4,9.25
https://rodenlaw.com/blog/ashley-phosphate-road-i-26-dangerous-intersection-charleston/,charleston weather,0,3,4.67
https://rodenlaw.com/blog/ashley-phosphate-road-i-26-dangerous-intersection-charleston/,"charleston, sc weather",0,3,2.67
https://rodenlaw.com/blog/ashley-phosphate-road-i-26-dangerous-intersection-charleston/,king street charleston sc,0,3,2.33
https://rodenlaw.com/blog/ashley-phosphate-road-i-26-dangerous-intersection-charleston/,north charleston injured delivery driver attorney,0,3,75
https://rodenlaw.com/blog/ashley-phosphate-road-i-26-dangerous-intersection-charleston/,north charleston injured delivery driver lawyer,0,3,80
https://rodenlaw.com/blog/ashley-phosphate-road-i-26-dangerous-intersection-charleston/#comparative-fault-sc,ashley phosphate rd,0,3,9.67
https://rodenlaw.com/blog/ashley-phosphate-road-i-26-dangerous-intersection-charleston/#crash-data,ashley phosphate rd,0,3,9.67
https://rodenlaw.com/blog/ashley-phosphate-road-i-26-dangerous-intersection-charleston/#injuries-from-high-speed,ashley phosphate rd,0,3,9.67
https://rodenlaw.com/blog/ashley-phosphate-road-i-26-dangerous-intersection-charleston/#who-is-liable,accident on ashley phosphate road today,0,3,6.67
https://rodenlaw.com/blog/ashley-phosphate-road-i-26-dangerous-intersection-charleston/#who-is-liable,ashley phosphate rd,0,3,9.67
https://rodenlaw.com/blog/ashley-phosphate-road-i-26-dangerous-intersection-charleston/#why-ashley-phosphate-dangerous,accident on ashley phosphate road today,0,3,6.67
https://rodenlaw.com/resources/ashley-phosphate-i-26-truck-accidents/,i-26 truck accident law firm,0,3,40.33
https://rodenlaw.com/blog/ashley-phosphate-i-26-south-carolinas-deadliest-intersection/,is ashley phosphate safe,0,2,4
https://rodenlaw.com/blog/ashley-phosphate-road-i-26-dangerous-intersection-charleston/,king street downtown charleston,0,2,2
https://rodenlaw.com/blog/ashley-phosphate-road-i-26-dangerous-intersection-charleston/,north charleston,0,2,3.5
https://rodenlaw.com/blog/ashley-phosphate-road-i-26-dangerous-intersection-charleston/,north charleston injured delivery driver attorneys,0,2,92
https://rodenlaw.com/blog/ashley-phosphate-road-i-26-dangerous-intersection-charleston/,north charleston injured delivery driver lawyers,0,2,86
https://rodenlaw.com/blog/ashley-phosphate-road-i-26-dangerous-intersection-charleston/,rainbow row charleston,0,2,2
https://rodenlaw.com/blog/ashley-phosphate-road-i-26-dangerous-intersection-charleston/#common-accident-types,accident on ashley phosphate road today,0,2,7.5
https://rodenlaw.com/blog/ashley-phosphate-road-i-26-dangerous-intersection-charleston/#comparative-fault-sc,accident on ashley phosphate road today,0,2,7.5
https://rodenlaw.com/blog/ashley-phosphate-road-i-26-dangerous-intersection-charleston/#crash-data,accident on ashley phosphate road today,0,2,7.5
https://rodenlaw.com/blog/ashley-phosphate-road-i-26-dangerous-intersection-charleston/#injuries-from-high-speed,accident on ashley phosphate road today,0,2,7.5
https://rodenlaw.com/blog/ashley-phosphate-road-i-26-dangerous-intersection-charleston/#who-is-liable,ashley phosphate rd charleston sc,0,2,8.5
https://rodenlaw.com/blog/ashley-phosphate-road-i-26-dangerous-intersection-charleston/#why-ashley-phosphate-dangerous,ashley phosphate rd charleston sc,0,2,8.5
https://rodenlaw.com/car-accident-lawyers/ashley-phosphate-road-accident/,ashley phosphate,0,2,2
https://rodenlaw.com/car-accident-lawyers/ashley-phosphate-road-accident/,roundabout accident law firm,0,2,26.5
https://rodenlaw.com/car-accident-lawyers/ashley-phosphate-road-accident/,roundabout accident lawyer,0,2,28
https://rodenlaw.com/car-accident-lawyers/ashley-phosphate-road-accident/,site:rodenlaw.com,0,2,9.5
https://rodenlaw.com/resources/ashley-phosphate-i-26-truck-accidents/,i-26 truck accident lawyer,0,2,33.5
https://rodenlaw.com/blog/ashley-phosphate-i-26-south-carolinas-deadliest-intersection/,ashley phosphate accident,1,1,1
https://rodenlaw.com/blog/ashley-phosphate-i-26-south-carolinas-deadliest-intersection/,law firm carolinas,1,1,14
https://rodenlaw.com/blog/ashley-phosphate-i-26-south-carolinas-deadliest-intersection/,accident on i 26,0,1,6
https://rodenlaw.com/blog/ashley-phosphate-i-26-south-carolinas-deadliest-intersection/,anderson sc news,0,1,5
https://rodenlaw.com/blog/ashley-phosphate-i-26-south-carolinas-deadliest-intersection/,ashley phosphate bridge,0,1,54
https://rodenlaw.com/blog/ashley-phosphate-i-26-south-carolinas-deadliest-intersection/,atlantic beach sc,0,1,3
https://rodenlaw.com/blog/ashley-phosphate-i-26-south-carolinas-deadliest-intersection/,collision inurl:blog,0,1,17
https://rodenlaw.com/blog/ashley-phosphate-i-26-south-carolinas-deadliest-intersection/,florence sc,0,1,5
https://rodenlaw.com/blog/ashley-phosphate-i-26-south-carolinas-deadliest-intersection/,food hartsville sc,0,1,7
https://rodenlaw.com/blog/ashley-phosphate-i-26-south-carolinas-deadliest-intersection/,high t intersection,0,1,7
https://rodenlaw.com/blog/ashley-phosphate-i-26-south-carolinas-deadliest-intersection/,lynchburg south carolina,0,1,4
https://rodenlaw.com/blog/ashley-phosphate-i-26-south-carolinas-deadliest-intersection/,site:rodenlaw.com,0,1,94
https://rodenlaw.com/blog/ashley-phosphate-i-26-south-carolinas-deadliest-intersection/,weather camden sc,0,1,4
https://rodenlaw.com/blog/ashley-phosphate-i-26-south-carolinas-deadliest-intersection/,weather greenville sc,0,1,3
https://rodenlaw.com/blog/ashley-phosphate-i-26-south-carolinas-deadliest-intersection/,weather landrum sc,0,1,3
https://rodenlaw.com/blog/ashley-phosphate-i-26-south-carolinas-deadliest-intersection/,weather simpsonville,0,1,3
https://rodenlaw.com/blog/ashley-phosphate-road-i-26-dangerous-intersection-charleston/,10 day weather charleston south carolina,0,1,3
https://rodenlaw.com/blog/ashley-phosphate-road-i-26-dangerous-intersection-charleston/,3 king street charleston sc,0,1,4
https://rodenlaw.com/blog/ashley-phosphate-road-i-26-dangerous-intersection-charleston/,apartments in charleston sc,0,1,4
https://rodenlaw.com/blog/ashley-phosphate-road-i-26-dangerous-intersection-charleston/,ashley phosphate north charleston,0,1,9
https://rodenlaw.com/blog/ashley-phosphate-road-i-26-dangerous-intersection-charleston/,ashley phosphate rd north charleston sc,0,1,5
https://rodenlaw.com/blog/ashley-phosphate-road-i-26-dangerous-intersection-charleston/,avenue of oaks charleston sc,0,1,5
https://rodenlaw.com/blog/ashley-phosphate-road-i-26-dangerous-intersection-charleston/,beckley to charleston wv,0,1,2
https://rodenlaw.com/blog/ashley-phosphate-road-i-26-dangerous-intersection-charleston/,best hotels on king street charleston sc,0,1,3
https://rodenlaw.com/blog/ashley-phosphate-road-i-26-dangerous-intersection-charleston/,best places to live in charleston,0,1,3
https://rodenlaw.com/blog/ashley-phosphate-road-i-26-dangerous-intersection-charleston/,boltons landing charleston sc,0,1,7
https://rodenlaw.com/blog/ashley-phosphate-road-i-26-dangerous-intersection-charleston/,charles towne landing state historic site photos,0,1,1
https://rodenlaw.com/blog/ashley-phosphate-road-i-26-dangerous-intersection-charleston/,charleston attractions for adults,0,1,6
https://rodenlaw.com/blog/ashley-phosphate-road-i-26-dangerous-intersection-charleston/,charleston city market photos,0,1,1
https://rodenlaw.com/blog/ashley-phosphate-road-i-26-dangerous-intersection-charleston/,charleston coast guard,0,1,3
https://rodenlaw.com/blog/ashley-phosphate-road-i-26-dangerous-intersection-charleston/,charleston french quarter,0,1,3
https://rodenlaw.com/blog/ashley-phosphate-road-i-26-dangerous-intersection-charleston/,charleston housing market,0,1,3
https://rodenlaw.com/blog/ashley-phosphate-road-i-26-dangerous-intersection-charleston/,charleston sc historic district map,0,1,3
https://rodenlaw.com/blog/ashley-phosphate-road-i-26-dangerous-intersection-charleston/,charleston sc on map,0,1,3
https://rodenlaw.com/blog/ashley-phosphate-road-i-26-dangerous-intersection-charleston/,charleston vs north charleston,0,1,3
https://rodenlaw.com/blog/ashley-phosphate-road-i-26-dangerous-intersection-charleston/,charleston west virginia,0,1,3
https://rodenlaw.com/blog/ashley-phosphate-road-i-26-dangerous-intersection-charleston/,cheap places to stay in charleston south carolina,0,1,3
https://rodenlaw.com/blog/ashley-phosphate-road-i-26-dangerous-intersection-charleston/,city market charleston south carolina photos,0,1,1
https://rodenlaw.com/blog/ashley-phosphate-road-i-26-dangerous-intersection-charleston/,craigslist charleston,0,1,2
https://rodenlaw.com/blog/ashley-phosphate-road-i-26-dangerous-intersection-charleston/,craigslist charleston south carolina,0,1,3
https://rodenlaw.com/blog/ashley-phosphate-road-i-26-dangerous-intersection-charleston/,directions to charleston south carolina,0,1,2
https://rodenlaw.com/blog/ashley-phosphate-road-i-26-dangerous-intersection-charleston/,dwell at greenridge apartments,0,1,3
https://rodenlaw.com/blog/ashley-phosphate-road-i-26-dangerous-intersection-charleston/,en la 26,0,1,8
https://rodenlaw.com/blog/ashley-phosphate-road-i-26-dangerous-intersection-charleston/,extract company name road accident,0,1,6
https://rodenlaw.com/blog/ashley-phosphate-road-i-26-dangerous-intersection-charleston/,folly beach,0,1,3
https://rodenlaw.com/blog/ashley-phosphate-road-i-26-dangerous-intersection-charleston/,hampton inn charleston-historic district about,0,1,3
https://rodenlaw.com/blog/ashley-phosphate-road-i-26-dangerous-intersection-charleston/,harleston village,0,1,2
https://rodenlaw.com/blog/ashley-phosphate-road-i-26-dangerous-intersection-charleston/,hazard lane,0,1,4
https://rodenlaw.com/blog/ashley-phosphate-road-i-26-dangerous-intersection-charleston/,homes for sale charleston,0,1,3
https://rodenlaw.com/blog/ashley-phosphate-road-i-26-dangerous-intersection-charleston/,i-26 fatal accident today,0,1,3
https://rodenlaw.com/blog/ashley-phosphate-road-i-26-dangerous-intersection-charleston/,is cannonborough elliotborough safe,0,1,3
https://rodenlaw.com/blog/ashley-phosphate-road-i-26-dangerous-intersection-charleston/,is hanahan sc safe,0,1,2
https://rodenlaw.com/blog/ashley-phosphate-road-i-26-dangerous-intersection-charleston/,is johns island a good place to live,0,1,3
https://rodenlaw.com/blog/ashley-phosphate-road-i-26-dangerous-intersection-charleston/,king street shops charleston,0,1,3
https://rodenlaw.com/blog/ashley-phosphate-road-i-26-dangerous-intersection-charleston/,lane change,0,1,1
https://rodenlaw.com/blog/ashley-phosphate-road-i-26-dangerous-intersection-charleston/,legami charleston menu,0,1,3
https://rodenlaw.com/blog/ashley-phosphate-road-i-26-dangerous-intersection-charleston/,longborough charleston,0,1,2
https://rodenlaw.com/blog/ashley-phosphate-road-i-26-dangerous-intersection-charleston/,lowline charleston,0,1,5
https://rodenlaw.com/blog/ashley-phosphate-road-i-26-dangerous-intersection-charleston/,map of charleston county sc,0,1,4
https://rodenlaw.com/blog/ashley-phosphate-road-i-26-dangerous-intersection-charleston/,map of charleston sc,0,1,2
https://rodenlaw.com/blog/ashley-phosphate-road-i-26-dangerous-intersection-charleston/,melton peter demetre park photos,0,1,2
https://rodenlaw.com/blog/ashley-phosphate-road-i-26-dangerous-intersection-charleston/,middleton place,0,1,3
https://rodenlaw.com/blog/ashley-phosphate-road-i-26-dangerous-intersection-charleston/,middleton plantation south carolina,0,1,4
https://rodenlaw.com/blog/ashley-phosphate-road-i-26-dangerous-intersection-charleston/,mike shuler charleston,0,1,5
https://rodenlaw.com/blog/ashley-phosphate-road-i-26-dangerous-intersection-charleston/,n charleston weather,0,1,6
https://rodenlaw.com/blog/ashley-phosphate-road-i-26-dangerous-intersection-charleston/,north charleston injured delivery driver law firm,0,1,96
https://rodenlaw.com/blog/ashley-phosphate-road-i-26-dangerous-intersection-charleston/,north charleston sc,0,1,3
https://rodenlaw.com/blog/ashley-phosphate-road-i-26-dangerous-intersection-charleston/,north charleston south carolina,0,1,3
https://rodenlaw.com/blog/ashley-phosphate-road-i-26-dangerous-intersection-charleston/,north charleston south carolina crime rate,0,1,3
https://rodenlaw.com/blog/ashley-phosphate-road-i-26-dangerous-intersection-charleston/,oops charleston,0,1,3
https://rodenlaw.com/blog/ashley-phosphate-road-i-26-dangerous-intersection-charleston/,or 26,0,1,3
https://rodenlaw.com/blog/ashley-phosphate-road-i-26-dangerous-intersection-charleston/,park circle charleston,0,1,4
https://rodenlaw.com/blog/ashley-phosphate-road-i-26-dangerous-intersection-charleston/,park circle north charleston,0,1,5
https://rodenlaw.com/blog/ashley-phosphate-road-i-26-dangerous-intersection-charleston/,parking lot,0,1,6
https://rodenlaw.com/blog/ashley-phosphate-road-i-26-dangerous-intersection-charleston/,public beach access charleston sc,0,1,3
https://rodenlaw.com/blog/ashley-phosphate-road-i-26-dangerous-intersection-charleston/,recovery room charleston,0,1,4
https://rodenlaw.com/blog/ashley-phosphate-road-i-26-dangerous-intersection-charleston/,sterling hall charleston,0,1,6
https://rodenlaw.com/blog/ashley-phosphate-road-i-26-dangerous-intersection-charleston/,sullivans island,0,1,3
https://rodenlaw.com/blog/ashley-phosphate-road-i-26-dangerous-intersection-charleston/,sullivan’s island,0,1,6
https://rodenlaw.com/blog/ashley-phosphate-road-i-26-dangerous-intersection-charleston/,union heights charleston,0,1,3
https://rodenlaw.com/blog/ashley-phosphate-road-i-26-dangerous-intersection-charleston/,union heights charleston sc,0,1,3
https://rodenlaw.com/blog/ashley-phosphate-road-i-26-dangerous-intersection-charleston/,union heights north charleston,0,1,5
https://rodenlaw.com/blog/ashley-phosphate-road-i-26-dangerous-intersection-charleston/,weather in charleston south carolina this week,0,1,2
https://rodenlaw.com/blog/ashley-phosphate-road-i-26-dangerous-intersection-charleston/,west ashley charleston sc,0,1,3
https://rodenlaw.com/blog/ashley-phosphate-road-i-26-dangerous-intersection-charleston/,west ashley sc demographics,0,1,3
https://rodenlaw.com/blog/ashley-phosphate-road-i-26-dangerous-intersection-charleston/,who is ashley phosphate,0,1,29
https://rodenlaw.com/blog/ashley-phosphate-road-i-26-dangerous-intersection-charleston/,"why are people leaving charleston, sc?",0,1,2
https://rodenlaw.com/blog/ashley-phosphate-road-i-26-dangerous-intersection-charleston/,zip code for charleston west virginia,0,1,3
https://rodenlaw.com/blog/ashley-phosphate-road-i-26-dangerous-intersection-charleston/#common-accident-types,ashley phosphate rd charleston sc,0,1,6
https://rodenlaw.com/blog/ashley-phosphate-road-i-26-dangerous-intersection-charleston/#comparative-fault-sc,ashley phosphate rd charleston sc,0,1,6
https://rodenlaw.com/blog/ashley-phosphate-road-i-26-dangerous-intersection-charleston/#crash-data,ashley phosphate rd charleston sc,0,1,6
https://rodenlaw.com/blog/ashley-phosphate-road-i-26-dangerous-intersection-charleston/#injuries-from-high-speed,ashley phosphate rd charleston sc,0,1,6
https://rodenlaw.com/car-accident-lawyers/ashley-phosphate-road-accident/,accidents in columbia sc,0,1,9
https://rodenlaw.com/car-accident-lawyers/ashley-phosphate-road-accident/,dorchester uber accident lawyer,0,1,17
https://rodenlaw.com/car-accident-lawyers/ashley-phosphate-road-accident/,roundabout accident attorney,0,1,29
https://rodenlaw.com/car-accident-lawyers/ashley-phosphate-road-accident/,roundabout accident attorneys,0,1,31
