Keyword;Search Volume;CPC;Keyword Difficulty Index
savannah car accident lawyer;1600;141.23;23
savannah personal injury lawyer;1600;72.66;51
savannah truck accident lawyer;590;0;10
savannah workers comp lawyer;170;42.35;15
car accident lawyer savannah ga;1000;141.23;28
personal injury lawyer savannah ga;1300;72.27;46
personal injury attorney savannah ga;320;30.68;48
car accident attorney savannah;590;141.23;18
darien car accident lawyer;40;0;0
darien personal injury lawyer;30;0;0
brunswick car accident lawyer;170;132.42;7
brunswick personal injury lawyer;170;63.12;31
personal injury lawyer brunswick ga;140;63.12;38
car accident lawyer brunswick ga;50;0;11
charleston car accident lawyer;1900;100.08;43
charleston personal injury lawyer;1900;75.19;72
charleston truck accident lawyer;1000;147.84;13
charleston workers comp lawyer;170;22.27;17
charleston workers compensation lawyer;480;15.95;19
car accident lawyer charleston sc;880;100.08;38
personal injury lawyer charleston sc;590;61.17;61
personal injury attorney charleston sc;590;75.19;64
north charleston car accident lawyer;260;0;29
north charleston personal injury lawyer;210;74;49
north charleston workers comp lawyer;90;0;13
north charleston truck accident lawyer;110;0;7
columbia car accident lawyer;1600;92.58;29
columbia personal injury lawyer;1600;71.4;62
columbia truck accident lawyer;880;194.86;4
columbia workers comp lawyer;480;80.88;22
columbia workers compensation lawyer;880;60.64;21
car accident lawyer columbia sc;1300;94.21;46
personal injury lawyer columbia sc;880;86.24;63
personal injury attorney columbia sc;1000;105.46;61
workers comp lawyer columbia sc;880;78.59;42
myrtle beach car accident lawyer;1000;42;17
myrtle beach personal injury lawyer;1300;58.72;50
myrtle beach truck accident lawyer;260;0;11
myrtle beach workers comp lawyer;30;33.35;0
car accident lawyer myrtle beach sc;260;42;45
personal injury lawyer myrtle beach sc;480;46;46
personal injury attorney myrtle beach;1300;58.72;50
murrells inlet personal injury lawyer;50;0;5
workers comp lawyer charleston sc;70;49.83;12
workers comp lawyer myrtle beach sc;10;33.35;0
south carolina workers comp lawyer;720;46.24;50
south carolina car accident lawyer;1300;83.47;64
georgia car accident lawyer;1900;93.06;29
south carolina personal injury lawyer;1300;87.17;71
car accident lawyer savannah;1000;141.23;29
truck accident lawyer columbia sc;260;0;8
truck accident lawyer charleston sc;90;115.14;9
savannah motorcycle accident lawyer;590;0;15
charleston motorcycle accident lawyer;1000;31.2;20
myrtle beach motorcycle accident lawyer;260;0;15
columbia sc motorcycle accident lawyer;90;0;14
car wreck lawyer columbia sc;170;94.21;33
savannah injury lawyer;880;72.66;53
charleston injury lawyer;590;64.96;62
myrtle beach injury lawyer;590;58.72;49
columbia sc injury lawyer;110;105.46;62
