county	3601	location	myrtle-beach	faqs	rtle Beach area office serves clients throughout the Grand Strand and Pee Dee region, including Myrtle Beach, Murrells Inlet, Conway, North Myrtle Beach, Surfside Beach, Carolina Forest, Garden City Beach, Little River, Pawleys Island, Georgetown, Socastee, Fo
county	4872	location	es-myrtle-beach	local	l área de Myrtle Beach se presentan generalmente ante el Horry County Circuit Court, en Conway; los casos de Murrells Inlet y Pawleys Island pueden corresponder al condado de Georgetown. Nuestros abogados litigan con regularidad en los tribunales del Grand St
county	4872	location	es-myrtle-beach	faqs	de Myrtle Beach atiende a clientes en todo el Grand Strand y la región del Pee Dee, incluyendo Myrtle Beach, Murrells Inlet, Conway, North Myrtle Beach, Surfside Beach, Carolina Forest, Garden City Beach, Little River, Pawleys Island, Georgetown, Socastee, Fo
counts	4572	page	stryker-hip-replacement	content	 Rejuvenate ABG II LFIT V40 Accolade TMZF Citation TMZF Meridian TMZF Stryker has settled thousands of cases involving the Rejuvenate and ABG II implants. These implants were made with a proprietary cobalt-chrome alloy that was meant to pro
counts	4337	post	ashley-phosphate-road-i-26-dangerous-intersection-charleston	content	 compensation for your injuries Free Case Review Roden Law's North Charleston office on Spruill Avenue has handled dozens of cases from the Ashley Phosphate/I-26 intersection. We understand the specific hazards, we know where the evidence is (traffic camera
expenses	1816	post	benefits-of-hiring-personal-injury-lawyer	content	g upfront — there are no retainer fees, hourly billing, or out-of-pocket costs to get started Your attorney advances all case costs — investigation expenses, expert witness fees, filing fees, and other costs are covered by the firm during the case You only
county	4537	post	myrtle-beach-dangerous-roads-intersections	content	ain injuries or spinal cord injuries that require extensive rehabilitation. 7. Highway 17 Bypass and SC-707 (Murrells Inlet) This junction in Murrells Inlet was Georgetown County's highest-crash intersection every year from 2020 to 2024, with 48 collisions i
expenses	1705	post	benefits-of-an-accident-reconstruction-expert	kt	ive fault rules can reduce or eliminate recovery, expert reconstruction evidence is often decisive. Roden Law advances all expert costs on contingency — you pay nothing unless we win.
expenses	1705	post	benefits-of-an-accident-reconstruction-expert	faqs	dollars. However, when you hire a personal injury attorney on a contingency fee basis, the law firm typically advances all expert costs — including reconstruction fees — so you pay nothing out of pocket unless your case results in a recovery."},{"question"
expenses	1753	post	contingency-fee-system	content	s your claim, and give you honest advice about your options. No upfront costs: You pay nothing to hire us. We advance all case expenses — filing fees, expert witnesses, medical records, and investigation costs. You pay only if we recover: Our fee comes exclu
expenses	1813	post	how-do-i-know-if-i-have-a-medical-malpractice-case	faqs	g upfront and no hourly fees. The attorney only gets paid if they recover compensation for you. The firm also advances all case expenses, which are reimbursed from the recovery."}]
expenses	1646	post	first-steps-in-a-medical-malpractice-case	content	rtle Beach. We work on a contingency fee basis — you pay nothing unless we recover compensation for you. We advance all costs of investigation, expert review, and litigation. Think you have a medical malpractice case? Call Roden Law at 1-844-RESULTS or cont
expenses	1696	post	what-if-i-suspect-medical-malpractice	content	ctice attorneys work on a contingency fee basis — you pay nothing upfront and owe nothing unless we win. We advance all costs of investigation, expert review, and litigation. Contact a Medical Malpractice Lawyer Today If you suspect that a doctor, hospital
expenses	1696	post	what-if-i-suspect-medical-malpractice	faqs	basis, meaning you pay nothing upfront and owe nothing unless your case results in compensation. The attorney advances all costs of investigation, expert review, and litigation. This makes experienced legal representation accessible regardless of your financia
counts	1681	post	tips-for-choosing-a-motor-vehicle-accident-attorney	content	ates the ability to build compelling cases and negotiate effectively. A car accident lawyer who has handled thousands of cases will immediately recognize the insurance company's strategy, know which experts to retain, and understand how to maximize the value
counts	1681	post	tips-for-choosing-a-motor-vehicle-accident-attorney	content	ttorney is the right fit: How many car accident cases have you personally handled? You want someone who has handled hundreds or thousands, not a general practitioner who occasionally takes a fender-bender case. Will you personally handle my case, or will it 
expenses	1704	post	filing-a-claim-for-an-injured-minor	faqs	This means you pay nothing upfront and owe no attorney fees unless we recover compensation for your child. We advance all case costs and expenses. Call 1-844-RESULTS for a free, no-obligation consultation about your child's injury claim."}]
expenses	3608	practice_area	medical-malpractice-lawyers	faqs	and extensive discovery. Cases typically cost $50,000 to $200,000+ in expenses before trial. At Roden Law, we advance all costs on a contingency basis — you pay nothing upfront, and we only recover fees and expenses if we win your case. This allows victims t
expenses	3615	practice_area	product-liability-lawyers	faqs	, laboratory testing, accident reconstruction, and depositions of corporate representatives. At Roden Law, we advance all case costs and work on a contingency fee basis — you pay nothing upfront and owe no fees unless we win. We have the financial resources 
expenses	3619	practice_area	nursing-home-abuse-lawyers	faqs	e investigation, including obtaining medical records, facility inspection reports, and staffing data. We fund all case expenses in advance and provide free, confidential consultations to evaluate your case."}]
expenses	3620	practice_area	premises-liability-lawyers	faqs	ncy fee basis — you pay nothing upfront and owe no attorney fees unless we recover compensation for you. We advance all investigation costs, including obtaining surveillance footage, hiring safety experts, and documenting the hazardous condition. We provide 
expenses	4181	practice_area	atv-product-defect	content	on. Our firm has the experience and financial resources to take on these well-funded corporate defendants. We advance all case costs and work on a contingency fee basis — you pay nothing unless we recover compensation.
expenses	4182	practice_area	child-atv-injury	content	laims and understand the unique legal and emotional dynamics involved. We work on a contingency fee basis and advance all case costs — your family pays nothing unless we secure a recovery.
