group,path,clicks16m,impr16m,pos16m,clicks28d,impr28d,pos28d,target,target_ok,inbound,es_twin,post_id
pipeline,/blog/eastern-wharf-savannah-pedestrian-bike-accidents/,0,213,9.9,0,6,8.7,/practice-areas/pedestrian-accident-lawyers/,True,1,,4702
pipeline,/blog/rideshare-accident-i-26-tenmile-north-charleston/,1,382,9.5,0,6,8.5,/practice-areas/car-accident-lawyers/,True,0,,4704
pipeline,/blog/i-526-mount-pleasant-wando-bridge-accident/,6,884,8.2,0,14,8.1,/practice-areas/car-accident-lawyers/,True,1,,4707
pipeline,/blog/us-17-truck-accident-broadfield-glynn-county/,31,1440,11.3,1,118,17.1,/practice-areas/truck-accident-lawyers/,True,0,,4709
pipeline,/blog/sunset-boulevard-us-378-lexington-medical-center-accident/,14,986,7.4,0,123,7.9,/practice-areas/car-accident-lawyers/,True,0,,4711
pipeline,/blog/dog-bite-surfside-beach-29575/,0,438,13.6,0,20,24.9,/practice-areas/dog-bite-lawyers/,True,0,,4713
pipeline,/blog/i-16-port-freight-truck-accident-garden-city-savannah/,24,1573,7.9,0,138,16.1,/practice-areas/truck-accident-lawyers/,True,0,,4715
pipeline,/blog/pedestrian-accident-dorchester-road-school-zone-29418-north-charleston/,8,594,7.4,0,35,8.6,/practice-areas/pedestrian-accident-lawyers/,True,0,,4717
pipeline,/blog/atlantic-coastal-highway-us-17-rideshare-uber-lyft-crash-savannah-intermodal-transit-center/,1,389,9.6,0,9,7.8,/practice-areas/car-accident-lawyers/,True,0,,4719
pipeline,/blog/motorcycle-accident-i-95-glynn-county-brunswick-darien/,62,2024,11.8,0,234,18.1,/practice-areas/motorcycle-accident-lawyers/,True,0,,4721
pipeline,/blog/credit-one-stadium-event-day-crashes-daniel-island-beekman-street/,4,417,8.9,1,95,10.2,/practice-areas/car-accident-lawyers/,True,0,,4723
pipeline,/blog/hit-and-run-drunk-driver-crashes-ashley-river-road-sc-61-west-ashley-greenwood-park/,13,484,7.7,1,69,11.2,/practice-areas/car-accident-lawyers/,True,0,,4725
pipeline,/blog/i-77-truck-accident-northeast-columbia-richland-county/,16,1471,8.7,1,204,10.3,/practice-areas/truck-accident-lawyers/,True,0,,4727
pipeline,/blog/drunk-driver-crash-south-kings-highway-us-17-business-surfside-beach-29575/,20,496,7.5,0,39,10.8,/practice-areas/car-accident-lawyers/,True,0,,4729
pipeline,/blog/columbia-airport-expressway-us-378-truck-accident-springdale-lexington-county/,1,227,19.1,0,8,13.5,/practice-areas/truck-accident-lawyers/,True,2,,4731
pipeline,/blog/north-rhett-avenue-truck-accident-hanahan-berkeley-county/,10,583,8.5,1,87,12.0,/practice-areas/truck-accident-lawyers/,True,0,,4733
pipeline,/blog/rifle-range-road-mount-pleasant-car-accident-heritage-park-west/,6,749,9.2,0,88,7.7,/practice-areas/car-accident-lawyers/,True,0,,4735
pipeline,/blog/litchfield-beach-pawleys-island-us-17-car-accident-georgetown-county/,80,2795,6.0,0,247,8.4,/practice-areas/car-accident-lawyers/,True,0,,4738
pipeline,/blog/us-17-i-95-darien-wrongful-death-mcintosh-county/,21,1393,9.1,0,188,7.4,/practice-areas/wrongful-death-lawyers/,True,0,,4742
pipeline,/blog/garden-city-eden-loop-truck-accident-lawyer/,0,153,12.8,0,21,10.1,/practice-areas/truck-accident-lawyers/,True,0,,4744
pipeline,/blog/daniel-island-i-526-wando-bridge-truck-accident-berkeley-county/,3,599,6.9,0,21,6.9,/practice-areas/truck-accident-lawyers/,True,0,,4748
pipeline,/blog/international-boulevard-airport-rideshare-uber-lyft-crash-north-charleston/,1,139,7.9,0,3,14.7,/practice-areas/car-accident-lawyers/,True,0,,4750
pipeline,/blog/surfside-beach-golf-colony-golf-cart-accident-lawyer/,2,197,12.3,0,8,44.9,/practice-areas/golf-cart-accident-lawyers/,True,0,,4754
pipeline,/blog/yamacraw-village-pedestrian-accident-lawyer/,1,65,14.0,0,1,7.0,/practice-areas/pedestrian-accident-lawyers/,True,0,,4756
pipeline,/blog/mcintosh-county-drunk-driver-accident-lawyer/,1,163,11.0,0,8,6.0,/practice-areas/car-accident-lawyers/,True,0,,4758
pipeline,/blog/mount-pleasant-johnnie-dodds-us-17-wrongful-death-car-accident-lawyer/,3,186,10.8,0,17,13.1,/practice-areas/wrongful-death-lawyers/,True,0,,4760
pipeline,/blog/south-kings-highway-us-17-business-underinsured-motorist-lawyer/,1,42,19.0,0,3,41.3,/practice-areas/car-accident-lawyers/,True,0,,4766
pipeline,/blog/savannah-veterans-parkway-car-accident-lawyer/,0,79,16.3,0,7,7.7,/practice-areas/car-accident-lawyers/,True,0,,4768
pipeline,/blog/darien-river-boating-accident-lawyer/,0,109,15.8,0,3,36.7,/practice-areas/boating-accident-lawyers/,True,0,,4770
pipeline,/blog/hanahan-murray-avenue-highland-park-bicycle-accident-lawyer/,1,129,12.1,0,5,50.6,/practice-areas/bicycle-accident-lawyers/,True,0,,4774
pipeline,/blog/eulonia-us-17-ocean-highway-rideshare-uber-accident-lawyer-mcintosh-county/,1,215,8.7,0,29,13.9,/practice-areas/car-accident-lawyers/,True,0,/es/blog/eulonia-us-17-ocean-highway-rideshare-uber-accident-lawyer-mcintosh-county/(publish),4796
pipeline,/blog/mount-pleasant-mark-clark-expressway-i-526-motorcycle-accident-lawyer/,1,77,8.7,0,16,7.6,/practice-areas/motorcycle-accident-lawyers/,True,0,/es/blog/mount-pleasant-mark-clark-expressway-i-526-motorcycle-accident-lawyer/(trash),4798
pipeline,/blog/st-andrews-road-widewater-18-wheeler-accident-lawyer-richland-county/,1,85,11.3,0,5,8.0,/practice-areas/truck-accident-lawyers/,True,0,/es/blog/st-andrews-road-widewater-18-wheeler-accident-lawyer-richland-county/(trash),4802
pipeline,/blog/litchfield-pawleys-island-golf-cart-accident-lawyer-georgetown-county/,2,117,12.1,0,12,6.5,/practice-areas/golf-cart-accident-lawyers/,True,0,/es/blog/litchfield-pawleys-island-golf-cart-accident-lawyer-georgetown-county/(trash),4804
pipeline,/es/blog/eulonia-us-17-ocean-highway-rideshare-uber-accident-lawyer-mcintosh-county/,0,24,15.4,0,0,,/es/practice-areas/car-accident-lawyers/,True,0,,4948
pipeline,/blog/garden-city-ga-21-augusta-road-car-accident-lawyer/,1,55,13.0,0,30,17.8,/practice-areas/car-accident-lawyers/,True,0,/es/blog/garden-city-ga-21-augusta-road-car-accident-lawyer/(trash),4958
pipeline,/blog/mount-pleasant-johnnie-dodds-us-17-uninsured-motorist-lawyer/,1,99,9.2,0,20,9.5,/practice-areas/car-accident-lawyers/,True,0,/es/blog/mount-pleasant-johnnie-dodds-us-17-uninsured-motorist-lawyer/(trash),4978
pipeline,/blog/cayce-12th-street-uninsured-motorist-lawyer/,1,48,16.9,0,8,10.5,/practice-areas/car-accident-lawyers/,True,0,/es/blog/cayce-12th-street-uninsured-motorist-lawyer/(trash),5025
pipeline,/blog/eastern-wharf-harbor-street-electric-scooter-accident-lawyer/,0,237,5.9,0,16,10.7,/practice-areas/electric-scooter-accident-lawyers/,True,0,/es/blog/eastern-wharf-harbor-street-electric-scooter-accident-lawyer/(publish),5037
pipeline,/es/blog/eastern-wharf-harbor-street-electric-scooter-accident-lawyer/,0,32,25.1,0,13,26.2,/es/practice-areas/electric-scooter-accident-lawyers/,True,0,,5039
pipeline,/blog/boys-estate-glynn-county-best-car-accident-lawyer/,0,195,8.4,0,73,6.9,/practice-areas/car-accident-lawyers/,True,0,/es/blog/boys-estate-glynn-county-best-car-accident-lawyer/(publish),5045
pipeline,/es/blog/boys-estate-glynn-county-best-car-accident-lawyer/,0,0,,0,0,,/es/practice-areas/car-accident-lawyers/,True,0,,5047
pipeline,/blog/n-lake-drive-us-17-business-best-car-accident-lawyer/,0,48,23.1,0,9,20.1,/practice-areas/car-accident-lawyers/,True,0,/es/blog/n-lake-drive-us-17-business-best-car-accident-lawyer/(publish),5049
pipeline,/es/blog/n-lake-drive-us-17-business-best-car-accident-lawyer/,0,29,39.8,0,5,13.0,/es/practice-areas/car-accident-lawyers/,True,0,,5119
pipeline,/blog/old-fort-jackson-savannah-fatal-truck-accident-lawyer/,1,85,14.5,0,51,15.1,/practice-areas/truck-accident-lawyers/,True,0,/es/blog/old-fort-jackson-savannah-fatal-truck-accident-lawyer/(publish),5160
pipeline,/es/blog/old-fort-jackson-savannah-fatal-truck-accident-lawyer/,0,0,,0,0,,/es/practice-areas/truck-accident-lawyers/,True,0,,5228
subloc,/locations/south-carolina/charleston/mount-pleasant/,3,2069,17.1,0,1238,15.8,/locations/south-carolina/charleston/,True,10,,3762
subloc,/locations/south-carolina/north-charleston/summerville/,3,477,26.1,0,108,25.1,/locations/south-carolina/north-charleston/,True,5,,3764
subloc,/locations/south-carolina/north-charleston/goose-creek/,2,13975,13.7,0,706,27.7,/locations/south-carolina/north-charleston/,True,4,,3766
subloc,/locations/south-carolina/charleston/james-island/,1,899,13.3,0,205,17.1,/locations/south-carolina/charleston/,True,3,,3767
subloc,/locations/south-carolina/charleston/isle-of-palms/,1,312,9.6,0,58,17.9,/locations/south-carolina/charleston/,True,6,,3773
subloc,/locations/georgia/savannah/pooler/,1,229,14.0,0,2,7.5,/locations/georgia/savannah/,True,0,,3788
subloc,/locations/georgia/savannah/port-wentworth/,1,611,10.2,0,25,19.6,/locations/georgia/savannah/,True,0,,3792
subloc,/locations/georgia/savannah/hinesville/,1,328,11.5,0,8,13.1,/locations/georgia/savannah/,True,0,,3797
subloc,/locations/georgia/savannah/statesboro/,1,577,11.1,0,5,7.4,/locations/georgia/savannah/,True,0,,3798
subloc,/locations/georgia/savannah/bryan-county/,1,146,9.9,0,5,17.6,/locations/georgia/savannah/,True,0,,3811
subloc,/locations/south-carolina/myrtle-beach/conway/,1,1185,11.8,0,55,15.4,/locations/south-carolina/myrtle-beach/,True,0,,3814
subloc,/locations/south-carolina/myrtle-beach/surfside-beach/,2,644,11.7,0,3,4.7,/locations/south-carolina/myrtle-beach/,True,0,,3817
subloc,/locations/south-carolina/myrtle-beach/georgetown/,1,540,13.6,0,5,18.0,/locations/south-carolina/myrtle-beach/,True,0,,3823
subloc,/locations/south-carolina/myrtle-beach/andrews/,1,241,22.8,0,53,21.0,/locations/south-carolina/myrtle-beach/,True,0,,3832
subloc,/locations/south-carolina/columbia/west-columbia/,2,1053,12.5,1,280,19.2,/locations/south-carolina/columbia/,True,0,,3840
subloc,/locations/south-carolina/columbia/cayce/,1,518,9.3,0,27,9.9,/locations/south-carolina/columbia/,True,0,,3841
subloc,/locations/south-carolina/columbia/forest-acres/,3,753,8.9,0,84,7.6,/locations/south-carolina/columbia/,True,0,,3846
subloc,/locations/south-carolina/columbia/chapin/,1,218,12.0,0,2,5.5,/locations/south-carolina/columbia/,True,0,,3850
subloc,/locations/south-carolina/columbia/batesburg-leesville/,1,667,24.4,0,6,7.7,/locations/south-carolina/columbia/,True,0,,3856
subloc,/locations/south-carolina/columbia/elgin/,2,833,24.3,0,54,25.9,/locations/south-carolina/columbia/,True,0,,3857
subloc,/locations/georgia/darien/brunswick/,10,3810,13.8,7,1254,16.8,/locations/georgia/darien/,True,0,,3863
subloc,/locations/georgia/darien/kingsland/,2,1709,12.9,0,187,20.1,/locations/georgia/darien/,True,0,,3865
subloc,/locations/georgia/darien/waycross/,4,1396,9.8,0,38,13.8,/locations/georgia/darien/,True,0,,3867
subloc,/locations/georgia/darien/jesup/,1,756,10.4,0,7,7.0,/locations/georgia/darien/,True,0,,3868
subloc,/locations/georgia/darien/folkston/,6,1331,14.4,0,111,15.6,/locations/georgia/darien/,True,0,,3869
subloc,/locations/georgia/darien/woodbine/,21,2416,10.1,0,186,13.2,/locations/georgia/darien/,True,0,,3872
subloc,/locations/georgia/darien/nahunta/,3,2630,7.0,0,35,5.1,/locations/georgia/darien/,True,0,,3873
subloc,/locations/georgia/darien/blackshear/,1,472,10.9,0,25,14.1,/locations/georgia/darien/,True,0,,3875
subloc,/locations/georgia/darien/alma/,2,643,9.5,1,35,9.4,/locations/georgia/darien/,True,0,,3876
subloc,/locations/georgia/darien/hoboken/,1,949,9.4,0,1,10.0,/locations/georgia/darien/,True,0,,3877
