path,parent,plan,retire_to,post_id,c16,i16,p16,c90,i90,p90,c28,i28,p28,words,unique_words,template,sib_overlap,sib,pillar_overlap,posts_linking_in,title
/class-action-lawyers/afff-firefighting-foam-lawsuits/,class-action-lawyers,keep (original content),,,7,5298,13.5,0,84,22.3,0,36,22.3,2026,2011,0.0,0.0,/class-action-lawyers/paraquat-lawsuit/,0.0,,Aqueous Film-Forming Foam (AFFF)/PFAS Lawsuit Lawyers – Roden Law
/class-action-lawyers/camp-lejeune-lawsuits/,class-action-lawyers,keep (original content),,,0,1112,15.4,0,376,20.2,0,116,13.6,2260,2243,0.0,0.0,/class-action-lawyers/hair-relaxer-cancer-lawsuits/,0.0,,Camp Lejeune Lawsuit Lawyers – Roden Law
/class-action-lawyers/hair-relaxer-cancer-lawsuits/,class-action-lawyers,keep (original content),,,15,4545,19.7,6,1461,22.6,2,461,19.3,1612,1566,0.0,0.01,/class-action-lawyers/paraquat-lawsuit/,0.0,,Hair Relaxer Lawsuit Lawyers – Roden Law
/class-action-lawyers/invokana/,class-action-lawyers,keep (original content),,,0,393,25.6,0,10,50.6,0,0,,1647,1558,0.0,0.03,/class-action-lawyers/uloric/,0.0,,Invokana Lawsuit Lawyers – Roden Law
/class-action-lawyers/ivc-filter/,class-action-lawyers,keep (original content),,,1,696,32.0,1,459,36.2,0,261,33.7,1824,1752,0.0,0.01,/class-action-lawyers/stryker-hip-replacement/,0.0,,IVC Filter Lawsuit Lawyers – Roden Law
/class-action-lawyers/onglyza/,class-action-lawyers,keep (original content),,,0,1028,12.9,0,8,13.6,0,1,11.0,1834,1751,0.0,0.02,/class-action-lawyers/invokana/,0.0,,Onglyza Lawsuit Lawyers – Roden Law
/class-action-lawyers/ozempic-lawsuits/,class-action-lawyers,keep (original content),,,0,1823,15.5,0,61,7.6,0,50,7.3,1495,1447,0.0,0.0,/class-action-lawyers/paraquat-lawsuit/,0.0,,Ozempic Lawsuit Lawyers – Roden Law
/class-action-lawyers/paraquat-lawsuit/,class-action-lawyers,keep (original content),,,2,795,14.0,0,33,15.5,0,6,4.8,1759,1702,0.0,0.01,/class-action-lawyers/hair-relaxer-cancer-lawsuits/,0.0,,Paraquat Lawsuit Lawyers – Roden Law
/class-action-lawyers/roundup/,class-action-lawyers,keep (original content),,,0,514,14.9,0,109,19.6,0,80,20.4,2048,1985,0.0,0.01,/class-action-lawyers/stryker-hip-replacement/,0.0,,Roundup Lawsuit Lawyers – Roden Law
/class-action-lawyers/stryker-hip-replacement/,class-action-lawyers,keep (original content),,,14,9202,23.6,4,5567,24.6,1,1926,21.6,1652,1572,0.0,0.02,/class-action-lawyers/ivc-filter/,0.0,,Stryker Hip Replacement Lawsuit Lawyers – Roden Law
/class-action-lawyers/talcum-powder/,class-action-lawyers,keep (original content),,,7,1565,15.0,1,18,14.5,1,5,5.0,1776,1731,0.0,0.0,/class-action-lawyers/stryker-hip-replacement/,0.0,,Talcum Powder Lawsuit Lawyers – Roden Law
/class-action-lawyers/troubled-teen-industry-abuse/,class-action-lawyers,keep (original content),,,83,13564,11.5,15,3025,17.2,3,759,22.2,1372,1353,0.0,0.0,/class-action-lawyers/invokana/,0.0,,Troubled Teen Industry Abuse Lawsuit Lawyers – Roden Law
/class-action-lawyers/truvada/,class-action-lawyers,keep (original content),,,7,2744,18.8,5,1051,24.1,3,362,21.5,2066,1980,0.0,0.02,/class-action-lawyers/invokana/,0.0,,Truvada Lawsuit Lawyers – Roden Law
/class-action-lawyers/uloric/,class-action-lawyers,keep (original content),,,2,537,13.0,1,76,18.2,1,18,15.2,1561,1487,0.0,0.03,/class-action-lawyers/invokana/,0.0,,Uloric Lawsuit Lawyers – Roden Law
/car-accident-lawyers/drunk-driver-accident/,car-accident-lawyers,retire to pillar (draft),/practice-areas/car-accident-lawyers/,4048,0,208,30.8,0,34,13.7,0,7,13.0,2058,1027,0.46,0.48,/car-accident-lawyers/delivery-vehicle-accident/,0.42,12,Drunk Driver Accident Lawyers in Georgia & South Carolina – Roden Law
/car-accident-lawyers/rideshare-uber-accident/,car-accident-lawyers,keep; template fix,,4049,1,1428,39.8,1,28,9.9,1,9,10.2,1792,801,0.53,0.54,/car-accident-lawyers/construction-vehicle-accident/,0.47,0,Rideshare & Uber Accident Lawyers in Georgia & South Carolina – Roden Law
/car-accident-lawyers/rear-end-collision/,car-accident-lawyers,keep; template fix,,4050,2,310,22.9,0,19,22.3,0,0,,1870,840,0.5,0.52,/car-accident-lawyers/delivery-vehicle-accident/,0.45,1,Rear-End Collision Lawyers in Georgia & South Carolina – Roden Law
/car-accident-lawyers/hit-and-run-accident/,car-accident-lawyers,retire to pillar (draft),/practice-areas/car-accident-lawyers/,4051,0,245,18.6,0,27,15.6,0,7,15.0,1926,941,0.49,0.5,/car-accident-lawyers/delivery-vehicle-accident/,0.44,2,Hit & Run Accident Lawyers in Georgia & South Carolina – Roden Law
/car-accident-lawyers/distracted-driving-accident/,car-accident-lawyers,retire to pillar (draft),/practice-areas/car-accident-lawyers/,4052,0,2339,29.7,0,20,13.8,0,10,9.7,1843,852,0.51,0.52,/car-accident-lawyers/drunk-driver-accident/,0.45,2,Distracted Driving Accident Lawyers in Georgia & South Carolina – Roden Law
/car-accident-lawyers/commercial-vehicle-accident/,car-accident-lawyers,keep; template fix,,4054,2,854,21.6,0,382,17.4,0,217,17.1,1934,922,0.49,0.51,/car-accident-lawyers/company-car-accident/,0.43,0,Commercial Vehicle Accident Lawyers in Georgia & South Carolina – Roden Law
/car-accident-lawyers/multi-vehicle-pileup/,car-accident-lawyers,retire to pillar (draft),/practice-areas/car-accident-lawyers/,4055,0,412,14.6,0,86,16.3,0,1,9.0,2014,1015,0.47,0.48,/car-accident-lawyers/rear-end-collision/,0.41,0,Multi-Vehicle Pileup Lawyers in Georgia & South Carolina – Roden Law
/car-accident-lawyers/delivery-vehicle-accident/,car-accident-lawyers,retire to pillar (draft),/practice-areas/car-accident-lawyers/,4056,0,563,46.2,0,112,50.6,0,7,6.4,1995,958,0.47,0.49,/car-accident-lawyers/commercial-vehicle-accident/,0.43,1,Delivery Vehicle Accident Lawyers in Georgia & South Carolina – Roden Law
/car-accident-lawyers/company-car-accident/,car-accident-lawyers,keep; template fix,,4057,1,4557,20.3,0,1785,20.0,0,131,11.0,2032,991,0.47,0.49,/car-accident-lawyers/commercial-vehicle-accident/,0.42,1,Company Car Accident Lawyers in Georgia & South Carolina – Roden Law
/car-accident-lawyers/service-vehicle-accident/,car-accident-lawyers,retire to pillar (draft),/practice-areas/car-accident-lawyers/,4058,0,173,12.8,0,24,18.7,0,3,14.7,2013,998,0.47,0.48,/car-accident-lawyers/delivery-vehicle-accident/,0.42,1,Service & Utility Vehicle Crash Lawyers in Georgia & South Carolina – Roden Law
/car-accident-lawyers/government-vehicle-accident/,car-accident-lawyers,keep; template fix,,4059,13,3474,9.5,5,795,10.8,2,296,9.9,2130,1124,0.44,0.46,/car-accident-lawyers/commercial-vehicle-accident/,0.39,1,Government Vehicle Accident Lawyers in Georgia & South Carolina – Roden Law
/car-accident-lawyers/construction-vehicle-accident/,car-accident-lawyers,retire to pillar (draft),/practice-areas/car-accident-lawyers/,4060,0,238,14.9,0,61,12.2,0,5,10.4,1953,929,0.48,0.5,/car-accident-lawyers/delivery-vehicle-accident/,0.43,1,Construction Vehicle Accident Lawyers in Georgia & South Carolina – Roden Law
/car-accident-lawyers/bus-accident/,car-accident-lawyers,keep; template fix,,4061,1,879,15.5,0,81,15.5,0,11,7.8,2101,1094,0.45,0.46,/car-accident-lawyers/delivery-vehicle-accident/,0.4,1,Bus Accident Lawyers in Georgia & South Carolina – Roden Law
/car-accident-lawyers/t-bone-accident/,car-accident-lawyers,retire to pillar (draft),/practice-areas/car-accident-lawyers/,4062,0,1875,23.6,0,42,27.1,0,6,14.2,2122,1121,0.45,0.45,/car-accident-lawyers/bus-accident/,0.4,0,T-Bone Accident Lawyers in Georgia & South Carolina – Roden Law
/truck-accident-lawyers/18-wheeler-semi-truck-accident/,truck-accident-lawyers,retire to pillar (draft),/practice-areas/truck-accident-lawyers/,4063,0,296,21.2,0,18,23.2,0,4,14.0,2125,1126,0.44,0.46,/truck-accident-lawyers/jackknife-accident/,0.38,2,18-Wheeler Accident Lawyers in Georgia & South Carolina – Roden Law
/truck-accident-lawyers/fatigued-trucker-accident/,truck-accident-lawyers,retire to pillar (draft),/practice-areas/truck-accident-lawyers/,4064,0,1655,25.4,0,78,33.1,0,23,26.2,1949,945,0.48,0.49,/truck-accident-lawyers/brake-failure-accident/,0.42,3,Fatigued Trucker Accident Lawyers in Georgia & South Carolina – Roden Law
/truck-accident-lawyers/overloaded-improperly-loaded-cargo/,truck-accident-lawyers,keep; template fix,,4065,1,1880,18.9,0,403,34.1,0,202,35.0,1977,981,0.47,0.49,/truck-accident-lawyers/hazardous-materials-accident/,0.41,2,Overloaded / Improperly Loaded Cargo Accident Lawyers in Georgia & South Carolina – Roden 
/truck-accident-lawyers/brake-failure-accident/,truck-accident-lawyers,retire to pillar (draft),/practice-areas/truck-accident-lawyers/,4066,0,1234,17.6,0,204,16.0,0,47,20.1,1874,877,0.5,0.52,/truck-accident-lawyers/jackknife-accident/,0.43,2,Brake Failure Accident Lawyers in Georgia & South Carolina – Roden Law
/truck-accident-lawyers/underride-override-accident/,truck-accident-lawyers,retire to pillar (draft),/practice-areas/truck-accident-lawyers/,4067,0,3004,18.7,0,1158,26.6,0,448,29.7,1983,963,0.47,0.49,/truck-accident-lawyers/18-wheeler-semi-truck-accident/,0.41,0,Underride and Override Accident Lawyers in Georgia & South Carolina – Roden Law
/truck-accident-lawyers/commercial-van-delivery-truck-accident/,truck-accident-lawyers,retire to pillar (draft),/practice-areas/truck-accident-lawyers/,4068,0,230,15.0,0,26,17.4,0,11,6.2,1942,952,0.48,0.5,/truck-accident-lawyers/fatigued-trucker-accident/,0.42,0,Commercial Van & Delivery Truck Accident Lawyers in Georgia & South Carolina – Roden Law
/truck-accident-lawyers/hazardous-materials-accident/,truck-accident-lawyers,retire to pillar (draft),/practice-areas/truck-accident-lawyers/,4069,0,923,10.7,0,71,20.8,0,13,21.1,1925,929,0.49,0.5,/truck-accident-lawyers/overloaded-improperly-loaded-cargo/,0.42,1,Hazardous Materials Accident Lawyers in Georgia & South Carolina – Roden Law
/truck-accident-lawyers/jackknife-accident/,truck-accident-lawyers,keep; template fix,,4070,1,1747,25.8,0,144,28.6,0,44,20.6,1978,971,0.48,0.49,/truck-accident-lawyers/18-wheeler-semi-truck-accident/,0.41,1,Jackknife Accident Lawyers in Georgia & South Carolina – Roden Law
/motorcycle-accident-lawyers/head-on-motorcycle-collision/,motorcycle-accident-lawyers,retire to pillar (draft),/practice-areas/motorcycle-accident-lawyers/,4071,0,179,22.5,0,2,16.0,0,0,,1917,925,0.49,0.5,/motorcycle-accident-lawyers/left-turn-accident/,0.44,0,Head-On Motorcycle Collision Lawyers in Georgia & South Carolina – Roden Law
/motorcycle-accident-lawyers/left-turn-accident/,motorcycle-accident-lawyers,retire to pillar (draft),/practice-areas/motorcycle-accident-lawyers/,4072,0,415,12.8,0,29,10.3,0,6,7.7,1887,884,0.5,0.51,/motorcycle-accident-lawyers/intersection-motorcycle-accident/,0.45,1,Left-Turn Motorcycle Accident Lawyers in Georgia & South Carolina – Roden Law
/motorcycle-accident-lawyers/lane-splitting-accident/,motorcycle-accident-lawyers,keep; template fix,,4073,1,2102,12.0,1,132,10.2,1,19,7.6,1927,947,0.49,0.5,/motorcycle-accident-lawyers/left-turn-accident/,0.43,0,Lane-Splitting Accident Lawyers in Georgia & South Carolina – Roden Law
/motorcycle-accident-lawyers/rear-end-motorcycle-accident/,motorcycle-accident-lawyers,retire to pillar (draft),/practice-areas/motorcycle-accident-lawyers/,4074,0,122,12.3,0,5,12.4,0,0,,1897,903,0.5,0.51,/motorcycle-accident-lawyers/left-turn-accident/,0.45,1,Rear-End Motorcycle Accident Lawyers in Georgia & South Carolina – Roden Law
/motorcycle-accident-lawyers/hit-and-run-motorcycle-accident/,motorcycle-accident-lawyers,keep; template fix,,4075,1,296,15.8,1,12,14.5,1,2,2.5,1888,888,0.5,0.52,/motorcycle-accident-lawyers/left-turn-accident/,0.45,1,Hit & Run Motorcycle Accident Lawyers in Georgia & South Carolina – Roden Law
/motorcycle-accident-lawyers/drunk-driver-motorcycle-accident/,motorcycle-accident-lawyers,retire to pillar (draft),/practice-areas/motorcycle-accident-lawyers/,4076,0,629,11.5,0,69,11.7,0,12,11.3,1950,949,0.49,0.5,/motorcycle-accident-lawyers/hit-and-run-motorcycle-accident/,0.43,0,Drunk Driver vs. Motorcycle Accident Lawyers in Georgia & South Carolina – Roden Law
/motorcycle-accident-lawyers/intersection-motorcycle-accident/,motorcycle-accident-lawyers,retire to pillar (draft),/practice-areas/motorcycle-accident-lawyers/,4077,0,447,16.2,0,126,17.3,0,4,14.0,1902,912,0.49,0.51,/motorcycle-accident-lawyers/left-turn-accident/,0.44,0,Intersection Motorcycle Accident Lawyers in Georgia & South Carolina – Roden Law
/motorcycle-accident-lawyers/single-vehicle-motorcycle-crash/,motorcycle-accident-lawyers,keep; template fix,,4078,1,247,18.1,0,46,28.7,0,0,,1913,934,0.49,0.5,/motorcycle-accident-lawyers/hit-and-run-motorcycle-accident/,0.43,0,Single-Vehicle Motorcycle Crash Lawyers in Georgia & South Carolina – Roden Law
/pedestrian-accident-lawyers/crosswalk-accident/,pedestrian-accident-lawyers,retire to pillar (draft),/practice-areas/pedestrian-accident-lawyers/,4079,0,354,16.3,0,6,5.2,0,2,4.0,1950,928,0.49,0.5,/pedestrian-accident-lawyers/jogger-runner-accident/,0.44,6,Crosswalk Accident Lawyers in Georgia & South Carolina – Roden Law
/pedestrian-accident-lawyers/intersection-pedestrian-accident/,pedestrian-accident-lawyers,retire to pillar (draft),/practice-areas/pedestrian-accident-lawyers/,4080,0,555,17.2,0,54,17.3,0,5,6.2,1904,891,0.49,0.51,/pedestrian-accident-lawyers/backing-up-parking-lot-accident/,0.44,2,Intersection Pedestrian Accident Lawyers in Georgia & South Carolina – Roden Law
/pedestrian-accident-lawyers/hit-and-run-pedestrian-accident/,pedestrian-accident-lawyers,keep; template fix,,4081,3,677,23.7,0,144,31.5,0,15,26.3,1871,886,0.5,0.52,/pedestrian-accident-lawyers/distracted-driver-pedestrian-accident/,0.45,4,Hit & Run Pedestrian Accident Lawyers in Georgia & South Carolina – Roden Law
/pedestrian-accident-lawyers/distracted-driver-pedestrian-accident/,pedestrian-accident-lawyers,retire to pillar (draft),/practice-areas/pedestrian-accident-lawyers/,4082,0,691,27.9,0,44,11.6,0,13,8.1,1941,929,0.49,0.51,/pedestrian-accident-lawyers/drunk-driver-pedestrian-accident/,0.44,4,Distracted Driver Pedestrian Accident Lawyers in Georgia & South Carolina – Roden Law
/pedestrian-accident-lawyers/drunk-driver-pedestrian-accident/,pedestrian-accident-lawyers,retire to pillar (draft),/practice-areas/pedestrian-accident-lawyers/,4083,0,700,14.6,0,44,8.5,0,18,10.7,1992,986,0.47,0.49,/pedestrian-accident-lawyers/distracted-driver-pedestrian-accident/,0.42,4,Drunk Driver Pedestrian Accident Lawyers in Georgia & South Carolina – Roden Law
/pedestrian-accident-lawyers/backing-up-parking-lot-accident/,pedestrian-accident-lawyers,keep; template fix,,4084,9,2054,10.2,2,1079,10.5,2,256,9.8,1935,931,0.49,0.51,/pedestrian-accident-lawyers/intersection-pedestrian-accident/,0.44,0,Backing-Up / Parking Lot Pedestrian Accident Lawyers in Georgia & South Carolina – Roden L
/pedestrian-accident-lawyers/school-zone-pedestrian-accident/,pedestrian-accident-lawyers,keep; template fix,,4085,2,690,10.6,0,50,7.4,0,16,7.9,1923,910,0.49,0.51,/pedestrian-accident-lawyers/intersection-pedestrian-accident/,0.44,2,School Zone Pedestrian Accident Lawyers in Georgia & South Carolina – Roden Law
/pedestrian-accident-lawyers/jogger-runner-accident/,pedestrian-accident-lawyers,keep; template fix (near page one),,4086,0,584,12.7,0,194,13.9,0,81,19.4,2017,1013,0.47,0.48,/pedestrian-accident-lawyers/crosswalk-accident/,0.42,1,Jogger and Runner Accident Lawyers in Georgia & South Carolina – Roden Law
/slip-and-fall-lawyers/grocery-store-slip-and-fall/,slip-and-fall-lawyers,keep; template fix,,4091,2,1004,20.5,0,98,34.9,0,40,36.4,2018,875,0.38,0.53,/slip-and-fall-lawyers/parking-lot-fall/,0.44,3,Grocery Store Slip and Fall Lawyers in Georgia & South Carolina – Roden Law
/slip-and-fall-lawyers/restaurant-slip-and-fall/,slip-and-fall-lawyers,keep; template fix,,4092,2,849,14.1,0,77,11.3,0,19,12.5,2001,858,0.37,0.53,/slip-and-fall-lawyers/workplace-slip-and-fall/,0.44,1,Restaurant Slip and Fall Lawyers in Georgia & South Carolina – Roden Law
/slip-and-fall-lawyers/wet-floor-accident/,slip-and-fall-lawyers,retire to pillar (draft),/practice-areas/slip-and-fall-lawyers/,4093,0,452,13.0,0,146,22.0,0,95,21.7,2097,1005,0.36,0.5,/slip-and-fall-lawyers/restaurant-slip-and-fall/,0.41,5,Wet Floor Accident Lawyers in Georgia & South Carolina – Roden Law
/slip-and-fall-lawyers/parking-lot-fall/,slip-and-fall-lawyers,retire to pillar (draft),/practice-areas/slip-and-fall-lawyers/,4094,0,649,18.4,0,50,11.6,0,16,10.4,2014,899,0.38,0.53,/slip-and-fall-lawyers/grocery-store-slip-and-fall/,0.44,1,Parking Lot Fall Lawyers in Georgia & South Carolina – Roden Law
/slip-and-fall-lawyers/stairway-escalator-fall/,slip-and-fall-lawyers,keep; template fix,,4095,2,449,17.8,0,33,16.2,0,9,19.6,1906,810,0.39,0.55,/slip-and-fall-lawyers/restaurant-slip-and-fall/,0.47,2,Stairway and Escalator Fall Lawyers in Georgia & South Carolina – Roden Law
/slip-and-fall-lawyers/hotel-resort-injury/,slip-and-fall-lawyers,keep; template fix,,4096,1,514,20.5,1,166,33.6,0,72,37.5,1966,883,0.39,0.53,/slip-and-fall-lawyers/parking-lot-fall/,0.45,2,Hotel / Resort Injury Lawyers in Georgia & South Carolina – Roden Law
/slip-and-fall-lawyers/retail-store-trip-and-fall/,slip-and-fall-lawyers,keep; template fix,,4097,1,327,9.4,1,47,20.3,1,28,22.5,1925,815,0.39,0.55,/slip-and-fall-lawyers/grocery-store-slip-and-fall/,0.46,3,Retail Store Trip and Fall Lawyers in Georgia & South Carolina – Roden Law
/slip-and-fall-lawyers/workplace-slip-and-fall/,slip-and-fall-lawyers,retire to pillar (draft),/practice-areas/slip-and-fall-lawyers/,4098,0,390,27.1,0,24,9.8,0,6,10.3,2008,900,0.38,0.53,/slip-and-fall-lawyers/restaurant-slip-and-fall/,0.44,0,Workplace Slip and Fall Lawyers in Georgia & South Carolina – Roden Law
/wrongful-death-lawyers/fatal-car-accident/,wrongful-death-lawyers,keep; template fix,,4099,2,684,23.2,0,133,14.6,0,63,11.3,2015,799,0.38,0.56,/wrongful-death-lawyers/fatal-truck-accident/,0.47,0,Fatal Car Accident Lawyers in Georgia & South Carolina – Roden Law
/wrongful-death-lawyers/fatal-truck-accident/,wrongful-death-lawyers,retire to pillar (draft),/practice-areas/wrongful-death-lawyers/,4100,0,181,22.6,0,37,29.8,0,1,57.0,1964,776,0.39,0.57,/wrongful-death-lawyers/workplace-fatality/,0.47,1,Fatal Truck Accident Lawyers in Georgia & South Carolina – Roden Law
/wrongful-death-lawyers/medical-malpractice-death/,wrongful-death-lawyers,keep; template fix (near page one),,4101,0,1373,27.9,0,308,13.0,0,98,4.1,2001,861,0.37,0.55,/wrongful-death-lawyers/fatal-car-accident/,0.46,5,Medical Malpractice Death Lawyers in Georgia & South Carolina – Roden Law
/wrongful-death-lawyers/workplace-fatality/,wrongful-death-lawyers,keep; template fix,,4102,1,899,36.2,0,324,36.8,0,23,14.0,1988,821,0.38,0.56,/wrongful-death-lawyers/fatal-truck-accident/,0.46,1,Workplace Fatality Lawyers in Georgia & South Carolina – Roden Law
/wrongful-death-lawyers/defective-product-death/,wrongful-death-lawyers,retire to pillar (draft),/practice-areas/wrongful-death-lawyers/,4103,0,241,23.1,0,106,25.3,0,35,27.2,2001,848,0.38,0.55,/wrongful-death-lawyers/drowning-swimming-pool-death/,0.46,0,Defective Product Death Lawyers in Georgia & South Carolina – Roden Law
/wrongful-death-lawyers/nursing-home-wrongful-death/,wrongful-death-lawyers,keep; template fix,,4104,1,1034,26.5,0,186,19.4,0,5,8.8,1943,776,0.39,0.57,/wrongful-death-lawyers/drowning-swimming-pool-death/,0.48,0,Nursing Home Wrongful Death Lawyers in Georgia & South Carolina – Roden Law
/wrongful-death-lawyers/drowning-swimming-pool-death/,wrongful-death-lawyers,keep; template fix,,4105,5,2059,17.9,0,334,23.3,0,19,18.6,1952,784,0.39,0.57,/wrongful-death-lawyers/fatal-car-accident/,0.47,0,Drowning and Swimming Pool Death Lawyers in Georgia & South Carolina – Roden Law
/wrongful-death-lawyers/pedestrian-cyclist-fatality/,wrongful-death-lawyers,keep; template fix,,4106,1,147,13.8,1,36,11.4,1,15,8.9,2161,992,0.35,0.51,/wrongful-death-lawyers/workplace-fatality/,0.42,0,Pedestrian and Cyclist Fatality Lawyers in Georgia & South Carolina – Roden Law
/workers-compensation-lawyers/construction-worker-injury/,workers-compensation-lawyers,retire to pillar (draft),/practice-areas/workers-compensation-lawyers/,4107,0,287,30.0,0,20,20.5,0,1,4.0,2258,945,0.14,0.56,/workers-compensation-lawyers/warehouse-distribution-injury/,0.38,2,Construction Worker Injury Lawyers in Georgia & South Carolina – Roden Law
/workers-compensation-lawyers/factory-manufacturing-injury/,workers-compensation-lawyers,retire to pillar (draft),/practice-areas/workers-compensation-lawyers/,4108,0,430,22.6,0,175,23.5,0,34,22.6,2221,895,0.14,0.58,/workers-compensation-lawyers/warehouse-distribution-injury/,0.38,2,Factory and Manufacturing Injury Lawyers in Georgia & South Carolina – Roden Law
/workers-compensation-lawyers/warehouse-distribution-injury/,workers-compensation-lawyers,retire to pillar (draft),/practice-areas/workers-compensation-lawyers/,4109,0,180,25.8,0,45,25.8,0,4,21.0,2575,1230,0.12,0.5,/workers-compensation-lawyers/third-party-workplace-injury/,0.33,1,Warehouse and Distribution Injury Lawyers in Georgia & South Carolina – Roden Law
/workers-compensation-lawyers/repetitive-stress-injury/,workers-compensation-lawyers,keep; template fix,,4110,6,1317,51.4,2,664,53.0,1,144,47.2,2293,975,0.14,0.56,/workers-compensation-lawyers/warehouse-distribution-injury/,0.37,2,Repetitive Stress Injury Lawyers in Georgia & South Carolina – Roden Law
/workers-compensation-lawyers/occupational-disease/,workers-compensation-lawyers,keep; template fix,,4111,1,1083,37.8,1,667,39.7,0,298,44.3,2306,995,0.14,0.55,/workers-compensation-lawyers/repetitive-stress-injury/,0.37,2,Occupational Disease Lawyers in Georgia & South Carolina – Roden Law
/workers-compensation-lawyers/denied-workers-comp-claim/,workers-compensation-lawyers,keep; template fix,,4112,1,2033,49.0,0,1361,56.3,0,452,58.3,2264,966,0.14,0.56,/workers-compensation-lawyers/warehouse-distribution-injury/,0.37,0,Denied Workers’ Comp Claim Lawyers in Georgia & South Carolina – Roden Law
/workers-compensation-lawyers/third-party-workplace-injury/,workers-compensation-lawyers,keep; template fix,,4113,2,580,11.7,0,143,17.8,0,38,15.8,2312,950,0.14,0.56,/workers-compensation-lawyers/warehouse-distribution-injury/,0.37,4,Third-Party Workplace Injury Lawyers in Georgia & South Carolina – Roden Law
/workers-compensation-lawyers/fatal-workplace-accident/,workers-compensation-lawyers,retire to pillar (draft),/practice-areas/workers-compensation-lawyers/,4114,0,1340,37.9,0,914,37.5,0,416,40.5,2429,1089,0.14,0.53,/workers-compensation-lawyers/third-party-workplace-injury/,0.35,0,Fatal Workplace Accident Lawyers in Georgia & South Carolina – Roden Law
/dog-bite-lawyers/severe-dog-bite-injury/,dog-bite-lawyers,keep; template fix,,4115,1,676,27.0,1,69,17.9,0,4,18.8,2065,937,0.36,0.52,/dog-bite-lawyers/loose-unleashed-dog-attack/,0.44,3,Severe Dog Bite Injury Lawyers in Georgia & South Carolina – Roden Law
/dog-bite-lawyers/child-dog-bite/,dog-bite-lawyers,keep; template fix,,4116,3,2300,25.9,1,136,17.7,1,17,18.1,2120,1016,0.35,0.5,/dog-bite-lawyers/postal-delivery-worker-bite/,0.42,1,Child Dog Bite Lawyers in Georgia & South Carolina – Roden Law
/dog-bite-lawyers/dog-attack-jogger-cyclist/,dog-bite-lawyers,keep; template fix,,4117,1,436,7.4,0,52,9.6,0,11,6.2,2131,1018,0.35,0.5,/dog-bite-lawyers/loose-unleashed-dog-attack/,0.42,0,Dog Attack on Jogger and Cyclist Lawyers in Georgia & South Carolina – Roden Law
/dog-bite-lawyers/loose-unleashed-dog-attack/,dog-bite-lawyers,keep; template fix,,4118,9,1235,10.9,7,573,11.0,3,146,10.4,2169,1025,0.34,0.5,/dog-bite-lawyers/dangerous-breed-attack/,0.41,2,Loose or Unleashed Dog Attack Lawyers in Georgia & South Carolina – Roden Law
/dog-bite-lawyers/dangerous-breed-attack/,dog-bite-lawyers,keep; template fix,,4119,2,750,19.9,0,158,24.3,0,13,17.5,2109,980,0.35,0.52,/dog-bite-lawyers/loose-unleashed-dog-attack/,0.42,0,Dangerous Breed Attack Lawyers in Georgia & South Carolina – Roden Law
/dog-bite-lawyers/dog-on-dog-attack/,dog-bite-lawyers,keep; template fix,,4120,40,4002,11.1,19,2196,10.8,4,524,9.5,2084,973,0.36,0.52,/dog-bite-lawyers/loose-unleashed-dog-attack/,0.43,0,Dog-on-Dog Attack Lawyers in Georgia & South Carolina – Roden Law
/dog-bite-lawyers/postal-delivery-worker-bite/,dog-bite-lawyers,keep; template fix,,4121,1,254,13.4,1,129,12.9,0,34,13.1,2180,1057,0.34,0.49,/dog-bite-lawyers/dangerous-breed-attack/,0.41,0,Postal and Delivery Worker Bite Lawyers in Georgia & South Carolina – Roden Law
/dog-bite-lawyers/landlord-liability-dog-attack/,dog-bite-lawyers,keep; template fix,,4122,12,1062,8.7,6,321,10.9,3,74,7.2,2169,1060,0.34,0.49,/dog-bite-lawyers/dog-on-dog-attack/,0.41,3,Landlord Liability for Dog Attack Lawyers in Georgia & South Carolina – Roden Law
/maritime-injury-lawyers/jones-act-seaman-claim/,maritime-injury-lawyers,retire to pillar (draft),/practice-areas/maritime-injury-lawyers/,4123,0,743,24.8,0,18,17.4,0,2,81.5,2119,976,0.36,0.51,/maritime-injury-lawyers/unseaworthiness-claim/,0.42,7,Jones Act Seaman Claim Lawyers in Georgia & South Carolina – Roden Law
/maritime-injury-lawyers/longshore-harbor-worker/,maritime-injury-lawyers,keep; template fix,,4124,6,7386,32.2,0,3964,33.6,0,1603,26.4,2149,1062,0.35,0.49,/maritime-injury-lawyers/offshore-platform-injury/,0.4,3,Longshore and Harbor Worker Lawyers in Georgia & South Carolina – Roden Law
/maritime-injury-lawyers/unseaworthiness-claim/,maritime-injury-lawyers,keep; template fix,,4125,2,543,9.4,0,13,8.7,0,2,10.0,2038,946,0.37,0.52,/maritime-injury-lawyers/jones-act-seaman-claim/,0.42,6,Unseaworthiness Claim Lawyers in Georgia & South Carolina – Roden Law
/maritime-injury-lawyers/maintenance-and-cure/,maritime-injury-lawyers,keep; template fix,,4126,3,1608,11.5,0,227,13.7,0,154,14.0,2142,1065,0.35,0.49,/maritime-injury-lawyers/unseaworthiness-claim/,0.4,6,Maintenance and Cure Lawyers in Georgia & South Carolina – Roden Law
/maritime-injury-lawyers/offshore-platform-injury/,maritime-injury-lawyers,keep; template fix,,4127,1,1587,13.4,0,58,21.1,0,12,18.4,2021,894,0.38,0.53,/maritime-injury-lawyers/longshore-harbor-worker/,0.44,0,Offshore and Platform Injury Lawyers in Georgia & South Carolina – Roden Law
/maritime-injury-lawyers/commercial-fishing-injury/,maritime-injury-lawyers,retire to pillar (draft),/practice-areas/maritime-injury-lawyers/,4128,0,974,22.0,0,346,22.4,0,91,23.4,2088,990,0.36,0.51,/maritime-injury-lawyers/tugboat-barge-accident/,0.42,1,Commercial Fishing Injury Lawyers in Georgia & South Carolina – Roden Law
/maritime-injury-lawyers/tugboat-barge-accident/,maritime-injury-lawyers,keep; template fix,,4129,1,1522,17.9,0,73,22.5,0,3,22.3,2066,956,0.36,0.51,/maritime-injury-lawyers/commercial-fishing-injury/,0.42,1,Tugboat and Barge Accident Lawyers in Georgia & South Carolina – Roden Law
/maritime-injury-lawyers/cruise-ship-injury/,maritime-injury-lawyers,keep; template fix,,4130,4,1706,15.9,2,514,15.8,0,143,18.2,2141,1042,0.35,0.5,/maritime-injury-lawyers/offshore-platform-injury/,0.41,1,Cruise Ship Injury Lawyers in Georgia & South Carolina – Roden Law
/product-liability-lawyers/defective-auto-parts/,product-liability-lawyers,retire to pillar (draft),/practice-areas/product-liability-lawyers/,4131,0,282,22.4,0,97,28.3,0,15,37.5,2120,914,0.36,0.53,/product-liability-lawyers/defective-medical-device/,0.44,1,Defective Auto Parts Lawyers in Georgia & South Carolina – Roden Law
/product-liability-lawyers/defective-medical-device/,product-liability-lawyers,keep; template fix,,4132,4,3206,32.1,1,1065,50.2,0,323,49.6,2131,958,0.35,0.52,/product-liability-lawyers/defective-auto-parts/,0.42,0,Defective Medical Device Lawyers in Georgia & South Carolina – Roden Law
/product-liability-lawyers/dangerous-pharmaceutical-drug/,product-liability-lawyers,keep; template fix,,4133,12,3436,17.4,8,1460,15.4,4,772,15.7,2111,954,0.36,0.52,/product-liability-lawyers/defective-medical-device/,0.43,0,Dangerous Pharmaceutical Drug Lawyers in Georgia & South Carolina – Roden Law
/product-liability-lawyers/defective-consumer-product/,product-liability-lawyers,keep; template fix,,4134,1,819,13.5,0,38,11.2,0,18,11.3,2065,860,0.37,0.55,/product-liability-lawyers/defective-home-appliance/,0.44,0,Defective Consumer Product Lawyers in Georgia & South Carolina – Roden Law
/product-liability-lawyers/defective-industrial-equipment/,product-liability-lawyers,keep; template fix,,4135,3,835,32.6,1,149,29.6,0,37,23.7,2074,913,0.37,0.54,/product-liability-lawyers/defective-home-appliance/,0.43,3,Defective Industrial Equipment Lawyers in Georgia & South Carolina – Roden Law
/product-liability-lawyers/defective-childrens-product/,product-liability-lawyers,retire to pillar (draft),/practice-areas/product-liability-lawyers/,4136,0,466,18.9,0,84,12.5,0,13,11.5,2118,970,0.36,0.52,/product-liability-lawyers/defective-consumer-product/,0.42,0,Defective Children’s Product Lawyers in Georgia & South Carolina – Roden Law
/product-liability-lawyers/food-contamination/,product-liability-lawyers,keep; template fix,,4137,5,594,16.8,4,339,23.7,3,247,27.6,2049,898,0.37,0.54,/product-liability-lawyers/defective-consumer-product/,0.43,0,Food Contamination Lawyers in Georgia & South Carolina – Roden Law
/product-liability-lawyers/defective-home-appliance/,product-liability-lawyers,keep; template fix,,4138,5,1032,11.3,2,482,11.2,1,367,11.5,2153,967,0.35,0.53,/product-liability-lawyers/defective-consumer-product/,0.42,0,Defective Home Appliance Lawyers in Georgia & South Carolina – Roden Law
/boating-accident-lawyers/jet-ski-personal-watercraft/,boating-accident-lawyers,retire to pillar (draft),/practice-areas/boating-accident-lawyers/,4139,0,906,36.6,0,305,44.2,0,255,48.4,1959,908,0.49,0.51,/boating-accident-lawyers/dock-marina-injury/,0.41,0,Jet Ski and Personal Watercraft Accident Lawyers in Georgia & South Carolina – Roden Law
/boating-accident-lawyers/speedboat-powerboat-collision/,boating-accident-lawyers,retire to pillar (draft),/practice-areas/boating-accident-lawyers/,4140,0,259,24.8,0,123,31.3,0,8,7.8,1811,813,0.52,0.53,/boating-accident-lawyers/sailboat-accident/,0.44,2,Speedboat and Powerboat Collision Lawyers in Georgia & South Carolina – Roden Law
/boating-accident-lawyers/pontoon-boat-accident/,boating-accident-lawyers,keep; template fix,,4141,5,619,22.7,3,120,4.7,0,3,13.0,1857,848,0.51,0.53,/boating-accident-lawyers/sailboat-accident/,0.43,0,Pontoon Boat Accident Lawyers in Georgia & South Carolina – Roden Law
/boating-accident-lawyers/sailboat-accident/,boating-accident-lawyers,retire to pillar (draft),/practice-areas/boating-accident-lawyers/,4142,0,88,22.0,0,11,16.6,0,1,3.0,1816,807,0.52,0.54,/boating-accident-lawyers/pontoon-boat-accident/,0.44,0,Sailboat Accident Lawyers in Georgia & South Carolina – Roden Law
/boating-accident-lawyers/kayak-canoe-accident/,boating-accident-lawyers,retire to pillar (draft),/practice-areas/boating-accident-lawyers/,4143,0,271,12.2,0,39,12.4,0,4,4.0,1871,866,0.51,0.52,/boating-accident-lawyers/jet-ski-personal-watercraft/,0.43,0,Kayak and Canoe Accident Lawyers in Georgia & South Carolina – Roden Law
/boating-accident-lawyers/boating-under-influence/,boating-accident-lawyers,keep; template fix,,4144,1,958,19.3,1,243,23.4,0,13,19.5,1953,962,0.48,0.49,/boating-accident-lawyers/pontoon-boat-accident/,0.41,3,Boating Under the Influence (BUI) Lawyers in Georgia & South Carolina – Roden Law
/boating-accident-lawyers/commercial-vessel-accident/,boating-accident-lawyers,retire to pillar (draft),/practice-areas/boating-accident-lawyers/,4145,0,166,18.8,0,12,16.2,0,3,9.0,1830,833,0.52,0.53,/boating-accident-lawyers/sailboat-accident/,0.44,1,Commercial Vessel Accident Lawyers in Georgia & South Carolina – Roden Law
/boating-accident-lawyers/dock-marina-injury/,boating-accident-lawyers,keep; template fix,,4146,3,934,15.8,2,569,14.6,0,138,15.2,1955,935,0.48,0.51,/boating-accident-lawyers/jet-ski-personal-watercraft/,0.41,0,Dock and Marina Injury Lawyers in Georgia & South Carolina – Roden Law
/burn-injury-lawyers/workplace-burn-injury/,burn-injury-lawyers,retire to pillar (draft),/practice-areas/burn-injury-lawyers/,4147,0,577,36.3,0,29,23.0,0,9,15.4,1897,874,0.4,0.53,/burn-injury-lawyers/chemical-burn-injury/,0.45,2,Workplace Burn Injury Lawyers in Georgia & South Carolina – Roden Law
/burn-injury-lawyers/house-apartment-fire-burn/,burn-injury-lawyers,keep; template fix,,4148,10,1103,15.8,6,473,20.8,3,196,26.6,1918,876,0.39,0.52,/burn-injury-lawyers/vehicle-fire-burn/,0.44,0,House Fire and Apartment Fire Burn Lawyers in Georgia & South Carolina – Roden Law
/burn-injury-lawyers/chemical-burn-injury/,burn-injury-lawyers,keep; template fix,,4149,2,4299,19.7,1,1691,18.6,0,412,17.1,1864,811,0.4,0.54,/burn-injury-lawyers/electrical-burn-injury/,0.46,2,Chemical Burn Injury Lawyers in Georgia & South Carolina – Roden Law
/burn-injury-lawyers/electrical-burn-injury/,burn-injury-lawyers,keep; template fix,,4150,2,1947,22.9,1,490,20.7,0,151,19.6,1899,857,0.4,0.53,/burn-injury-lawyers/chemical-burn-injury/,0.45,3,Electrical Burn Injury Lawyers in Georgia & South Carolina – Roden Law
/burn-injury-lawyers/explosion-gas-line-burn/,burn-injury-lawyers,keep; template fix,,4151,2,1679,23.3,2,445,24.4,1,177,25.3,1931,887,0.39,0.53,/burn-injury-lawyers/scalding-hot-liquid-burn/,0.44,2,Explosion and Gas Line Burn Lawyers in Georgia & South Carolina – Roden Law
/burn-injury-lawyers/scalding-hot-liquid-burn/,burn-injury-lawyers,keep; template fix,,4152,3,892,10.7,0,62,14.0,0,11,5.3,1908,854,0.39,0.53,/burn-injury-lawyers/explosion-gas-line-burn/,0.45,1,Scalding and Hot Liquid Burn Lawyers in Georgia & South Carolina – Roden Law
/burn-injury-lawyers/vehicle-fire-burn/,burn-injury-lawyers,keep; template fix,,4153,3,1022,12.6,2,365,13.1,0,55,10.0,1885,826,0.4,0.54,/burn-injury-lawyers/explosion-gas-line-burn/,0.45,1,Vehicle Fire Burn Lawyers in Georgia & South Carolina – Roden Law
/burn-injury-lawyers/defective-product-burn/,burn-injury-lawyers,retire to pillar (draft),/practice-areas/burn-injury-lawyers/,4154,0,120,16.8,0,30,10.3,0,18,7.8,1937,907,0.39,0.52,/burn-injury-lawyers/house-apartment-fire-burn/,0.44,6,Defective Product Burn Lawyers in Georgia & South Carolina – Roden Law
/construction-accident-lawyers/scaffold-ladder-fall/,construction-accident-lawyers,keep; template fix,,4155,1,1390,24.8,0,593,30.2,0,244,28.6,1965,805,0.39,0.56,/construction-accident-lawyers/falling-object-injury/,0.45,3,Scaffold and Ladder Fall Lawyers in Georgia & South Carolina – Roden Law
/construction-accident-lawyers/crane-heavy-equipment-accident/,construction-accident-lawyers,retire to pillar (draft),/practice-areas/construction-accident-lawyers/,4156,0,568,22.7,0,95,18.7,0,10,28.5,1907,770,0.4,0.57,/construction-accident-lawyers/scaffold-ladder-fall/,0.46,3,Crane and Heavy Equipment Accident Lawyers in Georgia & South Carolina – Roden Law
/construction-accident-lawyers/electrocution-construction-site/,construction-accident-lawyers,keep; template fix,,4157,2,2083,9.1,0,191,16.1,0,45,16.9,1945,844,0.39,0.55,/construction-accident-lawyers/scaffold-ladder-fall/,0.45,4,Electrocution on Construction Site Lawyers in Georgia & South Carolina – Roden Law
/construction-accident-lawyers/trench-collapse/,construction-accident-lawyers,keep; template fix,,4158,1,1618,13.3,0,394,16.1,0,196,18.0,1966,839,0.39,0.55,/construction-accident-lawyers/falling-object-injury/,0.45,0,Trench Collapse Lawyers in Georgia & South Carolina – Roden Law
/construction-accident-lawyers/falling-object-injury/,construction-accident-lawyers,retire to pillar (draft),/practice-areas/construction-accident-lawyers/,4159,0,2217,17.2,0,799,16.6,0,59,23.4,1945,793,0.39,0.57,/construction-accident-lawyers/roofing-accident/,0.45,2,Falling Object Injury Lawyers in Georgia & South Carolina – Roden Law
/construction-accident-lawyers/defective-construction-equipment/,construction-accident-lawyers,keep; template fix,,4160,2,1260,11.8,0,168,12.0,0,9,3.6,1975,912,0.38,0.53,/construction-accident-lawyers/trench-collapse/,0.44,5,Defective Construction Equipment Lawyers in Georgia & South Carolina – Roden Law
/construction-accident-lawyers/roofing-accident/,construction-accident-lawyers,retire to pillar (draft),/practice-areas/construction-accident-lawyers/,4161,0,602,27.9,0,18,7.4,0,2,7.5,1949,797,0.39,0.57,/construction-accident-lawyers/falling-object-injury/,0.46,1,Roofing Accident Lawyers in Georgia & South Carolina – Roden Law
/construction-accident-lawyers/highway-road-construction-accident/,construction-accident-lawyers,keep; template fix,,4162,1,534,13.6,0,43,10.1,0,3,6.3,1972,835,0.39,0.55,/construction-accident-lawyers/scaffold-ladder-fall/,0.45,0,Highway and Road Construction Accident Lawyers in Georgia & South Carolina – Roden Law
/nursing-home-abuse-lawyers/physical-abuse-nursing-home/,nursing-home-abuse-lawyers,keep; template fix,,4163,1,350,19.1,1,9,24.0,0,1,10.0,2211,990,0.34,0.53,/nursing-home-abuse-lawyers/wrongful-death-nursing-home/,0.45,4,Physical Abuse in Nursing Homes Lawyers in Georgia & South Carolina – Roden Law
/nursing-home-abuse-lawyers/nursing-home-neglect/,nursing-home-abuse-lawyers,keep; template fix,,4164,1,2936,25.3,0,1313,24.2,0,492,23.5,2134,938,0.35,0.55,/nursing-home-abuse-lawyers/medication-error-nursing-home/,0.46,2,Nursing Home Neglect Lawyers in Georgia & South Carolina – Roden Law
/nursing-home-abuse-lawyers/medication-error-nursing-home/,nursing-home-abuse-lawyers,keep; template fix,,4165,2,1489,17.3,0,415,16.7,0,147,13.1,2097,909,0.36,0.56,/nursing-home-abuse-lawyers/nursing-home-neglect/,0.47,2,Medication Error Nursing Home Lawyers in Georgia & South Carolina – Roden Law
/nursing-home-abuse-lawyers/sexual-abuse-elderly/,nursing-home-abuse-lawyers,keep; template fix,,4166,1,737,18.4,0,29,20.7,0,7,26.3,2131,945,0.35,0.55,/nursing-home-abuse-lawyers/physical-abuse-nursing-home/,0.46,1,Sexual Abuse of Elderly Residents Lawyers in Georgia & South Carolina – Roden Law
/nursing-home-abuse-lawyers/financial-exploitation-seniors/,nursing-home-abuse-lawyers,keep; template fix,,4167,33,3337,10.5,13,1524,12.5,5,499,13.7,2059,869,0.36,0.56,/nursing-home-abuse-lawyers/sexual-abuse-elderly/,0.48,1,Financial Exploitation of Seniors Lawyers in Georgia & South Carolina – Roden Law
/nursing-home-abuse-lawyers/assisted-living-abuse/,nursing-home-abuse-lawyers,keep; template fix,,4168,7,987,16.9,3,244,29.2,1,178,32.5,2089,909,0.36,0.55,/nursing-home-abuse-lawyers/nursing-home-neglect/,0.48,0,Assisted Living Facility Abuse Lawyers in Georgia & South Carolina – Roden Law
/nursing-home-abuse-lawyers/wrongful-death-nursing-home/,nursing-home-abuse-lawyers,keep; template fix,,4169,1,817,33.1,0,342,34.2,0,334,34.5,2184,958,0.35,0.54,/nursing-home-abuse-lawyers/physical-abuse-nursing-home/,0.46,4,Wrongful Death in Nursing Homes Lawyers in Georgia & South Carolina – Roden Law
/nursing-home-abuse-lawyers/bedsore-pressure-ulcer/,nursing-home-abuse-lawyers,keep; template fix,,4170,2,1819,34.1,0,393,50.7,0,172,53.8,2186,1014,0.34,0.53,/nursing-home-abuse-lawyers/nursing-home-neglect/,0.45,2,Bedsore and Pressure Ulcer Lawyers in Georgia & South Carolina – Roden Law
/bicycle-accident-lawyers/dooring-accident/,bicycle-accident-lawyers,keep; template fix,,4171,2,413,16.2,2,197,14.3,1,100,18.0,1972,921,0.49,0.5,/bicycle-accident-lawyers/drunk-driver-bicycle-accident/,0.42,0,Dooring Accident Lawyers in Georgia & South Carolina – Roden Law
/bicycle-accident-lawyers/right-hook-left-cross-collision/,bicycle-accident-lawyers,keep; template fix,,4172,1,3947,6.8,0,617,8.5,0,39,10.8,2092,1033,0.45,0.47,/bicycle-accident-lawyers/intersection-bicycle-accident/,0.39,2,Right-Hook and Left-Cross Collision Lawyers in Georgia & South Carolina – Roden Law
/bicycle-accident-lawyers/intersection-bicycle-accident/,bicycle-accident-lawyers,keep; template fix,,4173,1,1171,10.8,0,270,12.5,0,60,12.1,1954,909,0.48,0.5,/bicycle-accident-lawyers/distracted-driver-bicycle-accident/,0.41,1,Intersection Bicycle Accident Lawyers in Georgia & South Carolina – Roden Law
/bicycle-accident-lawyers/hit-and-run-bicycle-accident/,bicycle-accident-lawyers,retire to pillar (draft),/practice-areas/bicycle-accident-lawyers/,4174,0,291,19.2,0,4,10.2,0,4,10.2,2005,973,0.48,0.49,/bicycle-accident-lawyers/drunk-driver-bicycle-accident/,0.41,0,Hit and Run Bicycle Accident Lawyers in Georgia & South Carolina – Roden Law
/bicycle-accident-lawyers/road-hazard-bicycle-crash/,bicycle-accident-lawyers,retire to pillar (draft),/practice-areas/bicycle-accident-lawyers/,4175,0,150,14.6,0,13,10.1,0,6,5.7,1974,963,0.48,0.5,/bicycle-accident-lawyers/intersection-bicycle-accident/,0.4,0,Road Hazard Bicycle Crash Lawyers in Georgia & South Carolina – Roden Law
/bicycle-accident-lawyers/distracted-driver-bicycle-accident/,bicycle-accident-lawyers,retire to pillar (draft),/practice-areas/bicycle-accident-lawyers/,4176,0,183,14.3,0,41,9.4,0,9,12.2,1965,923,0.48,0.52,/bicycle-accident-lawyers/drunk-driver-bicycle-accident/,0.41,2,Distracted Driver Bicycle Accident Lawyers in Georgia & South Carolina – Roden Law
/bicycle-accident-lawyers/drunk-driver-bicycle-accident/,bicycle-accident-lawyers,keep; template fix,,4177,2,659,11.2,0,260,9.2,0,30,5.9,2059,1007,0.46,0.49,/bicycle-accident-lawyers/distracted-driver-bicycle-accident/,0.39,1,Drunk Driver Bicycle Accident Lawyers in Georgia & South Carolina – Roden Law
/bicycle-accident-lawyers/bicycle-vs-truck-accident/,bicycle-accident-lawyers,keep; template fix,,4178,1,353,9.0,0,78,8.1,0,31,7.2,2040,1024,0.47,0.48,/bicycle-accident-lawyers/drunk-driver-bicycle-accident/,0.39,0,Bicycle vs. Truck Accident Lawyers in Georgia & South Carolina – Roden Law
/atv-side-by-side-accident-lawyers/atv-rollover-accident/,atv-side-by-side-accident-lawyers,keep; template fix,,4179,2,919,7.6,0,34,8.9,0,13,10.7,2073,1007,0.46,0.49,/atv-side-by-side-accident-lawyers/atv-road-collision/,0.39,2,ATV Rollover Accident Lawyers in Georgia & South Carolina – Roden Law
/atv-side-by-side-accident-lawyers/side-by-side-utv-accident/,atv-side-by-side-accident-lawyers,keep; template fix,,4180,6,4090,11.7,1,1121,11.1,1,804,11.1,2042,1021,0.46,0.48,/atv-side-by-side-accident-lawyers/atv-rollover-accident/,0.39,2,Side-by-Side (UTV) Accident Lawyers in Georgia & South Carolina – Roden Law
/atv-side-by-side-accident-lawyers/atv-product-defect/,atv-side-by-side-accident-lawyers,keep; template fix,,4181,3,353,22.4,3,112,22.7,3,54,22.9,2037,1029,0.46,0.48,/atv-side-by-side-accident-lawyers/atv-rollover-accident/,0.39,3,ATV Product Defect Lawyers in Georgia & South Carolina – Roden Law
/atv-side-by-side-accident-lawyers/child-atv-injury/,atv-side-by-side-accident-lawyers,keep; template fix,,4182,8,1792,18.1,2,923,20.1,0,304,21.6,2156,1143,0.44,0.45,/atv-side-by-side-accident-lawyers/atv-road-collision/,0.37,2,Child ATV Injury Lawyers in Georgia & South Carolina – Roden Law
/atv-side-by-side-accident-lawyers/atv-rental-tour-accident/,atv-side-by-side-accident-lawyers,keep; template fix,,4183,1,283,7.5,0,15,9.5,0,6,9.0,2065,1045,0.46,0.48,/atv-side-by-side-accident-lawyers/atv-rollover-accident/,0.39,1,ATV Rental and Tour Accident Lawyers in Georgia & South Carolina – Roden Law
/atv-side-by-side-accident-lawyers/atv-road-collision/,atv-side-by-side-accident-lawyers,keep; template fix,,4184,1,196,13.9,0,37,10.6,0,4,6.8,2182,1123,0.43,0.46,/atv-side-by-side-accident-lawyers/atv-rollover-accident/,0.37,1,ATV Road Collision Lawyers in Georgia & South Carolina – Roden Law
/golf-cart-accident-lawyers/golf-cart-rollover/,golf-cart-accident-lawyers,retire to pillar (draft),/practice-areas/golf-cart-accident-lawyers/,4185,0,404,18.5,0,9,10.8,0,1,2.0,2155,1077,0.44,0.46,/golf-cart-accident-lawyers/golf-cart-pedestrian-accident/,0.37,2,Golf Cart Rollover Accident Lawyers in Georgia & South Carolina – Roden Law
/golf-cart-accident-lawyers/golf-cart-vehicle-collision/,golf-cart-accident-lawyers,keep; template fix,,4186,6,1797,15.6,1,420,15.5,1,191,21.5,2164,1101,0.44,0.47,/golf-cart-accident-lawyers/golf-cart-pedestrian-accident/,0.37,2,Golf Cart vs. Vehicle Collision Lawyers in Georgia & South Carolina – Roden Law
/golf-cart-accident-lawyers/golf-cart-passenger-ejection/,golf-cart-accident-lawyers,keep; template fix,,4187,6,1407,17.6,2,503,12.3,1,254,13.4,2093,1059,0.45,0.48,/golf-cart-accident-lawyers/golf-cart-rollover/,0.37,1,Golf Cart Passenger Ejection Lawyers in Georgia & South Carolina – Roden Law
/golf-cart-accident-lawyers/golf-course-cart-accident/,golf-cart-accident-lawyers,keep; template fix,,4188,12,1918,41.3,3,978,60.1,2,690,66.9,2133,1071,0.45,0.47,/golf-cart-accident-lawyers/golf-cart-pedestrian-accident/,0.38,2,Golf Course Cart Accident Lawyers in Georgia & South Carolina – Roden Law
/golf-cart-accident-lawyers/golf-cart-dui/,golf-cart-accident-lawyers,keep; template fix,,4189,3,3353,20.5,1,1119,23.5,1,230,24.3,2324,1312,0.4,0.42,/golf-cart-accident-lawyers/golf-cart-rollover/,0.34,3,Golf Cart DUI Accident Lawyers in Georgia & South Carolina – Roden Law
/golf-cart-accident-lawyers/golf-cart-pedestrian-accident/,golf-cart-accident-lawyers,keep; template fix,,4190,1,663,20.0,0,255,18.1,0,137,20.1,2108,1034,0.45,0.48,/golf-cart-accident-lawyers/golf-cart-vehicle-collision/,0.38,0,Golf Cart Pedestrian Accident Lawyers in Georgia & South Carolina – Roden Law
/medical-malpractice-lawyers/surgical-error/,medical-malpractice-lawyers,keep; template fix,,4192,1,549,64.9,0,26,24.3,0,12,37.2,2108,918,0.35,0.54,/medical-malpractice-lawyers/anesthesia-error/,0.46,3,Surgical Error Lawyers in Georgia & South Carolina – Roden Law
/medical-malpractice-lawyers/misdiagnosis-delayed-diagnosis/,medical-malpractice-lawyers,keep; template fix,,4193,3,6314,18.0,1,1098,39.2,1,197,42.0,2141,955,0.35,0.53,/medical-malpractice-lawyers/surgical-error/,0.45,2,Misdiagnosis and Delayed Diagnosis Lawyers in Georgia & South Carolina – Roden Law
/medical-malpractice-lawyers/medication-error/,medical-malpractice-lawyers,keep; template fix,,4194,1,3590,50.8,0,2019,62.4,0,717,59.7,1990,782,0.37,0.59,/medical-malpractice-lawyers/hospital-acquired-infection/,0.48,2,Medication Error Lawyers in Georgia & South Carolina – Roden Law
/medical-malpractice-lawyers/birth-injury/,medical-malpractice-lawyers,keep; template fix,,4195,4,660,32.0,0,86,4.1,0,8,6.0,2058,876,0.37,0.55,/medical-malpractice-lawyers/misdiagnosis-delayed-diagnosis/,0.47,2,Birth Injury Lawyers in Georgia & South Carolina – Roden Law
/medical-malpractice-lawyers/anesthesia-error/,medical-malpractice-lawyers,keep; template fix,,4196,1,4765,40.4,0,2107,55.3,0,645,65.1,2037,777,0.37,0.59,/medical-malpractice-lawyers/emergency-room-negligence/,0.48,3,Anesthesia Error Lawyers in Georgia & South Carolina – Roden Law
/medical-malpractice-lawyers/emergency-room-negligence/,medical-malpractice-lawyers,keep; template fix,,4197,2,1625,28.0,0,63,20.7,0,18,18.3,2108,872,0.36,0.57,/medical-malpractice-lawyers/anesthesia-error/,0.46,3,Emergency Room Negligence Lawyers in Georgia & South Carolina – Roden Law
/medical-malpractice-lawyers/hospital-acquired-infection/,medical-malpractice-lawyers,keep; template fix,,4198,1,542,55.9,0,214,67.1,0,63,69.6,2034,829,0.37,0.57,/medical-malpractice-lawyers/medication-error/,0.47,1,Hospital-Acquired Infection Lawyers in Georgia & South Carolina – Roden Law
/medical-malpractice-lawyers/informed-consent-failure/,medical-malpractice-lawyers,keep; template fix,,4199,2,1195,12.8,1,475,17.5,1,202,17.7,2173,973,0.35,0.53,/medical-malpractice-lawyers/anesthesia-error/,0.44,0,Failure to Obtain Informed Consent Lawyers in Georgia & South Carolina – Roden Law
/brain-injury-lawyers/concussion-mild-tbi/,brain-injury-lawyers,keep; template fix,,4200,1,292,36.3,0,29,20.3,0,4,9.0,2104,1034,0.36,0.49,/brain-injury-lawyers/closed-head-injury/,0.42,4,Concussion and Mild TBI Lawyers in Georgia & South Carolina – Roden Law
/brain-injury-lawyers/severe-traumatic-brain-injury/,brain-injury-lawyers,retire to pillar (draft),/practice-areas/brain-injury-lawyers/,4201,0,437,41.8,0,37,19.9,0,9,27.4,2095,998,0.36,0.5,/brain-injury-lawyers/penetrating-brain-injury/,0.42,2,Severe Traumatic Brain Injury Lawyers in Georgia & South Carolina – Roden Law
/brain-injury-lawyers/closed-head-injury/,brain-injury-lawyers,keep; template fix,,4202,1,205,28.1,1,37,32.4,1,8,22.5,2193,1095,0.34,0.47,/brain-injury-lawyers/concussion-mild-tbi/,0.4,2,Closed Head Injury Lawyers in Georgia & South Carolina – Roden Law
/brain-injury-lawyers/penetrating-brain-injury/,brain-injury-lawyers,retire to pillar (draft),/practice-areas/brain-injury-lawyers/,4203,0,254,19.3,0,40,12.8,0,6,16.5,2047,934,0.37,0.52,/brain-injury-lawyers/severe-traumatic-brain-injury/,0.43,1,Penetrating Brain Injury Lawyers in Georgia & South Carolina – Roden Law
/brain-injury-lawyers/anoxic-hypoxic-brain-injury/,brain-injury-lawyers,retire to pillar (draft),/practice-areas/brain-injury-lawyers/,4204,0,1190,16.2,0,69,18.1,0,28,13.5,2170,1081,0.35,0.48,/brain-injury-lawyers/birth-related-brain-injury/,0.41,2,Anoxic and Hypoxic Brain Injury Lawyers in Georgia & South Carolina – Roden Law
/brain-injury-lawyers/sports-related-brain-injury/,brain-injury-lawyers,keep; template fix,,4205,1,655,20.3,0,73,20.9,0,18,24.9,2046,913,0.37,0.52,/brain-injury-lawyers/second-impact-syndrome/,0.43,2,Sports-Related Brain Injury Lawyers in Georgia & South Carolina – Roden Law
/brain-injury-lawyers/birth-related-brain-injury/,brain-injury-lawyers,retire to pillar (draft),/practice-areas/brain-injury-lawyers/,4206,0,493,16.7,0,99,7.7,0,13,14.3,2183,1104,0.34,0.47,/brain-injury-lawyers/anoxic-hypoxic-brain-injury/,0.4,1,Birth-Related Brain Injury Lawyers in Georgia & South Carolina – Roden Law
/brain-injury-lawyers/second-impact-syndrome/,brain-injury-lawyers,keep; template fix,,4207,2,942,13.6,0,352,17.1,0,156,17.0,2106,998,0.36,0.5,/brain-injury-lawyers/sports-related-brain-injury/,0.41,2,Second Impact Syndrome Lawyers in Georgia & South Carolina – Roden Law
/spinal-cord-injury-lawyers/complete-spinal-cord-injury/,spinal-cord-injury-lawyers,retire to pillar (draft),/practice-areas/spinal-cord-injury-lawyers/,4208,0,120,22.1,0,16,7.9,0,3,9.0,2152,1037,0.35,0.49,/spinal-cord-injury-lawyers/incomplete-spinal-cord-injury/,0.41,3,Complete Spinal Cord Injury Lawyers in Georgia & South Carolina – Roden Law
/spinal-cord-injury-lawyers/incomplete-spinal-cord-injury/,spinal-cord-injury-lawyers,retire to pillar (draft),/practice-areas/spinal-cord-injury-lawyers/,4209,0,293,31.5,0,42,24.5,0,3,8.3,2032,936,0.38,0.52,/spinal-cord-injury-lawyers/complete-spinal-cord-injury/,0.43,3,Incomplete Spinal Cord Injury Lawyers in Georgia & South Carolina – Roden Law
/spinal-cord-injury-lawyers/paraplegia/,spinal-cord-injury-lawyers,keep; template fix,,4210,1,607,32.3,1,195,40.1,0,68,47.5,1908,815,0.4,0.55,/spinal-cord-injury-lawyers/tetraplegia-quadriplegia/,0.45,4,Paraplegia Lawyers in Georgia & South Carolina – Roden Law
/spinal-cord-injury-lawyers/tetraplegia-quadriplegia/,spinal-cord-injury-lawyers,retire to pillar (draft),/practice-areas/spinal-cord-injury-lawyers/,4211,0,1969,16.1,0,124,36.2,0,88,37.4,2002,900,0.37,0.53,/spinal-cord-injury-lawyers/spinal-fracture/,0.43,4,Tetraplegia / Quadriplegia Lawyers in Georgia & South Carolina – Roden Law
/spinal-cord-injury-lawyers/herniated-ruptured-disc/,spinal-cord-injury-lawyers,retire to pillar (draft),/practice-areas/spinal-cord-injury-lawyers/,4212,0,869,18.2,0,62,24.9,0,20,19.2,2065,983,0.37,0.51,/spinal-cord-injury-lawyers/spinal-fracture/,0.42,3,Herniated and Ruptured Disc Lawyers in Georgia & South Carolina – Roden Law
/spinal-cord-injury-lawyers/spinal-fracture/,spinal-cord-injury-lawyers,keep; template fix,,4213,1,340,11.7,0,89,12.9,0,15,12.5,1995,889,0.38,0.53,/spinal-cord-injury-lawyers/tetraplegia-quadriplegia/,0.43,3,Spinal Fracture Lawyers in Georgia & South Carolina – Roden Law
/spinal-cord-injury-lawyers/cauda-equina-syndrome/,spinal-cord-injury-lawyers,keep; template fix,,4214,7,6011,23.0,2,2308,20.8,1,339,19.9,1969,896,0.39,0.53,/spinal-cord-injury-lawyers/tetraplegia-quadriplegia/,0.44,2,Cauda Equina Syndrome Lawyers in Georgia & South Carolina – Roden Law
/spinal-cord-injury-lawyers/spinal-cord-injury-car-accident/,spinal-cord-injury-lawyers,keep; template fix,,4215,1,436,17.9,1,23,13.3,0,2,7.5,2008,934,0.37,0.51,/spinal-cord-injury-lawyers/spinal-fracture/,0.43,0,Spinal Cord Injuries in Car Accidents in Georgia & South Carolina – Roden Law
/premises-liability-lawyers/retail-store-shopping-center-injury/,premises-liability-lawyers,keep; template fix,,4216,1,755,31.0,1,93,40.6,0,32,65.2,2059,977,0.37,0.5,/premises-liability-lawyers/restaurant-hotel-injury/,0.41,1,Retail Store and Shopping Center Injury Lawyers in Georgia & South Carolina – Roden Law
/premises-liability-lawyers/restaurant-hotel-injury/,premises-liability-lawyers,retire to pillar (draft),/practice-areas/premises-liability-lawyers/,4217,0,615,12.3,0,49,10.3,0,17,7.9,1960,899,0.38,0.53,/premises-liability-lawyers/retail-store-shopping-center-injury/,0.43,0,Restaurant and Hotel Injury Lawyers in Georgia & South Carolina – Roden Law
/premises-liability-lawyers/apartment-complex-injury/,premises-liability-lawyers,retire to pillar (draft),/practice-areas/premises-liability-lawyers/,4218,0,555,13.7,0,85,12.7,0,24,9.7,2019,971,0.37,0.5,/premises-liability-lawyers/elevator-escalator-accident/,0.42,1,Apartment Complex Injury Lawyers in Georgia & South Carolina – Roden Law
/premises-liability-lawyers/parking-lot-garage-accident/,premises-liability-lawyers,keep; template fix,,4219,2,1367,21.5,1,385,31.3,0,74,37.4,1925,862,0.39,0.54,/premises-liability-lawyers/retail-store-shopping-center-injury/,0.44,2,Parking Lot and Garage Accident Lawyers in Georgia & South Carolina – Roden Law
/premises-liability-lawyers/swimming-pool-accident/,premises-liability-lawyers,keep; template fix,,4220,2,3725,25.1,0,1123,22.7,0,319,20.2,1978,909,0.38,0.52,/premises-liability-lawyers/amusement-park-recreational-injury/,0.43,2,Swimming Pool Accident Lawyers in Georgia & South Carolina – Roden Law
/premises-liability-lawyers/inadequate-security/,premises-liability-lawyers,keep; template fix,,4221,2,2709,13.9,0,1294,14.9,0,1013,13.1,1983,930,0.38,0.52,/premises-liability-lawyers/retail-store-shopping-center-injury/,0.42,2,Inadequate Security Lawyers in Georgia & South Carolina – Roden Law
/premises-liability-lawyers/elevator-escalator-accident/,premises-liability-lawyers,keep; template fix,,4222,10,3076,22.1,5,828,23.0,0,176,35.7,2008,941,0.38,0.51,/premises-liability-lawyers/amusement-park-recreational-injury/,0.42,2,Elevator and Escalator Accident Lawyers in Georgia & South Carolina – Roden Law
/premises-liability-lawyers/amusement-park-recreational-injury/,premises-liability-lawyers,keep; template fix,,4223,3,1253,12.7,0,100,17.8,0,70,18.2,2015,936,0.37,0.51,/premises-liability-lawyers/restaurant-hotel-injury/,0.42,0,Amusement Park and Recreational Injury Lawyers in Georgia & South Carolina – Roden Law
/electric-scooter-accident-lawyers/escooter-vehicle-collision/,electric-scooter-accident-lawyers,keep; template fix,,4224,7,6078,30.4,5,2586,31.6,2,939,28.7,2130,1118,0.44,0.46,/electric-scooter-accident-lawyers/escooter-pedestrian-accident/,0.37,1,E-Scooter vs. Vehicle Collision Lawyers in Georgia & South Carolina – Roden Law
/electric-scooter-accident-lawyers/scooter-malfunction-defect/,electric-scooter-accident-lawyers,keep; template fix,,4225,2,1190,15.3,0,497,13.8,0,158,12.6,2011,1024,0.47,0.48,/electric-scooter-accident-lawyers/escooter-intersection-crash/,0.39,1,Scooter Malfunction and Defect Lawyers in Georgia & South Carolina – Roden Law
/electric-scooter-accident-lawyers/road-hazard-escooter-crash/,electric-scooter-accident-lawyers,retire to pillar (draft),/practice-areas/electric-scooter-accident-lawyers/,4226,0,443,13.2,0,33,9.2,0,5,7.2,2103,1111,0.44,0.46,/electric-scooter-accident-lawyers/escooter-intersection-crash/,0.37,2,Road Hazard E-Scooter Crash Lawyers in Georgia & South Carolina – Roden Law
/electric-scooter-accident-lawyers/escooter-pedestrian-accident/,electric-scooter-accident-lawyers,keep; template fix,,4227,7,2940,22.8,1,1282,20.2,0,326,17.2,1994,982,0.47,0.49,/electric-scooter-accident-lawyers/escooter-intersection-crash/,0.4,1,E-Scooter Pedestrian Accident Lawyers in Georgia & South Carolina – Roden Law
/electric-scooter-accident-lawyers/ride-share-scooter-accident/,electric-scooter-accident-lawyers,keep; template fix,,4228,1,1239,21.7,1,47,20.5,0,6,5.2,2020,1039,0.47,0.47,/electric-scooter-accident-lawyers/escooter-pedestrian-accident/,0.39,1,"Ride-Share Scooter (Lime, Bird) Accident Lawyers in Georgia & South Carolina – Roden Law"
/electric-scooter-accident-lawyers/escooter-intersection-crash/,electric-scooter-accident-lawyers,keep; template fix,,4229,2,955,23.0,1,133,12.0,0,38,9.2,2253,1235,0.41,0.43,/electric-scooter-accident-lawyers/escooter-pedestrian-accident/,0.35,2,E-Scooter Intersection Crash Lawyers in Georgia & South Carolina – Roden Law
/car-accident-lawyers/uber-lyft-accident/,car-accident-lawyers,retire to pillar (draft),/practice-areas/car-accident-lawyers/,4625,0,945,30.4,0,8,17.5,0,4,3.8,1911,1127,0.39,0.4,/car-accident-lawyers/rideshare-uber-accident/,0.33,0,Uber & Lyft Accident Lawyers in South Carolina – Roden Law
/truck-accident-lawyers/port-freight-truck-accident/,truck-accident-lawyers,keep; template fix,,4627,1,243,27.9,1,12,24.6,0,4,26.5,1777,887,0.42,0.49,/truck-accident-lawyers/cement-truck-accident/,0.36,0,Port & Freight Truck Accident Lawyers in South Carolina – Roden Law
/truck-accident-lawyers/cement-truck-accident/,truck-accident-lawyers,retire to pillar (draft),/practice-areas/truck-accident-lawyers/,4628,0,1035,19.3,0,45,13.3,0,7,17.6,1815,930,0.41,0.48,/truck-accident-lawyers/port-freight-truck-accident/,0.35,0,Cement & Construction Truck Accident Lawyers in South Carolina – Roden Law
/workers-compensation-lawyers/port-worker-injury/,workers-compensation-lawyers,retire to pillar (draft),/practice-areas/workers-compensation-lawyers/,4631,0,465,34.9,0,113,41.4,0,53,36.3,2070,937,0.14,0.52,/workers-compensation-lawyers/construction-worker-injury/,0.36,0,Port Worker Injury Lawyers in South Carolina – Roden Law
/construction-accident-lawyers/highway-construction-zone/,construction-accident-lawyers,keep; template fix,,4635,1,740,23.7,0,305,29.5,0,77,34.5,1638,763,0.34,0.52,/construction-accident-lawyers/falling-object-injury/,0.43,0,Highway Construction Zone Injury Lawyers in South Carolina – Roden Law
/slip-and-fall-lawyers/retail-shopping-center-fall/,slip-and-fall-lawyers,keep; template fix,,4638,1,310,14.5,0,44,24.1,0,7,17.3,1722,840,0.32,0.49,/slip-and-fall-lawyers/restaurant-slip-and-fall/,0.41,0,Retail & Shopping Center Slip and Fall Lawyers in South Carolina – Roden Law
